37.2279709,E,4,10,1.3,494.1713,M,47.5362,M,1.6,2973*4F
$GPGST,105949.60,0.103,0.014,0.011,326.509,0.013,0.012,0.027*59
$GPRMC,105949.70,A,4811.7826286,N,01137.2283491,E,11.5,53.5,221220,3.6,W,D*2F
$GPGGA,105949.70,4811.7826286,N,01137.2283491,E,4,10,1.3,494.1880,M,47.5362,M,1.7,2973*4B
$GPGST,105949.70,0.103,0.015,0.011,329.498,0.014,0.012,0.028*57
$GPRMC,105949.80,A,4811.7828313,N,01137.2287206,E,11.7,52.4,221220,3.6,W,D*2D
$GPGGA,105949.80,4811.7828313,N,01137.2287206,E,4,10,1.3,494.1854,M,47.5362,M,1.8,2973*4D
$GPGST,105949.80,0.103,0.015,0.011,333.188,0.014,0.012,0.029*56
$GPRMC,105949.90,A,4811.7830324,N,01137.2291141,E,12.1,51.0,221220,3.6,W,D*24
$GPGGA,105949.90,4811.7830324,N,01137.2291141,E,4,10,1.3,494.1559,M,47.5362,M,1.9,2973*47
$GPGST,105949.90,0.103,0.015,0.011,339.075,0.015,0.012,0.030*57
$GPRMC,105950.00,A,4811.7832507,N,01137.2294990,E,12.2,51.6,221220,3.6,W,D*24
$GPGGA,105950.00,4811.7832507,N,01137.2294990,E,4,10,1.3,494.2317,M,47.5362,M,2.0,2973*47
$GPGST,105950.00,0.103,0.016,0.011,346.959,0.016,0.012,0.032*5B
$GPRMC,105950.10,A,4811.7834316,N,01137.2298914,E,11.9,52.5,221220,3.6,W,D*2D
$GPGGA,105950.10,4811.7834316,N,01137.2298914,E,4,09,1.7,494.1660,M,47.5362,M,1.1,2973*4E
$GPGST,105950.10,0.177,0.016,0.011,348.787,0.016,0.012,0.031*59
$GPRMC,105950.20,A,4811.7836209,N,01137.2302829,E,12.0,51.8,221220,3.6,W,D*2A
$GPGGA,105950.20,4811.7836209,N,01137.2302829,E,4,08,3.3,494.1354,M,47.5362,M,1.2,2973*4B
$GPGST,105950.20,0.177,0.017,0.011,353.018,0.017,0.012,0.033*53
$GPRMC,105950.30,A,4811.7838315,N,01137.2306714,E,12.1,50.6,221220,3.6,W,D*22
$GPGGA,105950.30,4811.7838315,N,01137.2306714,E,4,08,3.3,494.1199,M,47.5362,M,1.3,2973*4F
$GPGST,105950.30,0.177,0.018,0.012,354.669,0.017,0.012,0.033*59
$GPRMC,105950.40,A,4811.7840278,N,01137.2310544,E,12.0,49.9,221220,3.6,W,D*26
$GPGGA,105950.40,4811.7840278,N,01137.2310544,E,4,08,3.3,494.0728,M,47.5362,M,1.4,2973*47
$GPGST,105950.40,0.177,0.018,0.012,357.121,0.018,0.012,0.034*5E
$GPRMC,105950.50,A,4811.7842251,N,01137.2314364,E,11.7,50.7,221220,3.6,W,D*2C
$GPGGA,105950.50,4811.7842251,N,01137.2314364,E,4,08,3.3,494.0667,M,47.5362,M,1.5,2973*44
$GPGST,105950.50,0.177,0.018,0.012,359.645,0.018,0.012,0.034*54
$GPRMC,105950.60,A,4811.7844484,N,01137.2318021,E,11.6,49.6,221220,3.6,W,D*21
$GPGGA,105950.60,4811.7844484,N,01137.2318021,E,4,10,1.3,494.1039,M,47.5361,M,0.6,2973*47
$GPGST,105950.60,0.205,0.016,0.012,3.110,0.016,0.012,0.032*5C
$GPRMC,105950.70,A,4811.7846613,N,01137.2321688,E,11.5,48.4,221220,3.6,W,D*21
$GPGGA,105950.70,4811.7846613,N,01137.2321688,E,4,10,1.3,494.1181,M,47.5361,M,0.7,2973*44
$GPGST,105950.70,0.205,0.017,0.012,5.945,0.017,0.012,0.033*52
$GPRMC,105950.80,A,4811.7848750,N,01137.2325198,E,11.4,48.8,221220,3.6,W,D*29
$GPGGA,105950.80,4811.7848750,N,01137.2325198,E,4,10,1.3,494.1221,M,47.5361,M,0.8,2973*47
$GPGST,105950.80,0.205,0.017,0.012,6.555,0.017,0.012,0.033*53
$GPRMC,105950.90,A,4811.7850958,N,01137.2328675,E,11.4,46.2,221220,3.6,W,D*2A
$GPGGA,105950.90,4811.7850958,N,01137.2328675,E,4,09,1.7,494.1433,M,47.5361,M,0.9,2973*48
$GPGST,105950.90,0.205,0.017,0.012,5.733,0.017,0.012,0.033*53
$GPRMC,105951.00,A,4811.7853196,N,01137.2332108,E,11.3,46.2,221220,3.6,W,D*2A
$GPGGA,105951.00,4811.7853196,N,01137.2332108,E,4,09,1.7,494.1629,M,47.5361,M,1.0,2973*4E
$GPGST,105951.00,0.205,0.015,0.012,1.637,0.015,0.012,0.031*58
$GPRMC,105951.10,A,4811.7855498,N,01137.2335512,E,11.3,45.0,221220,3.6,W,D*2F
$GPGGA,105951.10,4811.7855498,N,01137.2335512,E,4,09,1.7,494.2020,M,47.5361,M,1.1,2973*47
$GPGST,105951.10,0.089,0.013,0.011,346.826,0.013,0.011,0.027*56
$GPRMC,105951.20,A,4811.7857741,N,01137.2338874,E,11.4,44.5,221220,3.6,W,D*2A
$GPGGA,105951.20,4811.7857741,N,01137.2338874,E,4,09,1.7,494.2323,M,47.5361,M,1.2,2973*42
$GPGST,105951.20,0.089,0.013,0.011,345.388,0.013,0.011,0.027*59
$GPRMC,105951.30,A,4811.7859902,N,01137.2342152,E,11.0,45.6,221220,3.6,W,D*2A
$GPGGA,105951.30,4811.7859902,N,01137.2342152,E,4,09,1.7,494.2412,M,47.5361,M,1.3,2973*40
$GPGST,105951.30,0.089,0.013,0.011,347.420,0.013,0.011,0.027*5F
$GPRMC,105951.40,A,4811.7862043,N,01137.2345364,E,11.0,44.4,221220,3.6,W,D*2A
$GPGGA,105951.40,4811.7862043,N,01137.2345364,E,4,08,3.3,494.2347,M,47.5361,M,1.4,2973*44
$GPGST,105951.40,0.089,0.014,0.011,354.374,0.014,0.011,0.029*52
$GPRMC,105951.50,A,4811.7864293,N,01137.2348661,E,11.1,44.3,221220,3.6,W,D*29
$GPGGA,105951.50,4811.7864293,N,01137.2348661,E,4,08,3.3,494.2563,M,47.5361,M,1.5,2973*40
$GPGST,105951.50,0.089,0.015,0.011,358.778,0.015,0.011,0.029*57
$GPRMC,105951.60,A,4811.7866551,N,01137.2351868,E,11.2,43.6,221220,3.6,W,D*2F
$GPGGA,105951.60,4811.7866551,N,01137.2351868,E,4,10,1.3,494.2616,M,47.5361,M,0.6,2973*4F
$GPGST,105951.60,0.381,0.014,0.011,6.963,0.014,0.011,0.028*52
$GPRMC,105951.70,A,4811.7868660,N,01137.2355075,E,11.0,43.9,221220,3.6,W,D*2C
$GPGGA,105951.70,4811.7868660,N,01137.2355075,E,4,09,1.4,494.2270,M,47.5361,M,0.7,2973*4B
$GPGST,105951.70,0.381,0.015,0.011,8.425,0.015,0.011,0.030*5B
$GPRMC,105951.80,A,4811.7870795,N,01137.2358359,E,11.0,44.7,221220,3.6,W,D*28
$GPGGA,105951.80,4811.7870795,N,01137.2358359,E,4,09,1.4,494.2198,M,47.5361,M,0.8,2973*4C
$GPGST,105951.80,0.381,0.015,0.011,11.717,0.015,0.011,0.030*6E
$GPRMC,105951.90,A,4811.7872952,N,01137.2361600,E,11.0,45.8,221220,3.6,W,D*23
$GPGGA,105951.90,4811.7872952,N,01137.2361600,E,4,08,3.3,494.2224,M,47.5361,M,0.9,2973*48
$GPGST,105951.90,0.381,0.018,0.012,7.575,0.018,0.012,0.034*5A
$GPRMC,105952.00,A,4811.7875151,N,01137.2364580,E,10.8,42.9,221220,3.6,W,D*24
$GPGGA,105952.00,4811.7875151,N,01137.2364580,E,4,08,3.3,494.2139,M,47.5361,M,1.0,2973*47
$GPGST,105952.00,0.381,0.020,0.012,5.859,0.020,0.012,0.036*53
$GPRMC,105952.10,A,4811.7877151,N,01137.2367842,E,10.6,44.1,221220,3.6,W,D*27
$GPGGA,105952.10,4811.7877151,N,01137.2367842,E,4,09,1.7,494.1902,M,47.5361,M,1.1,2973*41
$GPGST,105952.10,0.183,0.017,0.012,9.224,0.017,0.012,0.033*5B
$GPRMC,105952.20,A,4811.7879292,N,01137.2370974,E,10.7,47.5,221220,3.6,W,D*22
$GPGGA,105952.20,4811.7879292,N,01137.2370974,E,4,09,1.7,494.1938,M,47.5361,M,1.2,2973*48
$GPGST,105952.20,0.183,0.018,0.012,8.101,0.018,0.012,0.034*5A
$GPRMC,105952.30,A,4811.7881323,N,01137.2374301,E,10.7,47.7,221220,3.6,W,D*21
$GPGGA,105952.30,4811.7881323,N,01137.2374301,E,4,09,1.7,494.2137,M,47.5361,M,1.3,2973*4C
$GPGST,105952.30,0.183,0.018,0.012,7.648,0.018,0.012,0.034*5E
$GPRMC,105952.40,A,4811.7883209,N,01137.2377668,E,10.7,49.9,221220,3.6,W,D*24
$GPGGA,105952.40,4811.7883209,N,01137.2377668,E,4,09,1.7,494.1926,M,47.5361,M,1.4,2973*45
$GPGST,105952.40,0.183,0.018,0.012,7.718,0.018,0.012,0.034*5D
$GPRMC,105952.50,A,4811.7885310,N,01137.2380987,E,10.6,50.1,221220,3.6,W,D*2D
$GPGGA,105952.50,4811.7885310,N,01137.2380987,E,4,09,1.7,494.2512,M,47.5361,M,1.5,2973*44
$GPGST,105952.50,0.183,0.018,0.012,7.417,0.018,0.012,0.034*50
$GPRMC,105952.60,A,4811.7887149,N,01137.2384397,E,10.5,50.2,221220,3.6,W,D*2D
$GPGGA,105952.60,4811.7887149,N,01137.2384397,E,4,09,1.7,494.2217,M,47.5361,M,0.6,2973*44
$GPGST,105952.60,0.166,0.018,0.012,7.079,0.018,0.012,0.034*54
$GPRMC,105952.70,A,4811.7888991,N,01137.2387830,E,10.7,51.8,221220,3.6,W,D*22
$GPGGA,105952.70,4811.7888991,N,01137.2387830,E,4,09,1.7,494.2026,M,47.5361,M,0.7,2973*43
$GPGST,105952.70,0.166,0.018,0.012,7.460,0.018,0.012,0.034*59
$GPRMC,105952.80,A,4811.7890969,N,01137.2391373,E,10.7,52.8,221220,3.6,W,D*2B
$GPGGA,105952.80,4811.7890969,N,01137.2391373,E,4,09,1.7,494.2702,M,47.5361,M,0.8,2973*47
$GPGST,105952.80,0.166,0.018,0.012,7.949,0.018,0.012,0.033*57
$GPRMC,105952.90,A,4811.7892496,N,01137.2395010,E,10.6,55.8,221220,3.6,W,D*21
$GPGGA,105952.90,4811.7892496,N,01137.2395010,E,4,09,1.7,494.2127,M,47.5361,M,0.9,2973*4B
$GPGST,105952.90,0.166,0.018,0.012,7.802,0.018,0.012,0.034*5F
$GPRMC,105953.00,A,4811.7894114,N,01137.2398616,E,10.7,56.6,221220,3.6,W,D*21
$GPGGA,105953.00,4811.7894114,N,01137.2398616,E,4,09,1.7,494.1804,M,47.5361,M,1.0,2973*44
$GPGST,105953.00,0.166,0.018,0.012,7.842,0.018,0.012,0.034*53
$GPRMC,105953.10,A,4811.7895856,N,01137.2402378,E,10.9,55.4,221220,3.6,W,D*28
$GPGGA,105953.10,4811.7895856,N,01137.2402378,E,4,09,1.7,494.2145,M,47.5361,M,1.1,2973*4C
$GPGST,105953.10,0.085,0.018,0.012,7.785,0.018,0.012,0.034*5A
$GPRMC,105953.20,A,4811.7897450,N,01137.2406066,E,10.8,56.8,221220,3.6,W,D*25
$GPGGA,105953.20,4811.7897450,N,01137.2406066,E,4,09,1.7,494.2242,M,47.5361,M,1.2,2973*48
$GPGST,105953.20,0.085,0.018,0.012,7.792,0.018,0.012,0.033*58
$GPRMC,105953.30,A,4811.7899036,N,01137.2409853,E,10.6,58.4,221220,3.6,W,D*23
$GPGGA,105953.30,4811.7899036,N,01137.2409853,E,4,09,1.7,494.2324,M,47.5361,M,1.3,2973*42
$GPGST,105953.30,0.085,0.018,0.012,7.634,0.018,0.012,0.033*54
$GPRMC,105953.40,A,4811.7900417,N,01137.2413543,E,10.4,60.3,221220,3.6,W,D*2B
$GPGGA,105953.40,4811.7900417,N,01137.2413543,E,4,09,1.7,494.2206,M,47.5361,M,1.4,2973*42
$GPGST,105953.40,0.085,0.018,0.012,7.761,0.018,0.012,0.033*52
$GPRMC,105953.50,A,4811.7901901,N,01137.2417358,E,10.3,61.3,221220,3.6,W,D*2F
$GPGGA,105953.50,4811.7901901,N,01137.2417358,E,4,09,1.7,494.2365,M,47.5361,M,1.5,2973*45
$GPGST,105953.50,0.085,0.018,0.012,7.394,0.018,0.012,0.034*5A
$GPRMC,105953.60,A,4811.7903247,N,01137.2421154,E,10.5,62.3,221220,3.6,W,D*29
$GPGGA,105953.60,4811.7903247,N,01137.2421154,E,4,10,1.3,494.2303,M,47.5361,M,0.6,2973*48
$GPGST,105953.60,0.177,0.016,0.012,8.387,0.016,0.012,0.032*5E
$GPRMC,105953.70,A,4811.7904614,N,01137.2424935,E,10.3,63.1,221220,3.6,W,D*22
$GPGGA,105953.70,4811.7904614,N,01137.2424935,E,4,10,1.3,494.2297,M,47.5361,M,0.7,2973*4B
$GPGST,105953.70,0.177,0.016,0.012,8.912,0.016,0.012,0.032*59
$GPRMC,110435.40,A,4811.9038975,N,01136.3901034,E,0.0,,221220,3.6,W,D*02
$GPGGA,110435.40,4811.9038975,N,01136.3901034,E,4,15,0.8,499.1236,M,47.5437,M,1.4,2973*4F
$GPGST,110435.40,0.117,0.008,0.006,355.584,0.008,0.006,0.012*5F
$GPRMC,110435.50,A,4811.9038975,N,01136.3901027,E,0.0,,221220,3.6,W,D*01
$GPGGA,110435.50,4811.9038975,N,01136.3901027,E,4,15,0.8,499.1242,M,47.5437,M,1.5,2973*4E
$GPGST,110435.50,0.117,0.008,0.006,355.931,0.008,0.006,0.012*5C
$GPRMC,110435.60,A,4811.9038975,N,01136.3901028,E,0.0,,221220,3.6,W,D*0D
$GPGGA,110435.60,4811.9038975,N,01136.3901028,E,4,15,0.8,499.1251,M,47.5437,M,0.6,2973*42
$GPGST,110435.60,0.168,0.008,0.006,356.041,0.008,0.006,0.012*5A
$GPRMC,110435.70,A,4811.9038976,N,01136.3901031,E,0.0,,221220,3.6,W,D*07
$GPGGA,110435.70,4811.9038976,N,01136.3901031,E,4,15,0.8,499.1245,M,47.5437,M,0.7,2973*4C
$GPGST,110435.70,0.168,0.008,0.006,356.099,0.008,0.006,0.012*5E
$GPRMC,110435.80,A,4811.9038975,N,01136.3901033,E,0.0,,221220,3.6,W,D*09
$GPGGA,110435.80,4811.9038975,N,01136.3901033,E,4,15,0.8,499.1249,M,47.5437,M,0.8,2973*41
$GPGST,110435.80,0.168,0.008,0.006,356.167,0.008,0.006,0.012*51
$GPRMC,110435.90,A,4811.9038973,N,01136.3901039,E,0.0,,221220,3.6,W,D*04
$GPGGA,110435.90,4811.9038973,N,01136.3901039,E,4,15,0.8,499.1234,M,47.5437,M,0.9,2973*47
$GPGST,110435.90,0.168,0.008,0.006,356.149,0.008,0.006,0.012*5C
$GPRMC,110436.00,A,4811.9038973,N,01136.3901035,E,0.0,,221220,3.6,W,D*02
$GPGGA,110436.00,4811.9038973,N,01136.3901035,E,4,15,0.8,499.1246,M,47.5437,M,1.0,2973*4C
$GPGST,110436.00,0.168,0.008,0.006,355.953,0.008,0.006,0.012*56
$GPRMC,110436.10,A,4811.9038968,N,01136.3901029,E,0.0,,221220,3.6,W,D*04
$GPGGA,110436.10,4811.9038968,N,01136.3901029,E,4,15,0.8,499.1270,M,47.5437,M,1.1,2973*4E
$GPGST,110436.10,0.173,0.008,0.006,355.481,0.008,0.006,0.012*5F
$GPRMC,110436.20,A,4811.9038969,N,01136.3901030,E,0.0,,221220,3.6,W,D*0E
$GPGGA,110436.20,4811.9038969,N,01136.3901030,E,4,15,0.8,499.1255,M,47.5437,M,1.2,2973*40
$GPGST,110436.20,0.173,0.008,0.006,355.613,0.008,0.006,0.012*55
$GPRMC,110436.30,A,4811.9038964,N,01136.3901024,E,0.0,,221220,3.6,W,D*07
$GPGGA,110436.30,4811.9038964,N,01136.3901024,E,4,15,0.8,499.1264,M,47.5437,M,1.3,2973*4A
$GPGST,110436.30,0.173,0.008,0.006,355.601,0.008,0.006,0.012*57
$GPRMC,110436.40,A,4811.9038961,N,01136.3901029,E,0.0,,221220,3.6,W,D*08
$GPGGA,110436.40,4811.9038961,N,01136.3901029,E,4,15,0.8,499.1269,M,47.5437,M,1.4,2973*4F
$GPGST,110436.40,0.173,0.008,0.006,355.685,0.008,0.006,0.012*5C
$GPRMC,110436.50,A,4811.9038959,N,01136.3901028,E,0.0,,221220,3.6,W,D*03
$GPGGA,110436.50,4811.9038959,N,01136.3901028,E,4,15,0.8,499.1263,M,47.5437,M,1.5,2973*4F
$GPGST,110436.50,0.173,0.008,0.006,355.820,0.008,0.006,0.012*5C
$GPRMC,110436.60,A,4811.9038959,N,01136.3901015,E,0.0,,221220,3.6,W,D*0E
$GPGGA,110436.60,4811.9038959,N,01136.3901015,E,4,15,0.8,499.1245,M,47.5437,M,0.6,2973*44
$GPGST,110436.60,0.158,0.008,0.006,356.099,0.008,0.006,0.012*5F
$GPRMC,110436.70,A,4811.9038956,N,01136.3901015,E,0.0,,221220,3.6,W,D*00
$GPGGA,110436.70,4811.9038956,N,01136.3901015,E,4,15,0.8,499.1234,M,47.5437,M,0.7,2973*4D
$GPGST,110436.70,0.158,0.008,0.006,356.138,0.008,0.006,0.012*54
$GPRMC,110436.80,A,4811.9038948,N,01136.3901012,E,0.0,,221220,3.6,W,D*07
$GPGGA,110436.80,4811.9038948,N,01136.3901012,E,4,15,0.8,499.1224,M,47.5437,M,0.8,2973*44
$GPGST,110436.80,0.158,0.008,0.006,355.911,0.008,0.006,0.012*5B
$GPRMC,110436.90,A,4811.9038956,N,01136.3900999,E,0.0,,221220,3.6,W,D*02
$GPGGA,110436.90,4811.9038956,N,01136.3900999,E,4,15,0.8,499.1222,M,47.5437,M,0.9,2973*46
$GPGST,110436.90,0.158,0.008,0.006,355.992,0.008,0.006,0.012*51
$GPRMC,110437.00,A,4811.9038951,N,01136.3901007,E,0.0,,221220,3.6,W,D*02
$GPGGA,110437.00,4811.9038951,N,01136.3901007,E,4,15,0.8,499.1184,M,47.5437,M,1.0,2973*41
$GPGST,110437.00,0.158,0.008,0.005,355.811,0.008,0.006,0.012*50
$GPRMC,110437.10,A,4811.9038955,N,01136.3901008,E,0.0,,221220,3.6,W,D*08
$GPGGA,110437.10,4811.9038955,N,01136.3901008,E,4,15,0.8,499.1184,M,47.5437,M,1.1,2973*4A
$GPGST,110437.10,0.111,0.008,0.006,355.339,0.008,0.006,0.012*5E
$GPRMC,110437.20,A,4811.9038957,N,01136.3901010,E,0.0,,221220,3.6,W,D*00
$GPGGA,110437.20,4811.9038957,N,01136.3901010,E,4,15,0.8,499.1188,M,47.5437,M,1.2,2973*4D
$GPGST,110437.20,0.111,0.008,0.005,355.380,0.008,0.006,0.012*5C
$GPRMC,110437.30,A,4811.9038956,N,01136.3901013,E,0.0,,221220,3.6,W,D*03
$GPGGA,110437.30,4811.9038956,N,01136.3901013,E,4,15,0.8,499.1177,M,47.5437,M,1.3,2973*4F
$GPGST,110437.30,0.111,0.008,0.005,355.424,0.008,0.006,0.012*54
$GPRMC,110437.40,A,4811.9038958,N,01136.3900995,E,0.0,,221220,3.6,W,D*0C
$GPGGA,110437.40,4811.9038958,N,01136.3900995,E,4,15,0.8,499.1189,M,47.5437,M,1.4,2973*46
$GPGST,110437.40,0.111,0.008,0.006,355.675,0.008,0.006,0.012*56
$GPRMC,110437.50,A,4811.9038968,N,01136.3900928,E,0.1,,221220,3.6,W,D*09
$GPGGA,110437.50,4811.9038968,N,01136.3900928,E,4,15,0.8,499.1161,M,47.5437,M,1.5,2973*45
$GPGST,110437.50,0.111,0.009,0.006,354.694,0.008,0.006,0.013*59
$GPRMC,110437.60,A,4811.9038997,N,01136.3900778,E,0.4,,221220,3.6,W,D*04
$GPGGA,110437.60,4811.9038997,N,01136.3900778,E,4,15,0.8,499.1142,M,47.5437,M,0.6,2973*4E
$GPGST,110437.60,0.192,0.008,0.005,356.826,0.008,0.005,0.012*54
$GPRMC,110437.70,A,4811.9039045,N,01136.3900522,E,0.7,283.6,221220,3.6,W,D*2D
$GPGGA,110437.70,4811.9039045,N,01136.3900522,E,4,15,0.8,499.1162,M,47.5437,M,0.7,2973*46
$GPGST,110437.70,0.192,0.008,0.005,356.752,0.008,0.005,0.012*59
$GPRMC,110437.80,A,4811.9039115,N,01136.3900201,E,1.0,284.6,221220,3.6,W,D*21
$GPGGA,110437.80,4811.9039115,N,01136.3900201,E,4,15,0.8,499.1207,M,47.5437,M,0.8,2973*44
$GPGST,110437.80,0.192,0.008,0.005,356.487,0.008,0.005,0.012*5D
$GPRMC,110437.90,A,4811.9039205,N,01136.3899804,E,1.1,285.8,221220,3.6,W,D*22
$GPGGA,110437.90,4811.9039205,N,01136.3899804,E,4,15,0.8,499.1204,M,47.5437,M,0.9,2973*4B
$GPGST,110437.90,0.192,0.008,0.005,356.078,0.008,0.006,0.012*5B
$GPRMC,110438.00,A,4811.9039346,N,01136.3899279,E,1.4,287.6,221220,3.6,W,D*2B
$GPGGA,110438.00,4811.9039346,N,01136.3899279,E,4,15,0.8,499.1138,M,47.5437,M,1.0,2973*4F
$GPGST,110438.00,0.192,0.008,0.005,355.791,0.008,0.006,0.012*5E
$GPRMC,110438.10,A,4811.9039481,N,01136.3898602,E,1.8,289.2,221220,3.6,W,D*29
$GPGGA,110438.10,4811.9039481,N,01136.3898602,E,4,15,0.8,499.1096,M,47.5437,M,1.1,2973*4F
$GPGST,110438.10,0.113,0.008,0.005,355.419,0.008,0.005,0.012*56
$GPRMC,110438.20,A,4811.9039640,N,01136.3897759,E,2.3,285.5,221220,3.6,W,D*26
$GPGGA,110438.20,4811.9039640,N,01136.3897759,E,4,15,0.8,499.1109,M,47.5437,M,1.2,2973*47
$GPGST,110438.20,0.113,0.008,0.005,355.548,0.008,0.006,0.012*53
$GPRMC,110438.30,A,4811.9039837,N,01136.3896783,E,2.7,285.7,221220,3.6,W,D*29
$GPGGA,110438.30,4811.9039837,N,01136.3896783,E,4,15,0.8,499.1110,M,47.5437,M,1.3,2973*47
$GPGST,110438.30,0.113,0.008,0.005,355.770,0.008,0.006,0.012*5B
$GPRMC,110438.40,A,4811.9040086,N,01136.3895673,E,3.0,288.3,221220,3.6,W,D*20
$GPGGA,110438.40,4811.9040086,N,01136.3895673,E,4,15,0.8,499.1056,M,47.5437,M,1.4,2973*45
$GPGST,110438.40,0.113,0.008,0.005,355.507,0.008,0.006,0.012*5E
$GPRMC,110438.50,A,4811.9040355,N,01136.3894411,E,3.4,288.6,221220,3.6,W,D*2A
$GPGGA,110438.50,4811.9040355,N,01136.3894411,E,4,15,0.8,499.0969,M,47.5437,M,1.5,2973*4B
$GPGST,110438.50,0.113,0.008,0.005,355.647,0.008,0.006,0.012*58
$GPRMC,110438.60,A,4811.9040644,N,01136.3892996,E,3.7,287.2,221220,3.6,W,D*20
$GPGGA,110438.60,4811.9040644,N,01136.3892996,E,4,16,0.8,499.0995,M,47.5437,M,0.6,2973*4B
$GPGST,110438.60,0.147,0.008,0.005,355.931,0.008,0.006,0.012*54
$GPRMC,110438.70,A,4811.9040964,N,01136.3891439,E,4.1,286.5,221220,3.6,W,D*20
$GPGGA,110438.70,4811.9040964,N,01136.3891439,E,4,16,0.8,499.0975,M,47.5437,M,0.7,2973*43
$GPGST,110438.70,0.147,0.008,0.005,356.064,0.008,0.006,0.012*5F
$GPRMC,110438.80,A,4811.9041313,N,01136.3889740,E,4.5,286.9,221220,3.6,W,D*28
$GPGGA,110438.80,4811.9041313,N,01136.3889740,E,4,16,0.8,499.0940,M,47.5437,M,0.8,2973*4A
$GPGST,110438.80,0.147,0.008,0.005,356.107,0.008,0.006,0.012*54
$GPRMC,110438.90,A,4811.9041716,N,01136.3887889,E,4.9,287.7,221220,3.6,W,D*2F
$GPGGA,110438.90,4811.9041716,N,01136.3887889,E,4,16,0.8,499.0917,M,47.5437,M,0.9,2973*4D
$GPGST,110438.90,0.147,0.008,0.005,355.969,0.008,0.005,0.012*55
$GPRMC,110439.00,A,4811.9042161,N,01136.3885909,E,5.2,288.7,221220,3.6,W,D*2C
$GPGGA,110439.00,4811.9042161,N,01136.3885909,E,4,16,0.8,499.0882,M,47.5437,M,1.0,2973*4E
$GPGST,110439.00,0.147,0.008,0.005,355.985,0.008,0.005,0.012*5F
$GPRMC,110439.10,A,4811.9042609,N,01136.3883768,E,5.6,288.2,221220,3.6,W,D*2A
$GPGGA,110439.10,4811.9042609,N,01136.3883768,E,4,15,0.8,499.0883,M,47.5438,M,1.1,2973*45
$GPGST,110439.10,0.125,0.008,0.005,355.839,0.008,0.005,0.012*5C
$GPRMC,110439.20,A,4811.9043085,N,01136.3881449,E,6.0,286.9,221220,3.6,W,D*28
$GPGGA,110439.20,4811.9043085,N,01136.3881449,E,4,15,0.8,499.0864,M,47.5438,M,1.2,2973*4D
$GPGST,110439.20,0.125,0.008,0.005,355.734,0.008,0.005,0.012*5D
$GPRMC,110439.30,A,4811.9043593,N,01136.3878994,E,6.4,286.8,221220,3.6,W,D*25
$GPGGA,110439.30,4811.9043593,N,01136.3878994,E,4,15,0.8,499.0853,M,47.5438,M,1.3,2973*40
$GPGST,110439.30,0.125,0.008,0.005,355.715,0.008,0.005,0.012*5F
$GPRMC,110439.40,A,4811.9044146,N,01136.3876412,E,6.7,287.6,221220,3.6,W,D*28
$GPGGA,110439.40,4811.9044146,N,01136.3876412,E,4,15,0.8,499.0804,M,47.5438,M,1.4,2973*44
$GPGST,110439.40,0.125,0.008,0.005,355.445,0.008,0.005,0.012*5E
$GPRMC,110439.50,A,4811.9044722,N,01136.3873722,E,7.0,288.1,221220,3.6,W,D*26
$GPGGA,110439.50,4811.9044722,N,01136.3873722,E,4,15,0.8,499.0772,M,47.5438,M,1.5,2973*4B
$GPGST,110439.50,0.125,0.008,0.005,355.312,0.008,0.005,0.012*5A
$GPRMC,110439.60,A,4811.9045302,N,01136.3870884,E,7.3,287.4,221220,3.6,W,D*2B
$GPGGA,110439.60,4811.9045302,N,01136.3870884,E,4,15,0.8,499.0796,M,47.5438,M,0.6,2973*47
$GPGST,110439.60,0.229,0.008,0.005,355.812,0.008,0.005,0.012*5D
$GPRMC,110439.70,A,4811.9045925,N,01136.3867901,E,7.7,287.1,221220,3.6,W,D*2E
$GPGGA,110439.70,4811.9045925,N,01136.3867901,E,4,15,0.8,499.0725,M,47.5438,M,0.7,2973*4A
$GPGST,110439.70,0.229,0.008,0.005,356.111,0.008,0.005,0.012*55
$GPRMC,110439.80,A,4811.9046581,N,01136.3864811,E,8.0,287.7,221220,3.6,W,D*2D
$GPGGA,110439.80,4811.9046581,N,01136.3864811,E,4,15,0.8,499.0718,M,47.5438,M,0.8,2973*46
$GPGST,110439.80,0.229,0.008,0.005,356.117,0.008,0.006,0.012*5F
$GPRMC,110439.90,A,4811.9047253,N,01136.3861592,E,8.3,287.7,221220,3.6,W,D*25
$GPGGA,110439.90,4811.9047253,N,01136.3861592,E,4,15,0.8,499.0759,M,47.5438,M,0.9,2973*49
$GPGST,110439.90,0.229,0.008,0.005,356.207,0.008,0.005,0.012*5F
$GPRMC,110440.00,A,4811.9047959,N,01136.3858206,E,8.7,287.4,221220,3.6,W,D*24
$GPGGA,110440.00,4811.9047959,N,01136.3858206,E,4,15,0.8,499.0789,M,47.5438,M,1.0,2973*4A
$GPGST,110440.00,0.229,0.008,0.005,356.056,0.008,0.005,0.012*5E
$GPRMC,110440.10,A,4811.9048705,N,01136.3854689,E,9.1,287.4,221220,3.6,W,D*25
$GPGGA,110440.10,4811.9048705,N,01136.3854689,E,4,14,0.9,499.0793,M,47.5438,M,1.1,2973*46
$GPGST,110440.10,0.184,0.008,0.005,355.444,0.008,0.005,0.012*5F
$GPRMC,110440.20,A,4811.9049444,N,01136.3851077,E,9.3,287.2,221220,3.6,W,D*27
$GPGGA,110440.20,4811.9049444,N,01136.3851077,E,4,14,0.9,499.0933,M,47.5438,M,1.2,2973*47
$GPGST,110440.20,0.184,0.008,0.005,355.365,0.008,0.005,0.012*58
$GPRMC,110440.30,A,4811.9050251,N,01136.3847420,E,9.4,287.7,221220,3.6,W,D*2F
$GPGGA,110440.30,4811.9050251,N,01136.3847420,E,4,14,0.9,499.0993,M,47.5438,M,1.3,2973*46
$GPGST,110440.30,0.184,0.008,0.005,355.285,0.008,0.005,0.012*56
$GPRMC,110440.40,A,4811.9051033,N,01136.3843676,E,9.6,288.0,221220,3.6,W,D*20
$GPGGA,110440.40,4811.9051033,N,01136.3843676,E,4,14,0.9,499.1105,M,47.5438,M,1.4,2973*42
$GPGST,110440.40,0.184,0.008,0.005,355.085,0.008,0.006,0.012*50
$GPRMC,110440.50,A,4811.9051833,N,01136.3839854,E,9.7,287.2,221220,3.6,W,D*26
$GPGGA,110440.50,4811.9051833,N,01136.3839854,E,4,14,0.9,499.1184,M,47.5438,M,1.5,2973*40
$GPGST,110440.50,0.184,0.008,0.006,354.741,0.008,0.006,0.012*5C
$GPRMC,110440.60,A,4811.9052623,N,01136.3835976,E,9.9,286.8,221220,3.6,W,D*21
$GPGGA,110440.60,4811.9052623,N,01136.3835976,E,4,15,0.8,499.1251,M,47.5438,M,0.6,2973*4B
$GPGST,110440.60,0.141,0.008,0.006,354.470,0.008,0.006,0.012*57
$GPRMC,110440.70,A,4811.9053445,N,01136.3832102,E,9.9,287.3,221220,3.6,W,D*25
$GPGGA,110440.70,4811.9053445,N,01136.3832102,E,4,15,0.8,499.1235,M,47.5438,M,0.7,2973*46
$GPGST,110440.70,0.141,0.008,0.006,354.369,0.008,0.006,0.012*59
$GPRMC,110440.80,A,4811.9054291,N,01136.3828183,E,9.9,288.0,221220,3.6,W,D*2C
$GPGGA,110440.80,4811.9054291,N,01136.3828183,E,4,15,0.8,499.1338,M,47.5438,M,0.8,2973*40
$GPGST,110440.80,0.141,0.008,0.006,354.242,0.008,0.006,0.012*5E
$GPRMC,110440.90,A,4811.9055129,N,01136.3824207,E,10.1,287.9,221220,3.6,W,D*19
$GPGGA,110440.90,4811.9055129,N,01136.3824207,E,4,15,0.8,499.1421,M,47.5438,M,0.9,2973*4D
$GPGST,110440.90,0.141,0.008,0.006,354.189,0.008,0.006,0.012*5B
$GPRMC,110441.00,A,4811.9055937,N,01136.3820208,E,10.2,286.9,221220,3.6,W,D*1F
$GPGGA,110441.00,4811.9055937,N,01136.3820208,E,4,15,0.8,499.1508,M,47.5438,M,1.0,2973*4B
$GPGST,110441.00,0.141,0.008,0.006,354.227,0.008,0.006,0.012*54
$GPRMC,110441.10,A,4811.9056761,N,01136.3816176,E,10.2,286.5,221220,3.6,W,D*13
$GPGGA,110441.10,4811.9056761,N,01136.3816176,E,4,15,0.8,499.1615,M,47.5438,M,1.1,2973*45
$GPGST,110441.10,0.132,0.008,0.006,354.603,0.008,0.006,0.012*53
$GPRMC,110441.20,A,4811.9057608,N,01136.3812179,E,10.1,287.3,221220,3.6,W,D*10
$GPGGA,110441.20,4811.9057608,N,01136.3812179,E,4,15,0.8,499.1712,M,47.5438,M,1.2,2973*47
$GPGST,110441.20,0.132,0.008,0.006,355.035,0.008,0.006,0.012*52
$GPRMC,110441.30,A,4811.9058463,N,01136.3808260,E,10.0,288.2,221220,3.6,W,D*1E
$GPGGA,110441.30,4811.9058463,N,01136.3808260,E,4,15,0.8,499.1782,M,47.5438,M,1.3,2973*4E
$GPGST,110441.30,0.132,0.008,0.006,355.212,0.008,0.006,0.012*54
$GPRMC,110441.40,A,4811.9059289,N,01136.3804370,E,9.8,288.1,221220,3.6,W,D*25
$GPGGA,110441.40,4811.9059289,N,01136.3804370,E,4,15,0.8,499.1834,M,47.5438,M,1.4,2973*43
$GPGST,110441.40,0.132,0.008,0.006,355.686,0.008,0.006,0.012*5A
$GPRMC,110441.50,A,4811.9060100,N,01136.3800474,E,9.7,287.3,221220,3.6,W,D*29
$GPGGA,110441.50,4811.9060100,N,01136.3800474,E,4,15,0.8,499.1924,M,47.5438,M,1.5,2973*4C
$GPGST,110441.50,0.132,0.008,0.006,356.059,0.008,0.006,0.012*5C
$GPRMC,110441.60,A,4811.9060899,N,01136.3796591,E,9.8,287.1,221220,3.6,W,D*24
$GPGGA,110441.60,4811.9060899,N,01136.3796591,E,4,15,0.8,499.1960,M,47.5438,M,0.6,2973*4E
$GPGST,110441.60,0.218,0.008,0.005,356.069,0.008,0.006,0.012*54
$GPRMC,110441.70,A,4811.9061737,N,01136.3792760,E,9.7,287.9,221220,3.6,W,D*20
$GPGGA,110441.70,4811.9061737,N,01136.3792760,E,4,15,0.8,499.1996,M,47.5438,M,0.7,2973*45
$GPGST,110441.70,0.218,0.008,0.005,356.044,0.008,0.006,0.012*5A
$GPRMC,110441.80,A,4811.9062607,N,01136.3788962,E,9.6,289.2,221220,3.6,W,D*2D
$GPGGA,110441.80,4811.9062607,N,01136.3788962,E,4,15,0.8,499.2078,M,47.5438,M,0.8,2973*49
$GPGST,110441.80,0.218,0.008,0.005,355.947,0.008,0.005,0.012*5F
$GPRMC,110441.90,A,4811.9063475,N,01136.3785181,E,9.6,289.6,221220,3.6,W,D*26
$GPGGA,110441.90,4811.9063475,N,01136.3785181,E,4,15,0.8,499.2140,M,47.5438,M,0.9,2973*4D
$GPGST,110441.90,0.218,0.008,0.005,355.787,0.008,0.006,0.012*5F
$GPRMC,110442.00,A,4811.9064418,N,01136.3781484,E,9.5,290.8,221220,3.6,W,D*21
$GPGGA,110442.00,4811.9064418,N,01136.3781484,E,4,15,0.8,499.2228,M,47.5438,M,1.0,2973*4A
$GPGST,110442.00,0.218,0.008,0.006,354.466,0.008,0.006,0.013*5A
$GPRMC,110442.10,A,4811.9065398,N,01136.3777862,E,9.4,292.8,221220,3.6,W,D*20
$GPGGA,110442.10,4811.9065398,N,01136.3777862,E,4,15,0.8,499.2278,M,47.5438,M,1.1,2973*4C
$GPGST,110442.10,0.165,0.009,0.006,353.389,0.009,0.006,0.014*54
$GPRMC,110442.20,A,4811.9066421,N,01136.3774341,E,9.2,294.2,221220,3.6,W,D*26
$GPGGA,110442.20,4811.9066421,N,01136.3774341,E,4,15,0.8,499.2262,M,47.5438,M,1.2,2973*48
$GPGST,110442.20,0.165,0.009,0.006,353.372,0.009,0.006,0.014*53
$GPRMC,110442.30,A,4811.9067545,N,01136.3770898,E,9.1,296.4,221220,3.6,W,D*29
$GPGGA,110442.30,4811.9067545,N,01136.3770898,E,4,15,0.8,499.2383,M,47.5438,M,1.3,2973*4F
$GPGST,110442.30,0.165,0.009,0.006,353.361,0.009,0.006,0.014*50
$GPRMC,110442.40,A,4811.9068716,N,01136.3767525,E,9.1,298.7,221220,3.6,W,D*25
$GPGGA,110442.40,4811.9068716,N,01136.3767525,E,4,15,0.8,499.2418,M,47.5438,M,1.4,2973*4C
$GPGST,110442.40,0.165,0.009,0.006,353.513,0.009,0.006,0.014*54
$GPRMC,110442.50,A,4811.9069920,N,01136.3764219,E,9.1,299.7,221220,3.6,W,D*24
$GPGGA,110442.50,4811.9069920,N,01136.3764219,E,4,15,0.8,499.2497,M,47.5438,M,1.5,2973*4A
$GPGST,110442.50,0.165,0.009,0.006,353.871,0.009,0.006,0.014*5C
$GPRMC,110442.60,A,4811.9071214,N,01136.3760949,E,9.1,301.1,221220,3.6,W,D*2E
$GPGGA,110442.60,4811.9071214,N,01136.3760949,E,4,14,0.9,499.2520,M,47.5439,M,0.6,2973*48
$GPGST,110442.60,0.212,0.009,0.006,354.005,0.009,0.006,0.014*50
$GPRMC,110442.70,A,4811.9072583,N,01136.3757835,E,9.0,303.9,221220,3.6,W,D*20
$GPGGA,110442.70,4811.9072583,N,01136.3757835,E,4,14,0.9,499.2470,M,47.5439,M,0.7,2973*48
$GPGST,110442.70,0.212,0.009,0.006,354.010,0.009,0.006,0.014*55
$GPRMC,110442.80,A,4811.9074011,N,01136.3754824,E,8.9,306.8,221220,3.6,W,D*28
$GPGGA,110442.80,4811.9074011,N,01136.3754824,E,4,14,0.9,499.2491,M,47.5439,M,0.8,2973*4C
$GPGST,110442.80,0.212,0.009,0.006,354.079,0.009,0.006,0.014*55
$GPRMC,110442.90,A,4811.9075567,N,01136.3751895,E,8.9,309.4,221220,3.6,W,D*20
$GPGGA,110442.90,4811.9075567,N,01136.3751895,E,4,14,0.9,499.2608,M,47.5439,M,0.9,2973*44
$GPGST,110442.90,0.212,0.009,0.006,354.037,0.009,0.006,0.014*5E
$GPRMC,110443.00,A,4811.9077172,N,01136.3749141,E,8.9,312.4,221220,3.6,W,D*29
$GPGGA,110443.00,4811.9077172,N,01136.3749141,E,4,14,0.9,499.2611,M,47.5439,M,1.0,2973*47
$GPGST,110443.00,0.212,0.009,0.006,353.541,0.009,0.006,0.015*54
$GPRMC,110443.10,A,4811.9078873,N,01136.3746583,E,8.7,316.1,221220,3.6,W,D*25
$GPGGA,110443.10,4811.9078873,N,01136.3746583,E,4,14,0.9,499.2636,M,47.5439,M,1.1,2973*40
$GPGST,110443.10,0.153,0.009,0.006,352.803,0.009,0.006,0.015*59
$GPRMC,110443.20,A,4811.9080619,N,01136.3744195,E,8.5,319.5,221220,3.6,W,D*2B
$GPGGA,110443.20,4811.9080619,N,01136.3744195,E,4,14,0.9,499.2684,M,47.5439,M,1.2,2973*4D
$GPGST,110443.20,0.153,0.009,0.006,352.231,0.009,0.006,0.015*51
$GPRMC,110443.30,A,4811.9082427,N,01136.3741995,E,8.4,322.4,221220,3.6,W,D*22
$GPGGA,110443.30,4811.9082427,N,01136.3741995,E,4,14,0.9,499.2724,M,47.5439,M,1.3,2973*46
$GPGST,110443.30,0.153,0.009,0.006,351.899,0.009,0.006,0.015*5B
$GPRMC,110443.40,A,4811.9084267,N,01136.3739935,E,8.2,325.0,221220,3.6,W,D*21
$GPGGA,110443.40,4811.9084267,N,01136.3739935,E,4,14,0.9,499.2795,M,47.5439,M,1.4,2973*4D
$GPGST,110443.40,0.153,0.009,0.006,351.674,0.009,0.006,0.015*51
$GPRMC,110443.50,A,4811.9086155,N,01136.3738044,E,8.2,327.6,221220,3.6,W,D*2A
$GPGGA,110443.50,4811.9086155,N,01136.3738044,E,4,14,0.9,499.2827,M,47.5439,M,1.5,2973*45
$GPGST,110443.50,0.153,0.009,0.006,351.588,0.009,0.006,0.014*51
$GPRMC,110443.60,A,4811.9088153,N,01136.3736282,E,8.3,330.8,221220,3.6,W,D*2E
$GPGGA,110443.60,4811.9088153,N,01136.3736282,E,4,14,0.9,499.2886,M,47.5439,M,0.6,2973*41
$GPGST,110443.60,0.236,0.009,0.006,351.708,0.009,0.006,0.014*58
$GPRMC,110443.70,A,4811.9090203,N,01136.3734779,E,8.3,335.3,221220,3.6,W,D*2D
$GPGGA,110443.70,4811.9090203,N,01136.3734779,E,4,14,0.9,499.2913,M,47.5439,M,0.7,2973*40
$GPGST,110443.70,0.236,0.009,0.006,351.742,0.009,0.006,0.015*56
$GPRMC,110443.80,A,4811.9092292,N,01136.3733511,E,8.2,340.1,221220,3.6,W,D*22
$GPGGA,110443.80,4811.9092292,N,01136.3733511,E,4,14,0.9,499.2897,M,47.5439,M,0.8,2973*4C
$GPGST,110443.80,0.236,0.009,0.006,352.001,0.009,0.006,0.015*5A
$GPRMC,110443.90,A,4811.9094461,N,01136.3732430,E,8.2,343.9,221220,3.6,W,D*27
$GPGGA,110443.90,4811.9094461,N,01136.3732430,E,4,14,0.9,499.2984,M,47.5439,M,0.9,2973*40
$GPGST,110443.90,0.236,0.009,0.006,352.117,0.009,0.006,0.015*5D
$GPRMC,110444.00,A,4811.9096637,N,01136.3731433,E,8.3,345.5,221220,3.6,W,D*21
$GPGGA,110444.00,4811.9096637,N,01136.3731433,E,4,14,0.9,499.3032,M,47.5439,M,1.0,2973*40
$GPGST,110444.00,0.236,0.009,0.006,352.596,0.009,0.006,0.014*5F
$GPRMC,110444.10,A,4811.9098793,N,01136.3730454,E,8.2,344.7,221220,3.6,W,D*23
$GPGGA,110444.10,4811.9098793,N,01136.3730454,E,4,14,0.9,499.3067,M,47.5439,M,1.1,2973*41
$GPGST,110444.10,0.165,0.008,0.006,353.258,0.008,0.006,0.013*58
$GPRMC,110444.20,A,4811.9100962,N,01136.3729632,E,8.1,345.5,221220,3.6,W,D*2A
$GPGGA,110444.20,4811.9100962,N,01136.3729632,E,4,14,0.9,499.3068,M,47.5439,M,1.2,2973*44
$GPGST,110444.20,0.165,0.008,0.006,353.312,0.008,0.006,0.013*54
$GPRMC,110444.30,A,4811.9103203,N,01136.3729141,E,8.1,351.4,221220,3.6,W,D*23
$GPGGA,110444.30,4811.9103203,N,01136.3729141,E,4,14,0.9,499.3043,M,47.5439,M,1.3,2973*41
$GPGST,110444.30,0.165,0.008,0.006,353.326,0.008,0.006,0.013*52
$GPRMC,110444.40,A,4811.9105449,N,01136.3728906,E,8.3,358.3,221220,3.6,W,D*2C
$GPGGA,110444.40,4811.9105449,N,01136.3728906,E,4,14,0.9,499.3025,M,47.5439,M,1.4,2973*45
$GPGST,110444.40,0.165,0.008,0.006,353.567,0.008,0.006,0.013*56
$GPRMC,110444.50,A,4811.9107701,N,01136.3728814,E,8.2,1.3,221220,3.6,W,D*2C
$GPGGA,110444.50,4811.9107701,N,01136.3728814,E,4,14,0.9,499.3004,M,47.5439,M,1.5,2973*49
$GPGST,110444.50,0.165,0.008,0.006,353.811,0.008,0.006,0.013*5B
$GPRMC,110444.60,A,4811.9109964,N,01136.3728812,E,8.2,1.9,221220,3.6,W,D*20
$GPGGA,110444.60,4811.9109964,N,01136.3728812,E,4,14,0.9,499.2957,M,47.5439,M,0.6,2973*43
$GPGST,110444.60,0.198,0.008,0.006,353.873,0.008,0.006,0.013*5E
$GPRMC,110444.70,A,4811.9112219,N,01136.3728907,E,8.1,2.8,221220,3.6,W,D*2E
$GPGGA,110444.70,4811.9112219,N,01136.3728907,E,4,14,0.9,499.2922,M,47.5439,M,0.7,2973*4F
$GPGST,110444.70,0.198,0.008,0.006,354.089,0.008,0.006,0.013*55
$GPRMC,110444.80,A,4811.9114494,N,01136.3729221,E,8.2,5.7,221220,3.6,W,D*21
$GPGGA,110444.80,4811.9114494,N,01136.3729221,E,4,14,0.9,499.2896,M,47.5439,M,0.8,2973*4A
$GPGST,110444.80,0.198,0.008,0.006,354.432,0.008,0.006,0.013*5E
$GPRMC,110444.90,A,4811.9116757,N,01136.3729707,E,8.3,9.7,221220,3.6,W,D*22
$GPGGA,110444.90,4811.9116757,N,01136.3729707,E,4,14,0.9,499.2825,M,47.5439,M,0.9,2973*4D
$GPGST,110444.90,0.198,0.008,0.006,354.050,0.008,0.006,0.013*5F
$GPRMC,110445.00,A,4811.9119002,N,01136.3730402,E,8.3,13.2,221220,3.6,W,D*12
$GPGGA,110445.00,4811.9119002,N,01136.3730402,E,4,14,0.9,499.2806,M,47.5439,M,1.0,2973*4A
$GPGST,110445.00,0.198,0.008,0.006,353.560,0.008,0.006,0.012*57
$GPRMC,110445.10,A,4811.9121207,N,01136.3731300,E,8.3,16.8,221220,3.6,W,D*14
$GPGGA,110445.10,4811.9121207,N,01136.3731300,E,4,14,0.9,499.2713,M,47.5439,M,1.1,2973*49
$GPGST,110445.10,0.144,0.008,0.006,353.405,0.008,0.006,0.012*55
$GPRMC,110445.20,A,4811.9123355,N,01136.3732391,E,8.2,20.4,221220,3.6,W,D*10
$GPGGA,110445.20,4811.9123355,N,01136.3732391,E,4,14,0.9,499.2640,M,47.5439,M,1.2,2973*41
$GPGST,110445.20,0.144,0.008,0.006,353.286,0.008,0.006,0.012*5B
$GPRMC,110445.30,A,4811.9125473,N,01136.3733616,E,8.2,23.1,221220,3.6,W,D*19
$GPGGA,110445.30,4811.9125473,N,01136.3733616,E,4,14,0.9,499.2597,M,47.5439,M,1.3,2973*46
$GPGST,110445.30,0.144,0.008,0.006,353.190,0.008,0.006,0.012*5E
$GPRMC,110445.40,A,4811.9127542,N,01136.3734979,E,8.2,25.1,221220,3.6,W,D*18
$GPGGA,110445.40,4811.9127542,N,01136.3734979,E,4,14,0.9,499.2552,M,47.5439,M,1.4,2973*4F
$GPGST,110445.40,0.144,0.008,0.006,353.411,0.008,0.006,0.012*55
$GPRMC,110445.50,A,4811.9129565,N,01136.3736493,E,8.2,27.7,221220,3.6,W,D*1D
$GPGGA,110445.50,4811.9129565,N,01136.3736493,E,4,14,0.9,499.2432,M,47.5439,M,1.5,2973*48
$GPGST,110445.50,0.144,0.008,0.006,353.996,0.008,0.006,0.012*56
$GPRMC,110445.60,A,4811.9131571,N,01136.3738203,E,8.3,31.0,221220,3.6,W,D*12
$GPGGA,110445.60,4811.9131571,N,01136.3738203,E,4,14,0.9,499.2331,M,47.5439,M,0.6,2973*40
$GPGST,110445.60,0.104,0.008,0.006,354.141,0.008,0.006,0.012*54
$GPRMC,110445.70,A,4811.9133497,N,01136.3740099,E,8.4,34.7,221220,3.6,W,D*13
$GPGGA,110445.70,4811.9133497,N,01136.3740099,E,4,14,0.9,499.2265,M,47.5439,M,0.7,2973*45
$GPGST,110445.70,0.104,0.008,0.006,353.860,0.008,0.006,0.012*58
$GPRMC,110445.80,A,4811.9135353,N,01136.3742159,E,8.4,38.4,221220,3.6,W,D*15
$GPGGA,110445.80,4811.9135353,N,01136.3742159,E,4,14,0.9,499.2205,M,47.5439,M,0.8,2973*45
$GPGST,110445.80,0.104,0.008,0.006,353.707,0.008,0.006,0.012*59
$GPRMC,110445.90,A,4811.9137149,N,01136.3744365,E,8.4,41.2,221220,3.6,W,D*1C
$GPGGA,110445.90,4811.9137149,N,01136.3744365,E,4,14,0.9,499.2206,M,47.5439,M,0.9,2973*46
$GPGST,110445.90,0.104,0.008,0.006,353.401,0.008,0.006,0.012*5D
$GPRMC,110446.00,A,4811.9138896,N,01136.3746722,E,8.5,43.6,221220,3.6,W,D*10
$GPGGA,110446.00,4811.9138896,N,01136.3746722,E,4,14,0.9,499.2168,M,47.5439,M,1.0,2973*4E
$GPGST,110446.00,0.104,0.008,0.006,353.119,0.008,0.006,0.012*5B
$GPRMC,110446.10,A,4811.9140549,N,01136.3749225,E,8.6,46.5,221220,3.6,W,D*19
$GPGGA,110446.10,4811.9140549,N,01136.3749225,E,4,14,0.9,499.2081,M,47.5439,M,1.1,2973*45
$GPGST,110446.10,0.073,0.008,0.006,352.809,0.008,0.006,0.012*52
$GPRMC,110446.20,A,4811.9142122,N,01136.3751900,E,8.6,50.2,221220,3.6,W,D*14
$GPGGA,110446.20,4811.9142122,N,01136.3751900,E,4,14,0.9,499.1962,M,47.5439,M,1.2,2973*4C
$GPGST,110446.20,0.073,0.008,0.006,352.810,0.008,0.006,0.012*59
$GPRMC,110446.30,A,4811.9143614,N,01136.3754723,E,8.7,53.4,221220,3.6,W,D*18
$GPGGA,110446.30,4811.9143614,N,01136.3754723,E,4,14,0.9,499.1878,M,47.5439,M,1.3,2973*4F
$GPGST,110446.30,0.073,0.008,0.006,353.129,0.008,0.006,0.012*5A
$GPRMC,110446.40,A,4811.9144988,N,01136.3757704,E,8.8,56.7,221220,3.6,W,D*1D
$GPGGA,110446.40,4811.9144988,N,01136.3757704,E,4,14,0.9,499.1771,M,47.5439,M,1.4,2973*42
$GPGST,110446.40,0.073,0.008,0.006,353.404,0.008,0.006,0.012*57
$GPRMC,110446.50,A,4811.9146280,N,01136.3760804,E,8.9,60.0,221220,3.6,W,D*15
$GPGGA,110446.50,4811.9146280,N,01136.3760804,E,4,14,0.9,499.1712,M,47.5439,M,1.5,2973*4D
$GPGST,110446.50,0.073,0.008,0.006,353.509,0.008,0.006,0.012*5A
$GPRMC,110446.60,A,4811.9147462,N,01136.3764019,E,8.9,62.7,221220,3.6,W,D*18
$GPGGA,110446.60,4811.9147462,N,01136.3764019,E,4,14,0.9,499.1703,M,47.5439,M,0.6,2973*47
$GPGST,110446.60,0.304,0.008,0.006,353.865,0.008,0.006,0.013*5C
$GPRMC,110446.70,A,4811.9148564,N,01136.3767357,E,9.0,65.0,221220,3.6,W,D*13
$GPGGA,110446.70,4811.9148564,N,01136.3767357,E,4,14,0.9,499.1658,M,47.5439,M,0.7,2973*4A
$GPGST,110446.70,0.304,0.008,0.006,354.165,0.008,0.006,0.013*53
$GPRMC,110446.80,A,4811.9149532,N,01136.3770850,E,9.2,68.3,221220,3.6,W,D*18
$GPGGA,110446.80,4811.9149532,N,01136.3770850,E,4,14,0.9,499.1600,M,47.5439,M,0.8,2973*4F
$GPGST,110446.80,0.304,0.008,0.006,354.079,0.008,0.006,0.013*50
$GPRMC,110446.90,A,4811.9150328,N,01136.3774470,E,9.3,73.0,221220,3.6,W,D*1E
$GPGGA,110446.90,4811.9150328,N,01136.3774470,E,4,14,0.9,499.1487,M,47.5439,M,0.9,2973*4D
$GPGST,110446.90,0.304,0.008,0.006,354.071,0.008,0.006,0.013*59
$GPRMC,110447.00,A,4811.9150994,N,01136.3778168,E,9.3,77.0,221220,3.6,W,D*1F
$GPGGA,110447.00,4811.9150994,N,01136.3778168,E,4,14,0.9,499.1377,M,47.5439,M,1.0,2973*48
$GPGST,110447.00,0.304,0.008,0.006,353.826,0.008,0.006,0.013*5C
$GPRMC,110447.10,A,4811.9151590,N,01136.3781955,E,9.4,78.8,221220,3.6,W,D*17
$GPGGA,110447.10,4811.9151590,N,01136.3781955,E,4,14,0.9,499.1309,M,47.5439,M,1.1,2973*48
$GPGST,110447.10,0.194,0.008,0.006,353.714,0.008,0.006,0.012*59
$GPRMC,110447.20,A,4811.9152146,N,01136.3785822,E,9.6,79.3,221220,3.6,W,D*15
$GPGGA,110447.20,4811.9152146,N,01136.3785822,E,4,14,0.9,499.1285,M,47.5439,M,1.2,2973*44
$GPGST,110447.20,0.194,0.008,0.006,353.653,0.008,0.006,0.012*58
$GPRMC,110447.30,A,4811.9152595,N,01136.3789785,E,9.8,80.8,221220,3.6,W,D*13
$GPGGA,110447.30,4811.9152595,N,01136.3789785,E,4,14,0.9,499.1339,M,47.5439,M,1.3,2973*46
$GPGST,110447.30,0.194,0.008,0.006,353.314,0.008,0.006,0.012*5F
$GPRMC,110447.40,A,4811.9152879,N,01136.3793804,E,9.9,84.5,221220,3.6,W,D*1E
$GPGGA,110447.40,4811.9152879,N,01136.3793804,E,4,14,0.9,499.1367,M,47.5439,M,1.4,2973*4F
$GPGST,110447.40,0.194,0.008,0.006,353.525,0.008,0.006,0.012*5C
$GPRMC,110447.50,A,4811.9153051,N,01136.3797860,E,9.9,88.1,221220,3.6,W,D*12
$GPGGA,110447.50,4811.9153051,N,01136.3797860,E,4,14,0.9,499.1228,M,47.5439,M,1.5,2973*40
$GPGST,110447.50,0.194,0.008,0.006,353.612,0.008,0.006,0.012*5A
$GPRMC,110447.60,A,4811.9153114,N,01136.3801941,E,9.9,90.0,221220,3.6,W,D*1B
$GPGGA,110447.60,4811.9153114,N,01136.3801941,E,4,14,0.9,499.1210,M,47.5438,M,0.6,2973*49
$GPGST,110447.60,0.189,0.008,0.006,353.855,0.008,0.006,0.012*58
$GPRMC,110447.70,A,4811.9153109,N,01136.3806116,E,10.1,91.4,221220,3.6,W,D*2E
$GPGGA,110447.70,4811.9153109,N,01136.3806116,E,4,14,0.9,499.1199,M,47.5438,M,0.7,2973*4A
$GPGST,110447.70,0.189,0.008,0.006,354.129,0.008,0.006,0.013*5D
$GPRMC,110447.80,A,4811.9153009,N,01136.3810353,E,10.3,92.7,221220,3.6,W,D*26
$GPGGA,110447.80,4811.9153009,N,01136.3810353,E,4,14,0.9,499.1232,M,47.5438,M,0.8,2973*4D
$GPGST,110447.80,0.189,0.008,0.006,353.977,0.008,0.006,0.013*56
$GPRMC,110447.90,A,4811.9152807,N,01136.3814623,E,10.4,94.7,221220,3.6,W,D*27
$GPGGA,110447.90,4811.9152807,N,01136.3814623,E,4,14,0.9,499.1241,M,47.5438,M,0.9,2973*48
$GPGST,110447.90,0.189,0.008,0.006,353.849,0.008,0.006,0.013*5B
$GPRMC,110448.00,A,4811.9152497,N,01136.3818914,E,10.5,97.0,221220,3.6,W,D*26
$GPGGA,110448.00,4811.9152497,N,01136.3818914,E,4,14,0.9,499.1214,M,47.5438,M,1.0,2973*44
$GPGST,110448.00,0.189,0.008,0.006,353.506,0.008,0.006,0.012*5A
$GPRMC,110448.10,A,4811.9152094,N,01136.3823235,E,10.6,99.1,221220,3.6,W,D*2C
$GPGGA,110448.10,4811.9152094,N,01136.3823235,E,4,14,0.9,499.1141,M,47.5438,M,1.1,2973*40
$GPGST,110448.10,0.140,0.008,0.006,353.202,0.008,0.006,0.012*5D
$GPRMC,110448.20,A,4811.9151652,N,01136.3827591,E,10.7,100.0,221220,3.6,W,D*1C
$GPGGA,110448.20,4811.9151652,N,01136.3827591,E,4,14,0.9,499.1007,M,47.5438,M,1.2,2973*41
$GPGST,110448.20,0.140,0.008,0.006,353.294,0.008,0.006,0.012*51
$GPRMC,110448.30,A,4811.9151137,N,01136.3831973,E,10.8,100.6,221220,3.6,W,D*17
$GPGGA,110448.30,4811.9151137,N,01136.3831973,E,4,14,0.9,499.0937,M,47.5438,M,1.3,2973*49
$GPGST,110448.30,0.140,0.008,0.006,353.101,0.008,0.006,0.012*5F
$GPRMC,110448.40,A,4811.9150608,N,01136.3836426,E,10.9,101.0,221220,3.6,W,D*16
$GPGGA,110448.40,4811.9150608,N,01136.3836426,E,4,14,0.9,499.0851,M,47.5438,M,1.4,2973*48
$GPGST,110448.40,0.140,0.008,0.006,353.303,0.008,0.006,0.012*58
$GPRMC,110448.50,A,4811.9150006,N,01136.3840890,E,11.1,101.5,221220,3.6,W,D*13
$GPGGA,110448.50,4811.9150006,N,01136.3840890,E,4,14,0.9,499.0789,M,47.5438,M,1.5,2973*4A
$GPGST,110448.50,0.140,0.008,0.006,353.557,0.008,0.006,0.012*5E
$GPRMC,110448.60,A,4811.9149363,N,01136.3845370,E,11.1,102.6,221220,3.6,W,D*18
$GPGGA,110448.60,4811.9149363,N,01136.3845370,E,4,14,0.9,499.0656,M,47.5438,M,0.6,2973*40
$GPGST,110448.60,0.272,0.008,0.006,353.698,0.008,0.006,0.012*5F
$GPRMC,110448.70,A,4811.9148665,N,01136.3849868,E,11.1,103.5,221220,3.6,W,D*17
$GPGGA,110448.70,4811.9148665,N,01136.3849868,E,4,14,0.9,499.0562,M,47.5438,M,0.7,2973*48
$GPGST,110448.70,0.272,0.008,0.006,353.901,0.008,0.006,0.013*50
$GPRMC,110448.80,A,4811.9147932,N,01136.3854400,E,11.3,104.1,221220,3.6,W,D*15
$GPGGA,110448.80,4811.9147932,N,01136.3854400,E,4,14,0.9,499.0471,M,47.5438,M,0.8,2973*47
$GPGST,110448.80,0.272,0.008,0.006,354.015,0.008,0.006,0.013*54
$GPRMC,110448.90,A,4811.9147133,N,01136.3859000,E,11.5,104.8,221220,3.6,W,D*1B
$GPGGA,110448.90,4811.9147133,N,01136.3859000,E,4,14,0.9,499.0328,M,47.5438,M,0.9,2973*4C
$GPGST,110448.90,0.272,0.008,0.006,354.062,0.008,0.006,0.013*55
$GPRMC,110449.00,A,4811.9146320,N,01136.3863645,E,11.7,105.3,221220,3.6,W,D*14
$GPGGA,110449.00,4811.9146320,N,01136.3863645,E,4,14,0.9,499.0267,M,47.5438,M,1.0,2973*49
$GPGST,110449.00,0.272,0.008,0.006,353.773,0.008,0.006,0.012*5C
$GPRMC,110449.10,A,4811.9145504,N,01136.3868333,E,11.8,105.0,221220,3.6,W,D*15
$GPGGA,110449.10,4811.9145504,N,01136.3868333,E,4,14,0.9,499.0187,M,47.5438,M,1.1,2973*48
$GPGST,110449.10,0.178,0.008,0.006,353.135,0.008,0.006,0.012*50
$GPRMC,110449.20,A,4811.9144649,N,01136.3873063,E,11.9,105.0,221220,3.6,W,D*10
$GPGGA,110449.20,4811.9144649,N,01136.3873063,E,4,14,0.9,499.0105,M,47.5438,M,1.2,2973*45
$GPGST,110449.20,0.178,0.008,0.006,352.883,0.008,0.006,0.012*56
$GPRMC,110449.30,A,4811.9143733,N,01136.3877802,E,12.0,106.1,221220,3.6,W,D*19
$GPGGA,110449.30,4811.9143733,N,01136.3877802,E,4,14,0.9,498.9998,M,47.5438,M,1.3,2973*41
$GPGST,110449.30,0.178,0.008,0.006,352.997,0.008,0.006,0.012*53
$GPRMC,110449.40,A,4811.9142763,N,01136.3882542,E,12.0,107.4,221220,3.6,W,D*1D
$GPGGA,110449.40,4811.9142763,N,01136.3882542,E,4,14,0.9,498.9893,M,47.5438,M,1.4,2973*4C
$GPGST,110449.40,0.178,0.008,0.006,353.331,0.008,0.006,0.012*53
$GPRMC,110449.50,A,4811.9141734,N,01136.3887316,E,12.1,108.4,221220,3.6,W,D*11
$GPGGA,110449.50,4811.9141734,N,01136.3887316,E,4,14,0.9,498.9749,M,47.5438,M,1.5,2973*47
$GPGST,110449.50,0.178,0.008,0.006,353.324,0.008,0.006,0.012*56
$GPRMC,110449.60,A,4811.9140671,N,01136.3892159,E,12.3,108.7,221220,3.6,W,D*1F
$GPGGA,110449.60,4811.9140671,N,01136.3892159,E,4,14,0.9,498.9705,M,47.5438,M,0.6,2973*42
$GPGST,110449.60,0.141,0.008,0.006,353.434,0.008,0.006,0.012*59
$GPRMC,110449.70,A,4811.9139559,N,01136.3897019,E,12.5,109.0,221220,3.6,W,D*19
$GPGGA,110449.70,4811.9139559,N,01136.3897019,E,4,14,0.9,498.9638,M,47.5438,M,0.7,2973*4A
$GPGST,110449.70,0.141,0.008,0.006,353.606,0.008,0.006,0.012*5B
$GPRMC,110449.80,A,4811.9138417,N,01136.3901865,E,12.5,109.7,221220,3.6,W,D*16
$GPGGA,110449.80,4811.9138417,N,01136.3901865,E,4,14,0.9,498.9592,M,47.5438,M,0.8,2973*4E
$GPGST,110449.80,0.141,0.008,0.006,353.419,0.008,0.006,0.013*59
$GPRMC,110449.90,A,4811.9137272,N,01136.3906764,E,12.5,109.7,221220,3.6,W,D*14
$GPGGA,110449.90,4811.9137272,N,01136.3906764,E,4,14,0.9,498.9504,M,47.5438,M,0.9,2973*42
$GPGST,110449.90,0.141,0.008,0.006,353.279,0.008,0.006,0.013*58
$GPRMC,110450.00,A,4811.9136075,N,01136.3911675,E,12.6,109.9,221220,3.6,W,D*1B
$GPGGA,110450.00,4811.9136075,N,01136.3911675,E,4,14,0.9,498.9451,M,47.5438,M,1.0,2973*49
$GPGST,110450.00,0.141,0.008,0.006,353.033,0.008,0.006,0.012*54
$GPRMC,110450.10,A,4811.9134854,N,01136.3916566,E,12.7,110.7,221220,3.6,W,D*12
$GPGGA,110450.10,4811.9134854,N,01136.3916566,E,4,14,0.9,498.9413,M,47.5437,M,1.1,2973*4F
$GPGST,110450.10,0.112,0.008,0.006,352.763,0.008,0.006,0.012*50
$GPRMC,110450.20,A,4811.9133635,N,01136.3921458,E,12.6,110.7,221220,3.6,W,D*16
$GPGGA,110450.20,4811.9133635,N,01136.3921458,E,4,14,0.9,498.9340,M,47.5437,M,1.2,2973*48
$GPGST,110450.20,0.112,0.008,0.006,352.814,0.008,0.006,0.012*5C
$GPRMC,110450.30,A,4811.9132429,N,01136.3926356,E,12.6,110.3,221220,3.6,W,D*13
$GPGGA,110450.30,4811.9132429,N,01136.3926356,E,4,14,0.9,498.9411,M,47.5437,M,1.3,2973*4B
$GPGST,110450.30,0.112,0.008,0.006,352.856,0.008,0.006,0.012*5B
$GPRMC,110450.40,A,4811.9131230,N,01136.3931254,E,12.6,110.0,221220,3.6,W,D*1F
$GPGGA,110450.40,4811.9131230,N,01136.3931254,E,4,14,0.9,498.9513,M,47.5437,M,1.4,2973*40
$GPGST,110450.40,0.112,0.008,0.006,353.075,0.008,0.006,0.012*54
$GPRMC,110450.50,A,4811.9129990,N,01136.3936120,E,12.5,110.5,221220,3.6,W,D*17
$GPGGA,110450.50,4811.9129990,N,01136.3936120,E,4,14,0.9,498.9530,M,47.5437,M,1.5,2973*4E
$GPGST,110450.50,0.112,0.008,0.006,353.535,0.008,0.006,0.013*55
$GPRMC,110450.60,A,4811.9128702,N,01136.3941067,E,12.7,111.5,221220,3.6,W,D*11
$GPGGA,110450.60,4811.9128702,N,01136.3941067,E,4,15,0.8,498.9623,M,47.5437,M,0.6,2973*48
$GPGST,110450.60,0.591,0.008,0.006,354.073,0.008,0.006,0.013*59
$GPRMC,110450.70,A,4811.9127438,N,01136.3946039,E,12.9,111.4,221220,3.6,W,D*16
$GPGGA,110450.70,4811.9127438,N,01136.3946039,E,4,15,0.8,498.9818,M,47.5437,M,0.7,2973*47
$GPGST,110450.70,0.591,0.008,0.006,353.942,0.008,0.006,0.013*54
$GPRMC,110450.80,A,4811.9126178,N,01136.3950990,E,12.8,110.7,221220,3.6,W,D*17
$GPGGA,110450.80,4811.9126178,N,01136.3950990,E,4,15,0.8,498.9955,M,47.5437,M,0.8,2973*42
$GPGST,110450.80,0.591,0.008,0.006,353.909,0.008,0.006,0.013*54
$GPRMC,110450.90,A,4811.9124950,N,01136.3955829,E,12.5,110.6,221220,3.6,W,D*1C
$GPGGA,110450.90,4811.9124950,N,01136.3955829,E,4,14,0.9,499.0075,M,47.5437,M,0.9,2973*47
$GPGST,110450.90,0.591,0.008,0.006,354.125,0.008,0.006,0.013*54
$GPRMC,110451.00,A,4811.9123689,N,01136.3960612,E,12.2,111.4,221220,3.6,W,D*1C
$GPGGA,110451.00,4811.9123689,N,01136.3960612,E,4,14,0.9,499.0253,M,47.5437,M,1.0,2973*4D
$GPGST,110451.00,0.591,0.008,0.006,354.282,0.008,0.006,0.013*52
$GPRMC,110451.10,A,4811.9122460,N,01136.3965359,E,12.2,111.7,221220,3.6,W,D*15
$GPGGA,110451.10,4811.9122460,N,01136.3965359,E,4,14,0.9,499.0252,M,47.5437,M,1.1,2973*47
$GPGST,110451.10,0.100,0.008,0.006,354.122,0.008,0.006,0.013*56
$GPRMC,110451.20,A,4811.9121235,N,01136.3970073,E,12.1,111.2,221220,3.6,W,D*1A
$GPGGA,110451.20,4811.9121235,N,01136.3970073,E,4,14,0.9,499.0286,M,47.5437,M,1.2,2973*44
$GPGST,110451.20,0.100,0.008,0.006,354.322,0.008,0.006,0.013*57
$GPRMC,110451.30,A,4811.9119977,N,01136.3974801,E,12.2,111.4,221220,3.6,W,D*11
$GPGGA,110451.30,4811.9119977,N,01136.3974801,E,4,14,0.9,499.0357,M,47.5437,M,1.3,2973*46
$GPGST,110451.30,0.100,0.008,0.006,354.445,0.008,0.006,0.013*50
$GPRMC,110451.40,A,4811.9118740,N,01136.3979544,E,12.3,111.6,221220,3.6,W,D*1F
$GPGGA,110451.40,4811.9118740,N,01136.3979544,E,4,14,0.9,499.0473,M,47.5437,M,1.4,2973*4D
$GPGST,110451.40,0.100,0.008,0.006,354.990,0.008,0.006,0.013*52
$GPRMC,110451.50,A,4811.9117524,N,01136.3984228,E,12.2,111.0,221220,3.6,W,D*19
$GPGGA,110451.50,4811.9117524,N,01136.3984228,E,4,14,0.9,499.0550,M,47.5437,M,1.5,2973*4D
$GPGST,110451.50,0.100,0.008,0.006,355.207,0.008,0.006,0.013*57
$GPRMC,110451.60,A,4811.9116312,N,01136.3988833,E,11.9,110.8,221220,3.6,W,D*15
$GPGGA,110451.60,4811.9116312,N,01136.3988833,E,4,14,0.9,499.0646,M,47.5437,M,0.6,2973*46
$GPGST,110451.60,0.231,0.008,0.006,354.933,0.008,0.006,0.013*58
$GPRMC,110451.70,A,4811.9115090,N,01136.3993429,E,11.8,111.9,221220,3.6,W,D*12
$GPGGA,110451.70,4811.9115090,N,01136.3993429,E,4,14,0.9,499.0708,M,47.5437,M,0.7,2973*4A
$GPGST,110451.70,0.231,0.008,0.006,354.788,0.008,0.006,0.013*57
$GPRMC,110451.80,A,4811.9113875,N,01136.3997996,E,11.8,112.1,221220,3.6,W,D*1E
$GPGGA,110451.80,4811.9113875,N,01136.3997996,E,4,14,0.9,499.0709,M,47.5437,M,0.8,2973*43
$GPGST,110451.80,0.231,0.008,0.006,354.624,0.008,0.006,0.013*5F
$GPRMC,110451.90,A,4811.9112656,N,01136.4002549,E,11.8,111.8,221220,3.6,W,D*17
$GPGGA,110451.90,4811.9112656,N,01136.4002549,E,4,14,0.9,499.0766,M,47.5437,M,0.9,2973*48
$GPGST,110451.90,0.231,0.008,0.006,354.372,0.008,0.006,0.013*58
$GPRMC,110452.00,A,4811.9111498,N,01136.4007098,E,11.7,111.1,221220,3.6,W,D*14
$GPGGA,110452.00,4811.9111498,N,01136.4007098,E,4,14,0.9,499.0842,M,47.5437,M,1.0,2973*4C
$GPGST,110452.00,0.231,0.008,0.006,354.577,0.008,0.006,0.013*51
$GPRMC,110452.10,A,4811.9110311,N,01136.4011582,E,11.6,111.1,221220,3.6,W,D*1A
$GPGGA,110452.10,4811.9110311,N,01136.4011582,E,4,14,0.9,499.0949,M,47.5437,M,1.1,2973*48
$GPGST,110452.10,0.194,0.008,0.006,354.717,0.008,0.006,0.013*58
$GPRMC,110452.20,A,4811.9109110,N,01136.4016004,E,11.4,112.3,221220,3.6,W,D*1D
$GPGGA,110452.20,4811.9109110,N,01136.4016004,E,4,14,0.9,499.1022,M,47.5437,M,1.2,2973*4A
$GPGST,110452.20,0.194,0.008,0.006,354.646,0.008,0.006,0.013*5E
$GPRMC,110452.30,A,4811.9107967,N,01136.4020444,E,11.4,111.8,221220,3.6,W,D*17
$GPGGA,110452.30,4811.9107967,N,01136.4020444,E,4,14,0.9,499.1005,M,47.5437,M,1.3,2973*4C
$GPGST,110452.30,0.194,0.008,0.006,354.826,0.008,0.006,0.013*57
$GPRMC,110452.40,A,4811.9106866,N,01136.4024956,E,11.5,109.8,221220,3.6,W,D*13
$GPGGA,110452.40,4811.9106866,N,01136.4024956,E,4,14,0.9,499.0957,M,47.5437,M,1.4,2973*48
$GPGST,110452.40,0.194,0.008,0.006,355.033,0.008,0.006,0.013*5D
$GPRMC,110452.50,A,4811.9105685,N,01136.4029358,E,11.5,110.6,221220,3.6,W,D*1D
$GPGGA,110452.50,4811.9105685,N,01136.4029358,E,4,14,0.9,499.0984,M,47.5437,M,1.5,2973*4F
$GPGST,110452.50,0.194,0.008,0.006,355.171,0.008,0.006,0.013*5B
$GPRMC,110452.60,A,4811.9104437,N,01136.4033608,E,11.2,114.1,221220,3.6,W,D*1B
$GPGGA,110452.60,4811.9104437,N,01136.4033608,E,4,15,0.8,499.1151,M,47.5436,M,0.6,2973*4F
$GPGST,110452.60,0.222,0.008,0.006,355.536,0.008,0.006,0.013*51
$GPRMC,110452.70,A,4811.9103252,N,01136.4037794,E,10.8,114.4,221220,3.6,W,D*16
$GPGGA,110452.70,4811.9103252,N,01136.4037794,E,4,15,0.8,499.1259,M,47.5436,M,0.7,2973*46
$GPGST,110452.70,0.222,0.008,0.006,354.385,0.008,0.006,0.013*5F
$GPRMC,110452.80,A,4811.9102237,N,01136.4041970,E,10.6,110.1,221220,3.6,W,D*11
$GPGGA,110452.80,4811.9102237,N,01136.4041970,E,4,15,0.8,499.1280,M,47.5436,M,0.8,2973*45
$GPGST,110452.80,0.222,0.008,0.006,353.730,0.008,0.006,0.013*5D
$GPRMC,110452.90,A,4811.9101264,N,01136.4046117,E,10.5,107.6,221220,3.6,W,D*19
$GPGGA,110452.90,4811.9101264,N,01136.4046117,E,4,15,0.8,499.1205,M,47.5436,M,0.9,2973*43
$GPGST,110452.90,0.222,0.008,0.006,353.494,0.008,0.006,0.013*51
$GPRMC,110453.00,A,4811.9100162,N,01136.4050230,E,10.5,110.2,221220,3.6,W,D*16
$GPGGA,110453.00,4811.9100162,N,01136.4050230,E,4,15,0.8,499.1257,M,47.5436,M,1.0,2973*41
$GPGST,110453.00,0.222,0.008,0.006,353.178,0.008,0.006,0.013*5E
$GPRMC,110453.10,A,4811.9098941,N,01136.4054274,E,10.7,114.7,221220,3.6,W,D*19
$GPGGA,110453.10,4811.9098941,N,01136.4054274,E,4,15,0.8,499.1541,M,47.5436,M,1.1,2973*4C
$GPGST,110453.10,0.126,0.008,0.006,352.445,0.008,0.006,0.013*52
$GPRMC,110453.20,A,4811.9097773,N,01136.4058274,E,10.6,115.6,221220,3.6,W,D*17
$GPGGA,110453.20,4811.9097773,N,01136.4058274,E,4,15,0.8,499.1799,M,47.5436,M,1.2,2973*47
$GPGST,110453.20,0.126,0.008,0.006,352.312,0.008,0.006,0.013*54
$GPRMC,110453.30,A,4811.9096779,N,01136.4062252,E,10.2,111.5,221220,3.6,W,D*13
$GPGGA,110453.30,4811.9096779,N,01136.4062252,E,4,15,0.8,499.1871,M,47.5436,M,1.3,2973*48
$GPGST,110453.30,0.126,0.008,0.006,352.558,0.008,0.006,0.013*5D
$GPRMC,110453.40,A,4811.9095818,N,01136.4066099,E,9.8,108.6,221220,3.6,W,D*27
$GPGGA,110453.40,4811.9095818,N,01136.4066099,E,4,15,0.8,499.1869,M,47.5436,M,1.4,2973*4B
$GPGST,110453.40,0.126,0.008,0.006,352.810,0.008,0.006,0.012*5A
$GPRMC,110453.50,A,4811.9094858,N,01136.4069813,E,9.4,110.1,221220,3.6,W,D*24
$GPGGA,110453.50,4811.9094858,N,01136.4069813,E,4,14,0.9,499.1907,M,47.5436,M,1.5,2973*42
$GPGST,110453.50,0.126,0.008,0.006,353.673,0.008,0.006,0.012*51
$GPRMC,110453.60,A,4811.9093929,N,01136.4073408,E,9.1,111.6,221220,3.6,W,D*29
$GPGGA,110453.60,4811.9093929,N,01136.4073408,E,4,14,0.9,499.2090,M,47.5436,M,0.6,2973*4A
$GPGST,110453.60,0.149,0.008,0.006,354.502,0.008,0.006,0.012*59
$GPRMC,110453.70,A,4811.9093015,N,01136.4076822,E,8.7,111.9,221220,3.6,W,D*27
$GPGGA,110453.70,4811.9093015,N,01136.4076822,E,4,13,1.0,499.2159,M,47.5436,M,0.7,2973*46
$GPGST,110453.70,0.149,0.009,0.006,354.589,0.009,0.006,0.014*5D
$GPRMC,110453.80,A,4811.9092184,N,01136.4080131,E,8.3,111.2,221220,3.6,W,D*2D
$GPGGA,110453.80,4811.9092184,N,01136.4080131,E,4,13,1.0,499.2236,M,47.5436,M,0.8,2973*46
$GPGST,110453.80,0.149,0.009,0.007,353.529,0.009,0.007,0.015*5E
$GPRMC,110453.90,A,4811.9091349,N,01136.4083347,E,8.1,110.7,221220,3.6,W,D*2A
$GPGGA,110453.90,4811.9091349,N,01136.4083347,E,4,13,1.0,499.2161,M,47.5436,M,0.9,2973*47
$GPGST,110453.90,0.149,0.009,0.007,352.550,0.009,0.007,0.015*50
$GPRMC,110454.00,A,4811.9090556,N,01136.4086487,E,7.9,110.8,221220,3.6,W,D*2B
$GPGGA,110454.00,4811.9090556,N,01136.4086487,E,4,13,1.0,499.2217,M,47.5436,M,1.0,2973*44
$GPGST,110454.00,0.149,0.009,0.007,351.884,0.009,0.007,0.016*5A
$GPRMC,110454.10,A,4811.9089819,N,01136.4089563,E,7.8,109.6,221220,3.6,W,D*27
$GPGGA,110454.10,4811.9089819,N,01136.4089563,E,4,13,1.0,499.2188,M,47.5436,M,1.1,2973*4B
$GPGST,110454.10,0.096,0.009,0.007,350.553,0.009,0.007,0.016*5E
$GPRMC,110454.20,A,4811.9089112,N,01136.4092599,E,7.6,108.8,221220,3.6,W,D*28
$GPGGA,110454.20,4811.9089112,N,01136.4092599,E,4,13,1.0,499.2401,M,47.5436,M,1.2,2973*42
$GPGST,110454.20,0.096,0.009,0.007,349.756,0.009,0.007,0.016*52
$GPRMC,110454.30,A,4811.9088376,N,01136.4095473,E,7.4,110.4,221220,3.6,W,D*2D
$GPGGA,110454.30,4811.9088376,N,01136.4095473,E,4,13,1.0,499.2580,M,47.5436,M,1.3,2973*49
$GPGST,110454.30,0.096,0.009,0.007,350.126,0.009,0.007,0.017*5B
$GPRMC,110454.40,A,4811.9087651,N,01136.4098218,E,7.0,112.5,221220,3.6,W,D*24
$GPGGA,110454.40,4811.9087651,N,01136.4098218,E,4,13,1.0,499.2894,M,47.5436,M,1.4,2973*48
$GPGST,110454.40,0.096,0.010,0.007,350.328,0.010,0.007,0.017*50
$GPRMC,110454.50,A,4811.9086964,N,01136.4100828,E,6.6,112.2,221220,3.6,W,D*24
$GPGGA,110454.50,4811.9086964,N,01136.4100828,E,4,13,1.0,499.3007,M,47.5436,M,1.5,2973*4A
$GPGST,110454.50,0.096,0.010,0.007,351.284,0.010,0.007,0.018*58
$GPRMC,110454.60,A,4811.9086356,N,01136.4103310,E,6.3,110.8,221220,3.6,W,D*22
$GPGGA,110454.60,4811.9086356,N,01136.4103310,E,4,13,1.0,499.3106,M,47.5436,M,0.6,2973*43
$GPGST,110454.60,0.190,0.010,0.007,350.911,0.010,0.008,0.019*54
$GPRMC,110454.70,A,4811.9085890,N,01136.4105617,E,5.8,107.0,221220,3.6,W,D*23
$GPGGA,110454.70,4811.9085890,N,01136.4105617,E,4,13,1.0,499.3176,M,47.5436,M,0.7,2973*42
$GPGST,110454.70,0.190,0.011,0.008,350.381,0.010,0.008,0.020*52
$GPRMC,110454.80,A,4811.9085338,N,01136.4107919,E,5.7,106.0,221220,3.6,W,D*28
$GPGGA,110454.80,4811.9085338,N,01136.4107919,E,4,12,1.0,499.3599,M,47.5436,M,0.8,2973*4C
$GPGST,110454.80,0.190,0.011,0.008,349.478,0.011,0.008,0.021*54
$GPRMC,110454.90,A,4811.9084819,N,01136.4109901,E,5.3,111.2,221220,3.6,W,D*27
$GPGGA,110454.90,4811.9084819,N,01136.4109901,E,4,12,1.0,499.3581,M,47.5436,M,0.9,2973*4B
$GPGST,110454.90,0.190,0.011,0.009,354.613,0.011,0.009,0.022*55
$GPRMC,110455.00,A,4811.9084290,N,01136.4111692,E,4.5,115.5,221220,3.6,W,D*2C
$GPGGA,110455.00,4811.9084290,N,01136.4111692,E,4,11,1.2,499.4214,M,47.5436,M,1.0,2973*41
$GPGST,110455.00,0.190,0.011,0.009,358.350,0.011,0.009,0.023*52
$GPRMC,110455.10,A,4811.9083849,N,01136.4113578,E,4.2,112.9,221220,3.6,W,D*2D
$GPGGA,110455.10,4811.9083849,N,01136.4113578,E,4,08,1.7,499.3681,M,47.5436,M,1.1,2973*4F
$GPGST,110455.10,0.136,0.011,0.010,12.478,0.011,0.010,0.024*68
$GPRMC,110455.20,A,4811.9083268,N,01136.4115124,E,4.0,115.3,221220,3.6,W,D*23
$GPGGA,110455.20,4811.9083268,N,01136.4115124,E,4,08,1.7,499.3968,M,47.5436,M,1.2,2973*45
$GPGST,110455.20,0.136,0.013,0.010,27.037,0.012,0.011,0.026*60
$GPRMC,110455.30,A,4811.9082963,N,01136.4116689,E,3.6,112.9,221220,3.6,W,D*2C
$GPGGA,110455.30,4811.9082963,N,01136.4116689,E,4,08,1.7,499.3860,M,47.5436,M,1.3,2973*4E
$GPGST,110455.30,0.136,0.016,0.011,41.364,0.014,0.014,0.029*6C
$GPRMC,110455.40,A,4811.9082684,N,01136.4118274,E,3.1,110.0,221220,3.6,W,D*29
$GPGGA,110455.40,4811.9082684,N,01136.4118274,E,4,08,1.7,499.3507,M,47.5436,M,1.4,2973*4C
$GPGST,110455.40,0.136,0.034,0.013,52.883,0.023,0.028,0.043*6E
$GPRMC,110455.50,A,4811.9082401,N,01136.4119738,E,2.9,116.0,221220,3.6,W,D*24
$GPGGA,110455.50,4811.9082401,N,01136.4119738,E,4,08,1.7,499.3229,M,47.5436,M,1.5,2973*44
$GPGST,110455.50,0.136,0.033,0.015,48.464,0.025,0.027,0.044*6E
$GPRMC,110455.60,A,4811.9081789,N,01136.4120598,E,2.9,130.1,221220,3.6,W,D*20
$GPGGA,110455.60,4811.9081789,N,01136.4120598,E,4,06,3.6,499.4192,M,47.5436,M,0.6,2973*4E
$GPGST,110455.60,0.227,0.047,0.020,39.990,0.038,0.034,0.052*62
$GPRMC,110455.70,A,4811.9080882,N,01136.4121210,E,2.7,132.6,221220,3.6,W,D*29
$GPGGA,110455.70,4811.9080882,N,01136.4121210,E,4,05,5.9,499.4651,M,47.5436,M,0.7,2973*4F
$GPGST,110455.70,0.227,0.058,0.020,43.189,0.044,0.042,0.058*60
$GPRMC,110455.80,V,,,,,,,221220,,,N*70
$GPGGA,110455.80,,,,,0,00,,,M,,M,,*44
$GPGST,110455.80,,,,,,,*75
$GPRMC,110455.90,V,,,,,,,221220,,,N*71
$GPGGA,110455.90,,,,,0,00,,,M,,M,,*45
$GPGST,110455.90,,,,,,,*74
$GPRMC,110456.00,V,,,,,,,221220,,,N*7B
$GPGGA,110456.00,,,,,0,00,,,M,,M,,*4F
$GPGST,110456.00,,,,,,,*7E
$GPRMC,110456.10,A,4811.9079765,N,01136.4123019,E,1.6,112.9,221220,3.6,W,A*2F
$GPGGA,110456.10,4811.9079765,N,01136.4123019,E,1,14,0.8,499.6332,M,47.5435,M,1.1,2973*44
$GPGST,110456.10,3.204,3.276,0.796,70.025,1.346,3.091,3.624*64
$GPRMC,110456.20,A,4811.9079348,N,01136.4123141,E,1.4,105.1,221220,3.6,W,A*27
$GPGGA,110456.20,4811.9079348,N,01136.4123141,E,1,12,0.8,499.7034,M,47.5435,M,1.2,2973*41
$GPGST,110456.20,3.204,3.277,0.796,70.025,1.346,3.092,3.624*65
$GPRMC,110456.30,A,4811.9079371,N,01136.4122458,E,1.6,111.7,221220,3.6,W,A*21
$GPGGA,110456.30,4811.9079371,N,01136.4122458,E,1,11,0.8,499.6878,M,47.5435,M,1.3,2973*45
$GPGST,110456.30,3.204,3.278,0.799,70.046,1.347,3.093,3.630*64
$GPRMC,110456.40,A,4811.9078481,N,01136.4122953,E,1.5,104.7,221220,3.6,W,A*2E
$GPGGA,110456.40,4811.9078481,N,01136.4122953,E,1,11,0.8,500.0347,M,47.5435,M,1.4,2973*4A
$GPGST,110456.40,3.204,3.278,0.796,70.029,1.347,3.093,3.625*61
$GPRMC,110456.50,A,4811.9078308,N,01136.4122476,E,2.6,126.7,221220,3.6,W,A*23
$GPGGA,110456.50,4811.9078308,N,01136.4122476,E,1,10,0.9,500.1342,M,47.5435,M,1.5,2973*42
$GPGST,110456.50,3.204,3.279,0.798,70.030,1.348,3.094,3.626*6C
$GPRMC,110456.60,A,4811.9078114,N,01136.4122310,E,1.5,124.3,221220,3.6,W,A*2E
$GPGGA,110456.60,4811.9078114,N,01136.4122310,E,1,10,0.9,500.1931,M,47.5435,M,0.6,2973*45
$GPGST,110456.60,5.703,13.722,5.497,68.196,7.213,12.903,14.569*5C
$GPRMC,110456.70,A,4811.9077623,N,01136.4120752,E,0.7,121.8,221220,3.6,W,A*2E
$GPGGA,110456.70,4811.9077623,N,01136.4120752,E,1,09,1.0,500.3659,M,47.5435,M,0.7,2973*4A
$GPGST,110456.70,5.703,13.722,5.497,68.196,7.213,12.903,14.569*5D
$GPRMC,110456.80,A,4811.9078785,N,01136.4118792,E,1.1,111.3,221220,3.6,W,A*2B
$GPGGA,110456.80,4811.9078785,N,01136.4118792,E,1,09,1.0,500.1611,M,47.5435,M,0.8,2973*41
$GPGST,110456.80,5.703,13.722,5.497,68.196,7.213,12.903,14.569*52
$GPRMC,110456.90,A,4811.9078836,N,01136.4118013,E,2.5,331.9,221220,3.6,W,A*2E
$GPGGA,110456.90,4811.9078836,N,01136.4118013,E,1,07,1.7,500.2494,M,47.5435,M,0.9,2973*4D
$GPGST,110456.90,5.703,13.722,5.497,68.196,7.213,12.903,14.569*53
$GPRMC,110457.00,A,4811.9077764,N,01136.4117981,E,3.7,333.3,221220,3.6,W,A*27
$GPGGA,110457.00,4811.9077764,N,01136.4117981,E,1,07,1.7,500.5390,M,47.5435,M,1.0,2973*43
$GPGST,110457.00,5.703,13.722,5.497,68.196,7.213,12.903,14.569*5B
$GPRMC,110457.10,A,4811.9077300,N,01136.4117802,E,0.7,7.1,221220,3.6,W,A*2F
$GPGGA,110457.10,4811.9077300,N,01136.4117802,E,1,07,1.7,500.6243,M,47.5435,M,1.1,2973*43
$GPGST,110457.10,2.555,68.445,6.539,67.891,26.463,63.460,67.649*6C
$GPRMC,110457.20,V,,,,,,,221220,,,N*78
$GPGGA,110457.20,,,,,0,00,21.5,,M,,M,,*54
$GPGST,110457.20,,,,,,,*7D
$GPRMC,110457.30,V,,,,,,,221220,,,N*79
$GPGGA,110457.30,,,,,0,00,1.4,,M,,M,,*66
$GPGST,110457.30,,,,,,,*7C
$GPRMC,110457.40,V,,,,,,,221220,,,N*7E
$GPGGA,110457.40,,,,,0,00,1.4,,M,,M,,*61
$GPGST,110457.40,,,,,,,*7B
$GPRMC,110457.50,V,,,,,,,221220,,,N*7F
$GPGGA,110457.50,,,,,0,00,1.4,,M,,M,,*60
$GPGST,110457.50,,,,,,,*7A
$GPRMC,110457.60,A,4811.9074000,N,01136.4135110,E,4.4,122.2,221220,3.6,W,A*20
$GPGGA,110457.60,4811.9074000,N,01136.4135110,E,1,06,9.4,499.9941,M,47.5435,M,0.6,2973*45
$GPGST,110457.60,2.286,81.433,4.351,69.370,28.979,76.226,78.069*66
$GPRMC,110457.70,V,,,,,,,221220,,,N*7D
$GPGGA,110457.70,,,,,0,00,21.5,,M,,M,,*51
$GPGST,110457.70,,,,,,,*78
$GPRMC,110457.80,V,,,,,,,221220,,,N*72
$GPGGA,110457.80,,,,,0,00,9.4,,M,,M,,*65
$GPGST,110457.80,,,,,,,*77
$GPRMC,110457.90,V,,,,,,,221220,,,N*73
$GPGGA,110457.90,,,,,0,00,9.4,,M,,M,,*64
$GPGST,110457.90,,,,,,,*76
$GPRMC,110458.00,V,,,,,,,221220,,,N*75
$GPGGA,110458.00,,,,,0,00,9.4,,M,,M,,*62
$GPGST,110458.00,,,,,,,*70
$GPRMC,110458.10,V,,,,,,,221220,,,N*74
$GPGGA,110458.10,,,,,0,00,21.6,,M,,M,,*5B
$GPGST,110458.10,,,,,,,*71
$GPRMC,110458.20,V,,,,,,,221220,,,N*77
$GPGGA,110458.20,,,,,0,00,9.4,,M,,M,,*60
$GPGST,110458.20,,,,,,,*72
$GPRMC,110458.30,V,,,,,,,221220,,,N*76
$GPGGA,110458.30,,,,,0,00,9.4,,M,,M,,*61
$GPGST,110458.30,,,,,,,*73
$GPRMC,110458.40,V,,,,,,,221220,,,N*71
$GPGGA,110458.40,,,,,0,00,9.4,,M,,M,,*66
$GPGST,110458.40,,,,,,,*74
$GPRMC,110458.50,V,,,,,,,221220,,,N*70
$GPGGA,110458.50,,,,,0,00,9.4,,M,,M,,*67
$GPGST,110458.50,,,,,,,*75
$GPRMC,110458.60,A,4811.9066464,N,01136.4154801,E,8.3,175.7,221220,3.6,W,A*28
$GPGGA,110458.60,4811.9066464,N,01136.4154801,E,1,05,9.5,501.4898,M,47.5435,M,0.6,2973*4B
$GPGST,110458.60,,83.337,16.839,77.481,24.425,81.438,70.936*7A
$GPRMC,110458.70,A,4811.9064094,N,01136.4154995,E,8.2,177.6,221220,3.6,W,A*2E
$GPGGA,110458.70,4811.9064094,N,01136.4154995,E,1,05,9.5,501.5265,M,47.5435,M,0.7,2973*47
$GPGST,110458.70,,83.338,16.849,77.479,24.433,81.438,70.936*73
$GPRMC,110458.80,A,4811.9061348,N,01136.4154676,E,8.0,180.1,221220,3.6,W,A*29
$GPGGA,110458.80,4811.9061348,N,01136.4154676,E,1,05,9.5,501.5108,M,47.5435,M,0.8,2973*4A
$GPGST,110458.80,,83.338,16.848,77.479,24.433,81.438,70.936*7D
$GPRMC,110458.90,A,4811.9059694,N,01136.4155365,E,7.8,180.2,221220,3.6,W,A*25
$GPGGA,110458.90,4811.9059694,N,01136.4155365,E,1,05,9.5,501.5655,M,47.5435,M,0.9,2973*4C
$GPGST,110458.90,,83.338,16.846,77.479,24.431,81.438,70.936*70
$GPRMC,110459.00,A,4811.9058415,N,01136.4155827,E,7.7,181.2,221220,3.6,W,A*24
$GPGGA,110459.00,4811.9058415,N,01136.4155827,E,1,05,9.5,501.5550,M,47.5435,M,1.0,2973*4D
$GPGST,110459.00,,83.340,16.868,77.475,24.451,81.439,70.936*70
$GPRMC,110459.10,A,4811.9056257,N,01136.4155825,E,7.6,181.9,221220,3.6,W,A*23
$GPGGA,110459.10,4811.9056257,N,01136.4155825,E,1,05,9.5,501.5431,M,47.5435,M,1.1,2973*47
$GPGST,110459.10,,83.339,16.855,77.478,24.439,81.439,70.936*72
$GPRMC,110459.20,A,4811.9055423,N,01136.4156882,E,7.7,179.8,221220,3.6,W,A*2F
$GPGGA,110459.20,4811.9055423,N,01136.4156882,E,1,05,9.5,501.6106,M,47.5435,M,1.2,2973*4D
$GPGST,110459.20,,83.346,16.831,77.474,24.427,81.444,70.943*70
$GPRMC,110459.30,A,4811.9055581,N,01136.4157970,E,6.5,180.1,221220,3.6,W,A*26
$GPGGA,110459.30,4811.9055581,N,01136.4157970,E,1,05,9.5,501.5733,M,47.5435,M,1.3,2973*4A
$GPGST,110459.30,,83.368,16.778,77.459,24.412,81.460,70.965*74
$GPRMC,110459.40,V,,,,,,,221220,,,N*70
$GPGGA,110459.40,,,,,0,00,,,M,,M,,*44
$GPGST,110459.40,,,,,,,*75
$GPRMC,110459.50,V,,,,,,,221220,,,N*71
$GPGGA,110459.50,,,,,0,00,,,M,,M,,*45
$GPGST,110459.50,,,,,,,*74
$GPRMC,110459.60,A,4811.9064329,N,01136.4168950,E,2.8,119.3,221220,3.6,W,A*20
$GPGGA,110459.60,4811.9064329,N,01136.4168950,E,1,05,6.1,502.2283,M,47.5435,M,0.6,2973*42
$GPGST,110459.60,,83.517,16.365,77.361,24.268,81.572,71.114*7D
$GPRMC,110459.70,A,4811.9062952,N,01136.4169125,E,3.0,127.3,221220,3.6,W,A*2E
$GPGGA,110459.70,4811.9062952,N,01136.4169125,E,1,05,6.1,502.2303,M,47.5435,M,0.7,2973*40
$GPGST,110459.70,,83.267,17.723,76.488,25.990,81.068,71.112*7F
$GPRMC,110459.80,A,4811.9061414,N,01136.4169019,E,2.9,128.6,221220,3.6,W,A*21
$GPGGA,110459.80,4811.9061414,N,01136.4169019,E,1,05,6.1,502.1887,M,47.5435,M,0.8,2973*46
$GPGST,110459.80,,82.466,21.454,73.781,30.902,79.411,70.824*70
$GPRMC,110459.90,A,4811.9061701,N,01136.4169469,E,2.8,128.2,221220,3.6,W,A*21
$GPGGA,110459.90,4811.9061701,N,01136.4169469,E,1,04,6.3,502.1528,M,47.5435,M,0.9,2973*49
$GPGST,110459.90,,81.421,26.076,68.746,38.233,76.469,70.027*79
$GPRMC,110500.00,V,,,,,,,221220,,,N*79
$GPGGA,110500.00,,,,,0,00,,,M,,M,,*4D
$GPGST,110500.00,,,,,,,*7C
$GPRMC,110500.10,V,,,,,,,221220,,,N*78
$GPGGA,110500.10,,,,,0,00,,,M,,M,,*4C
$GPGST,110500.10,,,,,,,*7D
$GPRMC,110500.20,V,,,,,,,221220,,,N*7B
$GPGGA,110500.20,,,,,0,00,,,M,,M,,*4F
$GPGST,110500.20,,,,,,,*7E
$GPRMC,110500.30,V,,,,,,,221220,,,N*7A
$GPGGA,110500.30,,,,,0,00,,,M,,M,,*4E
$GPGST,110500.30,,,,,,,*7F
$GPRMC,110500.40,V,,,,,,,221220,,,N*7D
$GPGGA,110500.40,,,,,0,00,,,M,,M,,*49
$GPGST,110500.40,,,,,,,*78
$GPRMC,110500.50,V,,,,,,,221220,,,N*7C
$GPGGA,110500.50,,,,,0,00,,,M,,M,,*48
$GPGST,110500.50,,,,,,,*79
$GPRMC,110500.60,A,4811.9063715,N,01136.4180505,E,3.6,108.9,221220,3.6,W,A*2E
$GPGGA,110500.60,4811.9063715,N,01136.4180505,E,1,06,3.0,502.7922,M,47.5435,M,,*6C
$GPGST,110500.60,17.885,66.029,18.115,70.045,28.244,62.371,114.198*5B
$GPRMC,110500.70,A,4811.9062864,N,01136.4180638,E,2.8,117.9,221220,3.6,W,A*2B
$GPGGA,110500.70,4811.9062864,N,01136.4180638,E,1,06,3.0,502.7403,M,47.5435,M,,*66
$GPGST,110500.70,17.885,66.031,18.127,70.041,28.255,62.372,114.199*54
$GPRMC,110500.80,A,4811.9061657,N,01136.4180482,E,2.4,124.9,221220,3.6,W,A*26
$GPGGA,110500.80,4811.9061657,N,01136.4180482,E,1,06,3.0,502.6019,M,47.5435,M,,*69
$GPGST,110500.80,17.885,66.031,18.123,70.042,28.252,62.372,114.198*5A
$GPRMC,110500.90,A,4811.9060364,N,01136.4180100,E,2.6,134.8,221220,3.6,W,A*2E
$GPGGA,110500.90,4811.9060364,N,01136.4180100,E,1,06,3.0,502.4986,M,47.5435,M,,*6E
$GPGST,110500.90,17.885,66.031,18.136,70.040,28.261,62.373,114.200*5E
$GPRMC,110501.00,A,4811.9059588,N,01136.4180320,E,2.3,134.1,221220,3.6,W,A*24
$GPGGA,110501.00,4811.9059588,N,01136.4180320,E,1,06,3.0,502.3895,M,47.5435,M,,*6C
$GPGST,110501.00,17.885,66.037,18.139,70.032,28.270,62.375,114.199*5F
$GPRMC,110501.10,A,4811.9059092,N,01136.4180525,E,2.2,142.4,221220,3.6,W,A*2D
$GPGGA,110501.10,4811.9059092,N,01136.4180525,E,1,07,2.2,502.3389,M,47.5435,M,,*64
$GPGST,110501.10,,66.030,18.126,70.042,28.254,62.372,114.199*4C
$GPRMC,110501.20,A,4811.9058624,N,01136.4181280,E,2.2,144.6,221220,3.6,W,A*29
$GPGGA,110501.20,4811.9058624,N,01136.4181280,E,1,07,2.2,502.3324,M,47.5435,M,,*63
$GPGST,110501.20,,66.614,18.079,69.870,28.525,62.853,114.555*48
$GPRMC,110501.30,A,4811.9057932,N,01136.4181842,E,2.6,144.6,221220,3.6,W,A*2F
$GPGGA,110501.30,4811.9057932,N,01136.4181842,E,1,07,2.2,502.3362,M,47.5435,M,,*63
$GPGST,110501.30,,68.333,17.926,69.395,29.323,64.272,115.616*40
$GPRMC,110501.40,A,4811.9057839,N,01136.4182564,E,2.5,149.9,221220,3.6,W,A*29
$GPGGA,110501.40,4811.9057839,N,01136.4182564,E,1,07,2.2,502.3579,M,47.5435,M,,*68
$GPGST,110501.40,,71.144,17.581,68.670,30.625,66.579,117.339*4C
$GPRMC,110501.50,A,4811.9057722,N,01136.4183566,E,2.5,151.1,221220,3.6,W,A*2F
$GPGGA,110501.50,4811.9057722,N,01136.4183566,E,1,07,2.2,502.3536,M,47.5435,M,,*64
$GPGST,110501.50,,74.974,17.059,67.763,32.471,69.698,119.677*4C
$GPRMC,110501.60,A,4811.9062372,N,01136.4188330,E,3.1,144.8,221220,3.6,W,A*2D
$GPGGA,110501.60,4811.9062372,N,01136.4188330,E,1,05,5.7,502.9639,M,47.5435,M,0.6,2973*4F
$GPGST,110501.60,,62.045,13.302,72.110,22.880,59.186,79.832*7C
$GPRMC,110501.70,A,4811.9060971,N,01136.4188491,E,3.2,146.6,221220,3.6,W,A*24
$GPGGA,110501.70,4811.9060971,N,01136.4188491,E,1,05,5.7,502.8841,M,47.5435,M,0.7,2973*48
$GPGST,110501.70,,62.048,13.305,72.099,22.892,59.186,79.825*72
$GPRMC,110501.80,A,4811.9059962,N,01136.4189013,E,3.1,150.2,221220,3.6,W,A*2C
$GPGGA,110501.80,4811.9059962,N,01136.4189013,E,1,05,5.7,502.8297,M,47.5435,M,0.8,2973*4E
$GPGST,110501.80,,62.044,13.285,72.109,22.872,59.184,79.826*7F
$GPRMC,110501.90,A,4811.9058654,N,01136.4189054,E,3.5,151.0,221220,3.6,W,A*22
$GPGGA,110501.90,4811.9058654,N,01136.4189054,E,1,05,5.7,502.6772,M,47.5435,M,0.9,2973*46
$GPGST,110501.90,,62.044,13.318,72.120,22.881,59.188,79.843*73
$GPRMC,110502.00,A,4811.9057545,N,01136.4189260,E,3.5,152.8,221220,3.6,W,A*2A
$GPGGA,110502.00,4811.9057545,N,01136.4189260,E,1,05,5.7,502.5924,M,47.5435,M,1.0,2973*43
$GPGST,110502.00,,62.045,13.294,72.107,22.878,59.185,79.827*71
$GPRMC,110502.10,A,4811.9056459,N,01136.4189909,E,3.6,152.1,221220,3.6,W,A*28
$GPGGA,110502.10,4811.9056459,N,01136.4189909,E,1,05,5.7,502.5234,M,47.5435,M,1.1,2973*40
$GPGST,110502.10,,62.043,13.280,72.110,22.868,59.183,79.825*70
$GPRMC,110502.20,A,4811.9056264,N,01136.4191002,E,3.8,149.0,221220,3.6,W,A*2D
$GPGGA,110502.20,4811.9056264,N,01136.4191002,E,1,05,5.7,502.5039,M,47.5435,M,1.2,2973*4C
$GPGST,110502.20,,62.008,13.264,72.080,22.876,59.140,79.842*7F
$GPRMC,110502.30,A,4811.9056127,N,01136.4192282,E,3.9,147.9,221220,3.6,W,A*27
$GPGGA,110502.30,4811.9056127,N,01136.4192282,E,1,04,8.0,502.4668,M,47.5435,M,1.3,2973*49
$GPGST,110502.30,,61.907,13.279,71.993,22.928,59.017,79.914*74
$GPRMC,110502.40,A,4811.9056928,N,01136.4193688,E,3.7,148.2,221220,3.6,W,A*22
$GPGGA,110502.40,4811.9056928,N,01136.4193688,E,1,04,8.0,502.4867,M,47.5435,M,1.4,2973*40
$GPGST,110502.40,,61.738,13.225,71.818,23.000,58.801,79.992*78
$GPRMC,110502.50,A,4811.9058816,N,01136.4195687,E,3.6,147.8,221220,3.6,W,A*2C
$GPGGA,110502.50,4811.9058816,N,01136.4195687,E,1,04,8.0,502.5503,M,47.5435,M,1.5,2973*45
$GPGST,110502.50,,61.492,13.209,71.592,23.111,58.494,80.123*7E
$GPRMC,110502.60,A,4811.9063053,N,01136.4197040,E,3.6,147.8,221220,3.6,W,A*21
$GPGGA,110502.60,4811.9063053,N,01136.4197040,E,1,07,3.8,503.1120,M,47.5435,M,,*6D
$GPGST,110502.60,,239.462,45.562,356.096,238.927,48.292,177.612*7B
$GPRMC,110502.70,A,4811.9064167,N,01136.4198549,E,3.3,146.0,221220,3.6,W,A*2E
$GPGGA,110502.70,4811.9064167,N,01136.4198549,E,1,07,3.8,503.0488,M,47.5435,M,,*68
$GPGST,110502.70,,239.459,45.562,356.095,238.923,48.293,177.615*73
$GPRMC,110502.80,A,4811.9065596,N,01136.4200371,E,3.1,144.5,221220,3.6,W,A*20
$GPGGA,110502.80,4811.9065596,N,01136.4200371,E,1,06,4.0,503.0086,M,47.5435,M,,*67
$GPGST,110502.80,,239.460,45.576,356.096,238.925,48.304,177.625*7A
$GPRMC,110502.90,V,,,,,,,221220,,,N*72
$GPGGA,110502.90,,,,,0,00,26.5,,M,,M,,*59
$GPGST,110502.90,,,,,,,*77
$GPRMC,110503.00,V,,,,,,,221220,,,N*7A
$GPGGA,110503.00,,,,,0,00,3.8,,M,,M,,*6B
$GPGST,110503.00,,,,,,,*7F
$GPRMC,110503.10,V,,,,,,,221220,,,N*7B
$GPGGA,110503.10,,,,,0,00,,,M,,M,,*4F
$GPGST,110503.10,,,,,,,*7E
$GPRMC,110503.20,V,,,,,,,221220,,,N*78
$GPGGA,110503.20,,,,,0,00,,,M,,M,,*4C
$GPGST,110503.20,,,,,,,*7D
$GPRMC,110503.30,V,,,,,,,221220,,,N*79
$GPGGA,110503.30,,,,,0,00,,,M,,M,,*4D
$GPGST,110503.30,,,,,,,*7C
$GPRMC,110503.40,V,,,,,,,221220,,,N*7E
$GPGGA,110503.40,,,,,0,00,,,M,,M,,*4A
$GPGST,110503.40,,,,,,,*7B
$GPRMC,110503.50,V,,,,,,,221220,,,N*7F
$GPGGA,110503.50,,,,,0,00,,,M,,M,,*4B
$GPGST,110503.50,,,,,,,*7A
$GPRMC,110503.60,V,,,,,,,221220,,,N*7C
$GPGGA,110503.60,,,,,0,00,,,M,,M,,*48
$GPGST,110503.60,,,,,,,*79
$GPRMC,110503.70,V,,,,,,,221220,,,N*7D
$GPGGA,110503.70,,,,,0,00,,,M,,M,,*49
$GPGST,110503.70,,,,,,,*78
$GPRMC,110503.80,V,,,,,,,221220,,,N*72
$GPGGA,110503.80,,,,,0,00,,,M,,M,,*46
$GPGST,110503.80,,,,,,,*77
$GPRMC,110503.90,V,,,,,,,221220,,,N*73
$GPGGA,110503.90,,,,,0,00,,,M,,M,,*47
$GPGST,110503.90,,,,,,,*76
$GPRMC,110504.00,V,,,,,,,221220,,,N*7D
$GPGGA,110504.00,,,,,0,00,,,M,,M,,*49
$GPGST,110504.00,,,,,,,*78
$GPRMC,110504.10,V,,,,,,,221220,,,N*7C
$GPGGA,110504.10,,,,,0,00,,,M,,M,,*48
$GPGST,110504.10,,,,,,,*79
$GPRMC,110504.20,V,,,,,,,221220,,,N*7F
$GPGGA,110504.20,,,,,0,00,,,M,,M,,*4B
$GPGST,110504.20,,,,,,,*7A
$GPRMC,110504.30,V,,,,,,,221220,,,N*7E
$GPGGA,110504.30,,,,,0,00,,,M,,M,,*4A
$GPGST,110504.30,,,,,,,*7B
$GPRMC,110504.40,V,,,,,,,221220,,,N*79
$GPGGA,110504.40,,,,,0,00,,,M,,M,,*4D
$GPGST,110504.40,,,,,,,*7C
$GPRMC,110504.50,V,,,,,,,221220,,,N*78
$GPGGA,110504.50,,,,,0,00,,,M,,M,,*4C
$GPGST,110504.50,,,,,,,*7D
$GPRMC,110504.60,V,,,,,,,221220,,,N*7B
$GPGGA,110504.60,,,,,0,00,,,M,,M,,*4F
$GPGST,110504.60,,,,,,,*7E
$GPRMC,110504.70,V,,,,,,,221220,,,N*7A
$GPGGA,110504.70,,,,,0,00,,,M,,M,,*4E
$GPGST,110504.70,,,,,,,*7F
$GPRMC,110504.80,V,,,,,,,221220,,,N*75
$GPGGA,110504.80,,,,,0,00,,,M,,M,,*41
$GPGST,110504.80,,,,,,,*70
$GPRMC,110504.90,V,,,,,,,221220,,,N*74
$GPGGA,110504.90,,,,,0,00,,,M,,M,,*40
$GPGST,110504.90,,,,,,,*71
$GPRMC,110505.00,V,,,,,,,221220,,,N*7C
$GPGGA,110505.00,,,,,0,00,,,M,,M,,*48
$GPGST,110505.00,,,,,,,*79
$GPRMC,110505.10,V,,,,,,,221220,,,N*7D
$GPGGA,110505.10,,,,,0,00,,,M,,M,,*49
$GPGST,110505.10,,,,,,,*78
$GPRMC,110505.20,V,,,,,,,221220,,,N*7E
$GPGGA,110505.20,,,,,0,00,,,M,,M,,*4A
$GPGST,110505.20,,,,,,,*7B
$GPRMC,110505.30,V,,,,,,,221220,,,N*7F
$GPGGA,110505.30,,,,,0,00,,,M,,M,,*4B
$GPGST,110505.30,,,,,,,*7A
$GPRMC,110505.40,V,,,,,,,221220,,,N*78
$GPGGA,110505.40,,,,,0,00,,,M,,M,,*4C
$GPGST,110505.40,,,,,,,*7D
$GPRMC,110505.50,V,,,,,,,221220,,,N*79
$GPGGA,110505.50,,,,,0,00,,,M,,M,,*4D
$GPGST,110505.50,,,,,,,*7C
$GPRMC,110505.60,V,,,,,,,221220,,,N*7A
$GPGGA,110505.60,,,,,0,00,,,M,,M,,*4E
$GPGST,110505.60,,,,,,,*7F
$GPRMC,110505.70,V,,,,,,,221220,,,N*7B
$GPGGA,110505.70,,,,,0,00,,,M,,M,,*4F
$GPGST,110505.70,,,,,,,*7E
$GPRMC,110505.80,V,,,,,,,221220,,,N*74
$GPGGA,110505.80,,,,,0,00,,,M,,M,,*40
$GPGST,110505.80,,,,,,,*71
$GPRMC,110505.90,V,,,,,,,221220,,,N*75
$GPGGA,110505.90,,,,,0,00,,,M,,M,,*41
$GPGST,110505.90,,,,,,,*70
$GPRMC,110506.00,V,,,,,,,221220,,,N*7F
$GPGGA,110506.00,,,,,0,00,,,M,,M,,*4B
$GPGST,110506.00,,,,,,,*7A
$GPRMC,110506.10,V,,,,,,,221220,,,N*7E
$GPGGA,110506.10,,,,,0,00,,,M,,M,,*4A
$GPGST,110506.10,,,,,,,*7B
$GPRMC,110506.20,V,,,,,,,221220,,,N*7D
$GPGGA,110506.20,,,,,0,00,,,M,,M,,*49
$GPGST,110506.20,,,,,,,*78
$GPRMC,110506.30,V,,,,,,,221220,,,N*7C
$GPGGA,110506.30,,,,,0,00,,,M,,M,,*48
$GPGST,110506.30,,,,,,,*79
$GPRMC,110506.40,V,,,,,,,221220,,,N*7B
$GPGGA,110506.40,,,,,0,00,,,M,,M,,*4F
$GPGST,110506.40,,,,,,,*7E
$GPRMC,110506.50,V,,,,,,,221220,,,N*7A
$GPGGA,110506.50,,,,,0,00,,,M,,M,,*4E
$GPGST,110506.50,,,,,,,*7F
$GPRMC,110506.60,V,,,,,,,221220,,,N*79
$GPGGA,110506.60,,,,,0,00,,,M,,M,,*4D
$GPGST,110506.60,,,,,,,*7C
$GPRMC,110506.70,V,,,,,,,221220,,,N*78
$GPGGA,110506.70,,,,,0,00,,,M,,M,,*4C
$GPGST,110506.70,,,,,,,*7D
$GPRMC,110506.80,V,,,,,,,221220,,,N*77
$GPGGA,110506.80,,,,,0,00,,,M,,M,,*43
$GPGST,110506.80,,,,,,,*72
$GPRMC,110506.90,V,,,,,,,221220,,,N*76
$GPGGA,110506.90,,,,,0,00,,,M,,M,,*42
$GPGST,110506.90,,,,,,,*73
$GPRMC,110507.00,V,,,,,,,221220,,,N*7E
$GPGGA,110507.00,,,,,0,00,,,M,,M,,*4A
$GPGST,110507.00,,,,,,,*7B
$GPRMC,110507.10,V,,,,,,,221220,,,N*7F
$GPGGA,110507.10,,,,,0,00,,,M,,M,,*4B
$GPGST,110507.10,,,,,,,*7A
$GPRMC,110507.20,V,,,,,,,221220,,,N*7C
$GPGGA,110507.20,,,,,0,00,,,M,,M,,*48
$GPGST,110507.20,,,,,,,*79
$GPRMC,110507.30,V,,,,,,,221220,,,N*7D
$GPGGA,110507.30,,,,,0,00,,,M,,M,,*49
$GPGST,110507.30,,,,,,,*78
$GPRMC,110507.40,V,,,,,,,221220,,,N*7A
$GPGGA,110507.40,,,,,0,00,,,M,,M,,*4E
$GPGST,110507.40,,,,,,,*7F
$GPRMC,110507.50,V,,,,,,,221220,,,N*7B
$GPGGA,110507.50,,,,,0,00,,,M,,M,,*4F
$GPGST,110507.50,,,,,,,*7E
$GPRMC,110507.60,V,,,,,,,221220,,,N*78
$GPGGA,110507.60,,,,,0,00,,,M,,M,,*4C
$GPGST,110507.60,,,,,,,*7D
$GPRMC,110507.70,V,,,,,,,221220,,,N*79
$GPGGA,110507.70,,,,,0,00,,,M,,M,,*4D
$GPGST,110507.70,,,,,,,*7C
$GPRMC,110507.80,V,,,,,,,221220,,,N*76
$GPGGA,110507.80,,,,,0,00,,,M,,M,,*42
$GPGST,110507.80,,,,,,,*73
$GPRMC,110507.90,V,,,,,,,221220,,,N*77
$GPGGA,110507.90,,,,,0,00,,,M,,M,,*43
$GPGST,110507.90,,,,,,,*72
$GPRMC,110508.00,V,,,,,,,221220,,,N*71
$GPGGA,110508.00,,,,,0,00,,,M,,M,,*45
$GPGST,110508.00,,,,,,,*74
$GPRMC,110508.10,V,,,,,,,221220,,,N*70
$GPGGA,110508.10,,,,,0,00,,,M,,M,,*44
$GPGST,110508.10,,,,,,,*75
$GPRMC,110508.20,V,,,,,,,221220,,,N*73
$GPGGA,110508.20,,,,,0,00,,,M,,M,,*47
$GPGST,110508.20,,,,,,,*76
$GPRMC,110508.30,V,,,,,,,221220,,,N*72
$GPGGA,110508.30,,,,,0,00,,,M,,M,,*46
$GPGST,110508.30,,,,,,,*77
$GPRMC,110508.40,V,,,,,,,221220,,,N*75
$GPGGA,110508.40,,,,,0,00,,,M,,M,,*41
$GPGST,110508.40,,,,,,,*70
$GPRMC,110508.50,V,,,,,,,221220,,,N*74
$GPGGA,110508.50,,,,,0,00,,,M,,M,,*40
$GPGST,110508.50,,,,,,,*71
$GPRMC,110508.60,V,,,,,,,221220,,,N*77
$GPGGA,110508.60,,,,,0,00,,,M,,M,,*43
$GPGST,110508.60,,,,,,,*72
$GPRMC,110508.70,V,,,,,,,221220,,,N*76
$GPGGA,110508.70,,,,,0,00,,,M,,M,,*42
$GPGST,110508.70,,,,,,,*73
$GPRMC,110508.80,V,,,,,,,221220,,,N*79
$GPGGA,110508.80,,,,,0,00,,,M,,M,,*4D
$GPGST,110508.80,,,,,,,*7C
$GPRMC,110508.90,V,,,,,,,221220,,,N*78
$GPGGA,110508.90,,,,,0,00,,,M,,M,,*4C
$GPGST,110508.90,,,,,,,*7D
$GPRMC,110509.00,V,,,,,,,221220,,,N*70
$GPGGA,110509.00,,,,,0,00,,,M,,M,,*44
$GPGST,110509.00,,,,,,,*75
$GPRMC,110509.10,V,,,,,,,221220,,,N*71
$GPGGA,110509.10,,,,,0,00,,,M,,M,,*45
$GPGST,110509.10,,,,,,,*74
$GPRMC,110509.20,V,,,,,,,221220,,,N*72
$GPGGA,110509.20,,,,,0,00,,,M,,M,,*46
$GPGST,110509.20,,,,,,,*77
$GPRMC,110509.30,V,,,,,,,221220,,,N*73
$GPGGA,110509.30,,,,,0,00,,,M,,M,,*47
$GPGST,110509.30,,,,,,,*76
$GPRMC,110509.40,V,,,,,,,221220,,,N*74
$GPGGA,110509.40,,,,,0,00,,,M,,M,,*40
$GPGST,110509.40,,,,,,,*71
$GPRMC,110509.50,V,,,,,,,221220,,,N*75
$GPGGA,110509.50,,,,,0,00,,,M,,M,,*41
$GPGST,110509.50,,,,,,,*70
$GPRMC,110509.60,V,,,,,,,221220,,,N*76
$GPGGA,110509.60,,,,,0,00,,,M,,M,,*42
$GPGST,110509.60,,,,,,,*73
$GPRMC,110509.70,V,,,,,,,221220,,,N*77
$GPGGA,110509.70,,,,,0,00,,,M,,M,,*43
$GPGST,110509.70,,,,,,,*72
$GPRMC,110509.80,V,,,,,,,221220,,,N*78
$GPGGA,110509.80,,,,,0,00,,,M,,M,,*4C
$GPGST,110509.80,,,,,,,*7D
$GPRMC,110509.90,V,,,,,,,221220,,,N*79
$GPGGA,110509.90,,,,,0,00,,,M,,M,,*4D
$GPGST,110509.90,,,,,,,*7C
$GPRMC,110510.00,V,,,,,,,221220,,,N*78
$GPGGA,110510.00,,,,,0,00,,,M,,M,,*4C
$GPGST,110510.00,,,,,,,*7D
$GPRMC,110510.10,V,,,,,,,221220,,,N*79
$GPGGA,110510.10,,,,,0,00,,,M,,M,,*4D
$GPGST,110510.10,,,,,,,*7C
$GPRMC,110510.20,V,,,,,,,221220,,,N*7A
$GPGGA,110510.20,,,,,0,00,,,M,,M,,*4E
$GPGST,110510.20,,,,,,,*7F
$GPRMC,110510.30,V,,,,,,,221220,,,N*7B
$GPGGA,110510.30,,,,,0,00,,,M,,M,,*4F
$GPGST,110510.30,,,,,,,*7E
$GPRMC,110510.40,V,,,,,,,221220,,,N*7C
$GPGGA,110510.40,,,,,0,00,,,M,,M,,*48
$GPGST,110510.40,,,,,,,*79
$GPRMC,110510.50,V,,,,,,,221220,,,N*7D
$GPGGA,110510.50,,,,,0,00,,,M,,M,,*49
$GPGST,110510.50,,,,,,,*78
$GPRMC,110510.60,V,,,,,,,221220,,,N*7E
$GPGGA,110510.60,,,,,0,00,,,M,,M,,*4A
$GPGST,110510.60,,,,,,,*7B
$GPRMC,110510.70,V,,,,,,,221220,,,N*7F
$GPGGA,110510.70,,,,,0,00,,,M,,M,,*4B
$GPGST,110510.70,,,,,,,*7A
$GPRMC,110510.80,V,,,,,,,221220,,,N*70
$GPGGA,110510.80,,,,,0,00,,,M,,M,,*44
$GPGST,110510.80,,,,,,,*75
$GPRMC,110510.90,V,,,,,,,221220,,,N*71
$GPGGA,110510.90,,,,,0,00,,,M,,M,,*45
$GPGST,110510.90,,,,,,,*74
$GPRMC,110511.00,V,,,,,,,221220,,,N*79
$GPGGA,110511.00,,,,,0,00,,,M,,M,,*4D
$GPGST,110511.00,,,,,,,*7C
$GPRMC,110511.10,V,,,,,,,221220,,,N*78
$GPGGA,110511.10,,,,,0,00,,,M,,M,,*4C
$GPGST,110511.10,,,,,,,*7D
$GPRMC,110511.20,V,,,,,,,221220,,,N*7B
$GPGGA,110511.20,,,,,0,00,,,M,,M,,*4F
$GPGST,110511.20,,,,,,,*7E
$GPRMC,110511.30,V,,,,,,,221220,,,N*7A
$GPGGA,110511.30,,,,,0,00,,,M,,M,,*4E
$GPGST,110511.30,,,,,,,*7F
$GPRMC,110511.40,V,,,,,,,221220,,,N*7D
$GPGGA,110511.40,,,,,0,00,,,M,,M,,*49
$GPGST,110511.40,,,,,,,*78
$GPRMC,110511.50,V,,,,,,,221220,,,N*7C
$GPGGA,110511.50,,,,,0,00,,,M,,M,,*48
$GPGST,110511.50,,,,,,,*79
$GPRMC,110511.60,V,,,,,,,221220,,,N*7F
$GPGGA,110511.60,,,,,0,00,,,M,,M,,*4B
$GPGST,110511.60,,,,,,,*7A
$GPRMC,110511.70,V,,,,,,,221220,,,N*7E
$GPGGA,110511.70,,,,,0,00,,,M,,M,,*4A
$GPGST,110511.70,,,,,,,*7B
$GPRMC,110511.80,V,,,,,,,221220,,,N*71
$GPGGA,110511.80,,,,,0,00,,,M,,M,,*45
$GPGST,110511.80,,,,,,,*74
$GPRMC,110511.90,V,,,,,,,221220,,,N*70
$GPGGA,110511.90,,,,,0,00,,,M,,M,,*44
$GPGST,110511.90,,,,,,,*75
$GPRMC,110512.00,V,,,,,,,221220,,,N*7A
$GPGGA,110512.00,,,,,0,00,,,M,,M,,*4E
$GPGST,110512.00,,,,,,,*7F
$GPRMC,110512.10,V,,,,,,,221220,,,N*7B
$GPGGA,110512.10,,,,,0,00,,,M,,M,,*4F
$GPGST,110512.10,,,,,,,*7E
$GPRMC,110512.20,V,,,,,,,221220,,,N*78
$GPGGA,110512.20,,,,,0,00,,,M,,M,,*4C
$GPGST,110512.20,,,,,,,*7D
$GPRMC,110512.30,V,,,,,,,221220,,,N*79
$GPGGA,110512.30,,,,,0,00,,,M,,M,,*4D
$GPGST,110512.30,,,,,,,*7C
$GPRMC,110512.40,V,,,,,,,221220,,,N*7E
$GPGGA,110512.40,,,,,0,00,,,M,,M,,*4A
$GPGST,110512.40,,,,,,,*7B
$GPRMC,110512.50,V,,,,,,,221220,,,N*7F
$GPGGA,110512.50,,,,,0,00,,,M,,M,,*4B
$GPGST,110512.50,,,,,,,*7A
$GPRMC,110512.60,V,,,,,,,221220,,,N*7C
$GPGGA,110512.60,,,,,0,00,,,M,,M,,*48
$GPGST,110512.60,,,,,,,*79
$GPRMC,110512.70,V,,,,,,,221220,,,N*7D
$GPGGA,110512.70,,,,,0,00,,,M,,M,,*49
$GPGST,110512.70,,,,,,,*78
$GPRMC,110512.80,V,,,,,,,221220,,,N*72
$GPGGA,110512.80,,,,,0,00,,,M,,M,,*46
$GPGST,110512.80,,,,,,,*77
$GPRMC,110512.90,V,,,,,,,221220,,,N*73
$GPGGA,110512.90,,,,,0,00,,,M,,M,,*47
$GPGST,110512.90,,,,,,,*76
$GPRMC,110513.00,V,,,,,,,221220,,,N*7B
$GPGGA,110513.00,,,,,0,00,,,M,,M,,*4F
$GPGST,110513.00,,,,,,,*7E
$GPRMC,110513.10,V,,,,,,,221220,,,N*7A
$GPGGA,110513.10,,,,,0,00,,,M,,M,,*4E
$GPGST,110513.10,,,,,,,*7F
$GPRMC,110513.20,V,,,,,,,221220,,,N*79
$GPGGA,110513.20,,,,,0,00,,,M,,M,,*4D
$GPGST,110513.20,,,,,,,*7C
$GPRMC,110513.30,V,,,,,,,221220,,,N*78
$GPGGA,110513.30,,,,,0,00,,,M,,M,,*4C
$GPGST,110513.30,,,,,,,*7D
$GPRMC,110513.40,V,,,,,,,221220,,,N*7F
$GPGGA,110513.40,,,,,0,00,,,M,,M,,*4B
$GPGST,110513.40,,,,,,,*7A
$GPRMC,110513.50,V,,,,,,,221220,,,N*7E
$GPGGA,110513.50,,,,,0,00,,,M,,M,,*4A
$GPGST,110513.50,,,,,,,*7B
$GPRMC,110513.60,V,,,,,,,221220,,,N*7D
$GPGGA,110513.60,,,,,0,00,,,M,,M,,*49
$GPGST,110513.60,,,,,,,*78
$GPRMC,110513.70,V,,,,,,,221220,,,N*7C
$GPGGA,110513.70,,,,,0,00,,,M,,M,,*48
$GPGST,110513.70,,,,,,,*79
$GPRMC,110513.80,V,,,,,,,221220,,,N*73
$GPGGA,110513.80,,,,,0,00,,,M,,M,,*47
$GPGST,110513.80,,,,,,,*76
$GPRMC,110513.90,V,,,,,,,221220,,,N*72
$GPGGA,110513.90,,,,,0,00,,,M,,M,,*46
$GPGST,110513.90,,,,,,,*77
$GPRMC,110514.00,V,,,,,,,221220,,,N*7C
$GPGGA,110514.00,,,,,0,00,,,M,,M,,*48
$GPGST,110514.00,,,,,,,*79
$GPRMC,110514.10,V,,,,,,,221220,,,N*7D
$GPGGA,110514.10,,,,,0,00,,,M,,M,,*49
$GPGST,110514.10,,,,,,,*78
$GPRMC,110514.20,V,,,,,,,221220,,,N*7E
$GPGGA,110514.20,,,,,0,00,,,M,,M,,*4A
$GPGST,110514.20,,,,,,,*7B
$GPRMC,110514.30,V,,,,,,,221220,,,N*7F
$GPGGA,110514.30,,,,,0,00,,,M,,M,,*4B
$GPGST,110514.30,,,,,,,*7A
$GPRMC,110514.40,V,,,,,,,221220,,,N*78
$GPGGA,110514.40,,,,,0,00,,,M,,M,,*4C
$GPGST,110514.40,,,,,,,*7D
$GPRMC,110514.50,V,,,,,,,221220,,,N*79
$GPGGA,110514.50,,,,,0,00,,,M,,M,,*4D
$GPGST,110514.50,,,,,,,*7C
$GPRMC,110514.60,V,,,,,,,221220,,,N*7A
$GPGGA,110514.60,,,,,0,00,,,M,,M,,*4E
$GPGST,110514.60,,,,,,,*7F
$GPRMC,110514.70,V,,,,,,,221220,,,N*7B
$GPGGA,110514.70,,,,,0,00,,,M,,M,,*4F
$GPGST,110514.70,,,,,,,*7E
$GPRMC,110514.80,V,,,,,,,221220,,,N*74
$GPGGA,110514.80,,,,,0,00,,,M,,M,,*40
$GPGST,110514.80,,,,,,,*71
$GPRMC,110514.90,V,,,,,,,221220,,,N*75
$GPGGA,110514.90,,,,,0,00,,,M,,M,,*41
$GPGST,110514.90,,,,,,,*70
$GPRMC,110515.00,V,,,,,,,221220,,,N*7D
$GPGGA,110515.00,,,,,0,00,,,M,,M,,*49
$GPGST,110515.00,,,,,,,*78
$GPRMC,110515.10,V,,,,,,,221220,,,N*7C
$GPGGA,110515.10,,,,,0,00,,,M,,M,,*48
$GPGST,110515.10,,,,,,,*79
$GPRMC,110515.20,V,,,,,,,221220,,,N*7F
$GPGGA,110515.20,,,,,0,00,,,M,,M,,*4B
$GPGST,110515.20,,,,,,,*7A
$GPRMC,110515.30,V,,,,,,,221220,,,N*7E
$GPGGA,110515.30,,,,,0,00,,,M,,M,,*4A
$GPGST,110515.30,,,,,,,*7B
$GPRMC,110515.40,V,,,,,,,221220,,,N*79
$GPGGA,110515.40,,,,,0,00,,,M,,M,,*4D
$GPGST,110515.40,,,,,,,*7C
$GPRMC,110515.50,V,,,,,,,221220,,,N*78
$GPGGA,110515.50,,,,,0,00,,,M,,M,,*4C
$GPGST,110515.50,,,,,,,*7D
$GPRMC,110515.60,V,,,,,,,221220,,,N*7B
$GPGGA,110515.60,,,,,0,00,,,M,,M,,*4F
$GPGST,110515.60,,,,,,,*7E
$GPRMC,110515.70,V,,,,,,,221220,,,N*7A
$GPGGA,110515.70,,,,,0,00,,,M,,M,,*4E
$GPGST,110515.70,,,,,,,*7F
$GPRMC,110515.80,V,,,,,,,221220,,,N*75
$GPGGA,110515.80,,,,,0,00,,,M,,M,,*41
$GPGST,110515.80,,,,,,,*70
$GPRMC,110515.90,V,,,,,,,221220,,,N*74
$GPGGA,110515.90,,,,,0,00,,,M,,M,,*40
$GPGST,110515.90,,,,,,,*71
$GPRMC,110516.00,V,,,,,,,221220,,,N*7E
$GPGGA,110516.00,,,,,0,00,,,M,,M,,*4A
$GPGST,110516.00,,,,,,,*7B
$GPRMC,110516.10,V,,,,,,,221220,,,N*7F
$GPGGA,110516.10,,,,,0,00,,,M,,M,,*4B
$GPGST,110516.10,,,,,,,*7A
$GPRMC,110516.20,V,,,,,,,221220,,,N*7C
$GPGGA,110516.20,,,,,0,00,,,M,,M,,*48
$GPGST,110516.20,,,,,,,*79
$GPRMC,110516.30,V,,,,,,,221220,,,N*7D
$GPGGA,110516.30,,,,,0,00,,,M,,M,,*49
$GPGST,110516.30,,,,,,,*78
$GPRMC,110516.40,V,,,,,,,221220,,,N*7A
$GPGGA,110516.40,,,,,0,00,,,M,,M,,*4E
$GPGST,110516.40,,,,,,,*7F
$GPRMC,110516.50,V,,,,,,,221220,,,N*7B
$GPGGA,110516.50,,,,,0,00,,,M,,M,,*4F
$GPGST,110516.50,,,,,,,*7E
$GPRMC,110516.60,V,,,,,,,221220,,,N*78
$GPGGA,110516.60,,,,,0,00,,,M,,M,,*4C
$GPGST,110516.60,,,,,,,*7D
$GPRMC,110516.70,V,,,,,,,221220,,,N*79
$GPGGA,110516.70,,,,,0,00,,,M,,M,,*4D
$GPGST,110516.70,,,,,,,*7C
$GPRMC,110516.80,V,,,,,,,221220,,,N*76
$GPGGA,110516.80,,,,,0,00,,,M,,M,,*42
$GPGST,110516.80,,,,,,,*73
$GPRMC,110516.90,V,,,,,,,221220,,,N*77
$GPGGA,110516.90,,,,,0,00,,,M,,M,,*43
$GPGST,110516.90,,,,,,,*72
$GPRMC,110517.00,V,,,,,,,221220,,,N*7F
$GPGGA,110517.00,,,,,0,00,,,M,,M,,*4B
$GPGST,110517.00,,,,,,,*7A
$GPRMC,110517.10,V,,,,,,,221220,,,N*7E
$GPGGA,110517.10,,,,,0,00,,,M,,M,,*4A
$GPGST,110517.10,,,,,,,*7B
$GPRMC,110517.20,V,,,,,,,221220,,,N*7D
$GPGGA,110517.20,,,,,0,00,,,M,,M,,*49
$GPGST,110517.20,,,,,,,*78
$GPRMC,110517.30,V,,,,,,,221220,,,N*7C
$GPGGA,110517.30,,,,,0,00,,,M,,M,,*48
$GPGST,110517.30,,,,,,,*79
$GPRMC,110517.40,V,,,,,,,221220,,,N*7B
$GPGGA,110517.40,,,,,0,00,,,M,,M,,*4F
$GPGST,110517.40,,,,,,,*7E
$GPRMC,110517.50,V,,,,,,,221220,,,N*7A
$GPGGA,110517.50,,,,,0,00,,,M,,M,,*4E
$GPGST,110517.50,,,,,,,*7F
$GPRMC,110517.60,V,,,,,,,221220,,,N*79
$GPGGA,110517.60,,,,,0,00,,,M,,M,,*4D
$GPGST,110517.60,,,,,,,*7C
$GPRMC,110517.70,V,,,,,,,221220,,,N*78
$GPGGA,110517.70,,,,,0,00,,,M,,M,,*4C
$GPGST,110517.70,,,,,,,*7D
$GPRMC,110517.80,V,,,,,,,221220,,,N*77
$GPGGA,110517.80,,,,,0,00,,,M,,M,,*43
$GPGST,110517.80,,,,,,,*72
$GPRMC,110517.90,V,,,,,,,221220,,,N*76
$GPGGA,110517.90,,,,,0,00,,,M,,M,,*42
$GPGST,110517.90,,,,,,,*73
$GPRMC,110518.00,V,,,,,,,221220,,,N*70
$GPGGA,110518.00,,,,,0,00,,,M,,M,,*44
$GPGST,110518.00,,,,,,,*75
$GPRMC,110518.10,V,,,,,,,221220,,,N*71
$GPGGA,110518.10,,,,,0,00,,,M,,M,,*45
$GPGST,110518.10,,,,,,,*74
$GPRMC,110518.20,V,,,,,,,221220,,,N*72
$GPGGA,110518.20,,,,,0,00,,,M,,M,,*46
$GPGST,110518.20,,,,,,,*77
$GPRMC,110518.30,V,,,,,,,221220,,,N*73
$GPGGA,110518.30,,,,,0,00,,,M,,M,,*47
$GPGST,110518.30,,,,,,,*76
$GPRMC,110518.40,V,,,,,,,221220,,,N*74
$GPGGA,110518.40,,,,,0,00,,,M,,M,,*40
$GPGST,110518.40,,,,,,,*71
$GPRMC,110518.50,V,,,,,,,221220,,,N*75
$GPGGA,110518.50,,,,,0,00,,,M,,M,,*41
$GPGST,110518.50,,,,,,,*70
$GPRMC,110518.60,V,,,,,,,221220,,,N*76
$GPGGA,110518.60,,,,,0,00,,,M,,M,,*42
$GPGST,110518.60,,,,,,,*73
$GPRMC,110518.70,V,,,,,,,221220,,,N*77
$GPGGA,110518.70,,,,,0,00,,,M,,M,,*43
$GPGST,110518.70,,,,,,,*72
$GPRMC,110518.80,V,,,,,,,221220,,,N*78
$GPGGA,110518.80,,,,,0,00,,,M,,M,,*4C
$GPGST,110518.80,,,,,,,*7D
$GPRMC,110518.90,V,,,,,,,221220,,,N*79
$GPGGA,110518.90,,,,,0,00,,,M,,M,,*4D
$GPGST,110518.90,,,,,,,*7C
$GPRMC,110519.00,V,,,,,,,221220,,,N*71
$GPGGA,110519.00,,,,,0,00,,,M,,M,,*45
$GPGST,110519.00,,,,,,,*74
$GPRMC,110519.10,V,,,,,,,221220,,,N*70
$GPGGA,110519.10,,,,,0,00,,,M,,M,,*44
$GPGST,110519.10,,,,,,,*75
$GPRMC,110519.20,V,,,,,,,221220,,,N*73
$GPGGA,110519.20,,,,,0,00,,,M,,M,,*47
$GPGST,110519.20,,,,,,,*76
$GPRMC,110519.30,V,,,,,,,221220,,,N*72
$GPGGA,110519.30,,,,,0,00,,,M,,M,,*46
$GPGST,110519.30,,,,,,,*77
$GPRMC,110519.40,V,,,,,,,221220,,,N*75
$GPGGA,110519.40,,,,,0,00,,,M,,M,,*41
$GPGST,110519.40,,,,,,,*70
$GPRMC,110519.50,V,,,,,,,221220,,,N*74
$GPGGA,110519.50,,,,,0,00,,,M,,M,,*40
$GPGST,110519.50,,,,,,,*71
$GPRMC,110519.60,V,,,,,,,221220,,,N*77
$GPGGA,110519.60,,,,,0,00,,,M,,M,,*43
$GPGST,110519.60,,,,,,,*72
$GPRMC,110519.70,V,,,,,,,221220,,,N*76
$GPGGA,110519.70,,,,,0,00,,,M,,M,,*42
$GPGST,110519.70,,,,,,,*73
$GPRMC,110519.80,V,,,,,,,221220,,,N*79
$GPGGA,110519.80,,,,,0,00,,,M,,M,,*4D
$GPGST,110519.80,,,,,,,*7C
$GPRMC,110519.90,V,,,,,,,221220,,,N*78
$GPGGA,110519.90,,,,,0,00,,,M,,M,,*4C
$GPGST,110519.90,,,,,,,*7D
$GPRMC,110520.00,V,,,,,,,221220,,,N*7B
$GPGGA,110520.00,,,,,0,00,,,M,,M,,*4F
$GPGST,110520.00,,,,,,,*7E
$GPRMC,110520.10,V,,,,,,,221220,,,N*7A
$GPGGA,110520.10,,,,,0,00,,,M,,M,,*4E
$GPGST,110520.10,,,,,,,*7F
$GPRMC,110520.20,V,,,,,,,221220,,,N*79
$GPGGA,110520.20,,,,,0,00,,,M,,M,,*4D
$GPGST,110520.20,,,,,,,*7C
$GPRMC,110520.30,V,,,,,,,221220,,,N*78
$GPGGA,110520.30,,,,,0,00,,,M,,M,,*4C
$GPGST,110520.30,,,,,,,*7D
$GPRMC,110520.40,V,,,,,,,221220,,,N*7F
$GPGGA,110520.40,,,,,0,00,,,M,,M,,*4B
$GPGST,110520.40,,,,,,,*7A
$GPRMC,110520.50,V,,,,,,,221220,,,N*7E
$GPGGA,110520.50,,,,,0,00,,,M,,M,,*4A
$GPGST,110520.50,,,,,,,*7B
$GPRMC,110520.60,V,,,,,,,221220,,,N*7D
$GPGGA,110520.60,,,,,0,00,,,M,,M,,*49
$GPGST,110520.60,,,,,,,*78
$GPRMC,110520.70,V,,,,,,,221220,,,N*7C
$GPGGA,110520.70,,,,,0,00,,,M,,M,,*48
$GPGST,110520.70,,,,,,,*79
$GPRMC,110520.80,V,,,,,,,221220,,,N*73
$GPGGA,110520.80,,,,,0,00,,,M,,M,,*47
$GPGST,110520.80,,,,,,,*76
$GPRMC,110520.90,V,,,,,,,221220,,,N*72
$GPGGA,110520.90,,,,,0,00,,,M,,M,,*46
$GPGST,110520.90,,,,,,,*77
$GPRMC,110521.00,V,,,,,,,221220,,,N*7A
$GPGGA,110521.00,,,,,0,00,,,M,,M,,*4E
$GPGST,110521.00,,,,,,,*7F
$GPRMC,110521.10,V,,,,,,,221220,,,N*7B
$GPGGA,110521.10,,,,,0,00,,,M,,M,,*4F
$GPGST,110521.10,,,,,,,*7E
$GPRMC,110521.20,V,,,,,,,221220,,,N*78
$GPGGA,110521.20,,,,,0,00,,,M,,M,,*4C
$GPGST,110521.20,,,,,,,*7D
$GPRMC,110521.30,V,,,,,,,221220,,,N*79
$GPGGA,110521.30,,,,,0,00,,,M,,M,,*4D
$GPGST,110521.30,,,,,,,*7C
$GPRMC,110521.40,V,,,,,,,221220,,,N*7E
$GPGGA,110521.40,,,,,0,00,,,M,,M,,*4A
$GPGST,110521.40,,,,,,,*7B
$GPRMC,110521.50,V,,,,,,,221220,,,N*7F
$GPGGA,110521.50,,,,,0,00,,,M,,M,,*4B
$GPGST,110521.50,,,,,,,*7A
$GPRMC,110521.60,V,,,,,,,221220,,,N*7C
$GPGGA,110521.60,,,,,0,00,,,M,,M,,*48
$GPGST,110521.60,,,,,,,*79
$GPRMC,110521.70,V,,,,,,,221220,,,N*7D
$GPGGA,110521.70,,,,,0,00,,,M,,M,,*49
$GPGST,110521.70,,,,,,,*78
$GPRMC,110521.80,V,,,,,,,221220,,,N*72
$GPGGA,110521.80,,,,,0,00,,,M,,M,,*46
$GPGST,110521.80,,,,,,,*77
$GPRMC,110521.90,V,,,,,,,221220,,,N*73
$GPGGA,110521.90,,,,,0,00,,,M,,M,,*47
$GPGST,110521.90,,,,,,,*76
$GPRMC,110522.00,V,,,,,,,221220,,,N*79
$GPGGA,110522.00,,,,,0,00,,,M,,M,,*4D
$GPGST,110522.00,,,,,,,*7C
$GPRMC,110522.10,V,,,,,,,221220,,,N*78
$GPGGA,110522.10,,,,,0,00,,,M,,M,,*4C
$GPGST,110522.10,,,,,,,*7D
$GPRMC,110522.20,V,,,,,,,221220,,,N*7B
$GPGGA,110522.20,,,,,0,00,,,M,,M,,*4F
$GPGST,110522.20,,,,,,,*7E
$GPRMC,110522.30,V,,,,,,,221220,,,N*7A
$GPGGA,110522.30,,,,,0,00,,,M,,M,,*4E
$GPGST,110522.30,,,,,,,*7F
$GPRMC,110522.40,V,,,,,,,221220,,,N*7D
$GPGGA,110522.40,,,,,0,00,,,M,,M,,*49
$GPGST,110522.40,,,,,,,*78
$GPRMC,110522.50,V,,,,,,,221220,,,N*7C
$GPGGA,110522.50,,,,,0,00,,,M,,M,,*48
$GPGST,110522.50,,,,,,,*79
$GPRMC,110522.60,V,,,,,,,221220,,,N*7F
$GPGGA,110522.60,,,,,0,00,,,M,,M,,*4B
$GPGST,110522.60,,,,,,,*7A
$GPRMC,110522.70,V,,,,,,,221220,,,N*7E
$GPGGA,110522.70,,,,,0,00,,,M,,M,,*4A
$GPGST,110522.70,,,,,,,*7B
$GPRMC,110522.80,V,,,,,,,221220,,,N*71
$GPGGA,110522.80,,,,,0,00,,,M,,M,,*45
$GPGST,110522.80,,,,,,,*74
$GPRMC,110522.90,V,,,,,,,221220,,,N*70
$GPGGA,110522.90,,,,,0,00,,,M,,M,,*44
$GPGST,110522.90,,,,,,,*75
$GPRMC,110523.00,V,,,,,,,221220,,,N*78
$GPGGA,110523.00,,,,,0,00,,,M,,M,,*4C
$GPGST,110523.00,,,,,,,*7D
$GPRMC,110523.10,V,,,,,,,221220,,,N*79
$GPGGA,110523.10,,,,,0,00,,,M,,M,,*4D
$GPGST,110523.10,,,,,,,*7C
$GPRMC,110523.20,V,,,,,,,221220,,,N*7A
$GPGGA,110523.20,,,,,0,00,,,M,,M,,*4E
$GPGST,110523.20,,,,,,,*7F
$GPRMC,110523.30,V,,,,,,,221220,,,N*7B
$GPGGA,110523.30,,,,,0,00,,,M,,M,,*4F
$GPGST,110523.30,,,,,,,*7E
$GPRMC,110523.40,V,,,,,,,221220,,,N*7C
$GPGGA,110523.40,,,,,0,00,,,M,,M,,*48
$GPGST,110523.40,,,,,,,*79
$GPRMC,110523.50,V,,,,,,,221220,,,N*7D
$GPGGA,110523.50,,,,,0,00,,,M,,M,,*49
$GPGST,110523.50,,,,,,,*78
$GPRMC,110523.60,V,,,,,,,221220,,,N*7E
$GPGGA,110523.60,,,,,0,00,,,M,,M,,*4A
$GPGST,110523.60,,,,,,,*7B
$GPRMC,110523.70,V,,,,,,,221220,,,N*7F
$GPGGA,110523.70,,,,,0,00,,,M,,M,,*4B
$GPGST,110523.70,,,,,,,*7A
$GPRMC,110523.80,V,,,,,,,221220,,,N*70
$GPGGA,110523.80,,,,,0,00,,,M,,M,,*44
$GPGST,110523.80,,,,,,,*75
$GPRMC,110523.90,V,,,,,,,221220,,,N*71
$GPGGA,110523.90,,,,,0,00,,,M,,M,,*45
$GPGST,110523.90,,,,,,,*74
$GPRMC,110524.00,V,,,,,,,221220,,,N*7F
$GPGGA,110524.00,,,,,0,00,,,M,,M,,*4B
$GPGST,110524.00,,,,,,,*7A
$GPRMC,110524.10,V,,,,,,,221220,,,N*7E
$GPGGA,110524.10,,,,,0,00,,,M,,M,,*4A
$GPGST,110524.10,,,,,,,*7B
$GPRMC,110524.20,V,,,,,,,221220,,,N*7D
$GPGGA,110524.20,,,,,0,00,,,M,,M,,*49
$GPGST,110524.20,,,,,,,*78
$GPRMC,110524.30,V,,,,,,,221220,,,N*7C
$GPGGA,110524.30,,,,,0,00,,,M,,M,,*48
$GPGST,110524.30,,,,,,,*79
$GPRMC,110524.40,V,,,,,,,221220,,,N*7B
$GPGGA,110524.40,,,,,0,00,,,M,,M,,*4F
$GPGST,110524.40,,,,,,,*7E
$GPRMC,110524.50,V,,,,,,,221220,,,N*7A
$GPGGA,110524.50,,,,,0,00,,,M,,M,,*4E
$GPGST,110524.50,,,,,,,*7F
$GPRMC,110524.60,V,,,,,,,221220,,,N*79
$GPGGA,110524.60,,,,,0,00,,,M,,M,,*4D
$GPGST,110524.60,,,,,,,*7C
$GPRMC,110524.70,V,,,,,,,221220,,,N*78
$GPGGA,110524.70,,,,,0,00,,,M,,M,,*4C
$GPGST,110524.70,,,,,,,*7D
$GPRMC,110524.80,V,,,,,,,221220,,,N*77
$GPGGA,110524.80,,,,,0,00,,,M,,M,,*43
$GPGST,110524.80,,,,,,,*72
$GPRMC,110524.90,V,,,,,,,221220,,,N*76
$GPGGA,110524.90,,,,,0,00,,,M,,M,,*42
$GPGST,110524.90,,,,,,,*73
$GPRMC,110525.00,V,,,,,,,221220,,,N*7E
$GPGGA,110525.00,,,,,0,00,,,M,,M,,*4A
$GPGST,110525.00,,,,,,,*7B
$GPRMC,110525.10,V,,,,,,,221220,,,N*7F
$GPGGA,110525.10,,,,,0,00,,,M,,M,,*4B
$GPGST,110525.10,,,,,,,*7A
$GPRMC,110525.20,V,,,,,,,221220,,,N*7C
$GPGGA,110525.20,,,,,0,00,,,M,,M,,*48
$GPGST,110525.20,,,,,,,*79
$GPRMC,110525.30,V,,,,,,,221220,,,N*7D
$GPGGA,110525.30,,,,,0,00,,,M,,M,,*49
$GPGST,110525.30,,,,,,,*78
$GPRMC,110525.40,V,,,,,,,221220,,,N*7A
$GPGGA,110525.40,,,,,0,00,,,M,,M,,*4E
$GPGST,110525.40,,,,,,,*7F
$GPRMC,110525.50,V,,,,,,,221220,,,N*7B
$GPGGA,110525.50,,,,,0,00,,,M,,M,,*4F
$GPGST,110525.50,,,,,,,*7E
$GPRMC,110525.60,V,,,,,,,221220,,,N*78
$GPGGA,110525.60,,,,,0,00,,,M,,M,,*4C
$GPGST,110525.60,,,,,,,*7D
$GPRMC,110525.70,V,,,,,,,221220,,,N*79
$GPGGA,110525.70,,,,,0,00,,,M,,M,,*4D
$GPGST,110525.70,,,,,,,*7C
$GPRMC,110525.80,V,,,,,,,221220,,,N*76
$GPGGA,110525.80,,,,,0,00,,,M,,M,,*42
$GPGST,110525.80,,,,,,,*73
$GPRMC,110525.90,V,,,,,,,221220,,,N*77
$GPGGA,110525.90,,,,,0,00,,,M,,M,,*43
$GPGST,110525.90,,,,,,,*72
$GPRMC,110526.00,V,,,,,,,221220,,,N*7D
$GPGGA,110526.00,,,,,0,00,,,M,,M,,*49
$GPGST,110526.00,,,,,,,*78
$GPRMC,110526.10,V,,,,,,,221220,,,N*7C
$GPGGA,110526.10,,,,,0,00,,,M,,M,,*48
$GPGST,110526.10,,,,,,,*79
$GPRMC,110526.20,V,,,,,,,221220,,,N*7F
$GPGGA,110526.20,,,,,0,00,,,M,,M,,*4B
$GPGST,110526.20,,,,,,,*7A
$GPRMC,110526.30,V,,,,,,,221220,,,N*7E
$GPGGA,110526.30,,,,,0,00,,,M,,M,,*4A
$GPGST,110526.30,,,,,,,*7B
$GPRMC,110526.40,V,,,,,,,221220,,,N*79
$GPGGA,110526.40,,,,,0,00,,,M,,M,,*4D
$GPGST,110526.40,,,,,,,*7C
$GPRMC,110526.50,V,,,,,,,221220,,,N*78
$GPGGA,110526.50,,,,,0,00,,,M,,M,,*4C
$GPGST,110526.50,,,,,,,*7D
$GPRMC,110526.60,V,,,,,,,221220,,,N*7B
$GPGGA,110526.60,,,,,0,00,,,M,,M,,*4F
$GPGST,110526.60,,,,,,,*7E
$GPRMC,110526.70,V,,,,,,,221220,,,N*7A
$GPGGA,110526.70,,,,,0,00,,,M,,M,,*4E
$GPGST,110526.70,,,,,,,*7F
$GPRMC,110526.80,V,,,,,,,221220,,,N*75
$GPGGA,110526.80,,,,,0,00,,,M,,M,,*41
$GPGST,110526.80,,,,,,,*70
$GPRMC,110526.90,V,,,,,,,221220,,,N*74
$GPGGA,110526.90,,,,,0,00,,,M,,M,,*40
$GPGST,110526.90,,,,,,,*71
$GPRMC,110527.00,V,,,,,,,221220,,,N*7C
$GPGGA,110527.00,,,,,0,00,,,M,,M,,*48
$GPGST,110527.00,,,,,,,*79
$GPRMC,110527.10,V,,,,,,,221220,,,N*7D
$GPGGA,110527.10,,,,,0,00,,,M,,M,,*49
$GPGST,110527.10,,,,,,,*78
$GPRMC,110527.20,V,,,,,,,221220,,,N*7E
$GPGGA,110527.20,,,,,0,00,,,M,,M,,*4A
$GPGST,110527.20,,,,,,,*7B
$GPRMC,110527.30,V,,,,,,,221220,,,N*7F
$GPGGA,110527.30,,,,,0,00,,,M,,M,,*4B
$GPGST,110527.30,,,,,,,*7A
$GPRMC,110527.40,V,,,,,,,221220,,,N*78
$GPGGA,110527.40,,,,,0,00,,,M,,M,,*4C
$GPGST,110527.40,,,,,,,*7D
$GPRMC,110527.50,V,,,,,,,221220,,,N*79
$GPGGA,110527.50,,,,,0,00,,,M,,M,,*4D
$GPGST,110527.50,,,,,,,*7C
$GPRMC,110527.60,V,,,,,,,221220,,,N*7A
$GPGGA,110527.60,,,,,0,00,,,M,,M,,*4E
$GPGST,110527.60,,,,,,,*7F
$GPRMC,110527.70,V,,,,,,,221220,,,N*7B
$GPGGA,110527.70,,,,,0,00,,,M,,M,,*4F
$GPGST,110527.70,,,,,,,*7E
$GPRMC,110527.80,V,,,,,,,221220,,,N*74
$GPGGA,110527.80,,,,,0,00,,,M,,M,,*40
$GPGST,110527.80,,,,,,,*71
$GPRMC,110527.90,V,,,,,,,221220,,,N*75
$GPGGA,110527.90,,,,,0,00,,,M,,M,,*41
$GPGST,110527.90,,,,,,,*70
$GPRMC,110528.00,V,,,,,,,221220,,,N*73
$GPGGA,110528.00,,,,,0,00,,,M,,M,,*47
$GPGST,110528.00,,,,,,,*76
$GPRMC,110528.10,V,,,,,,,221220,,,N*72
$GPGGA,110528.10,,,,,0,00,,,M,,M,,*46
$GPGST,110528.10,,,,,,,*77
$GPRMC,110528.20,V,,,,,,,221220,,,N*71
$GPGGA,110528.20,,,,,0,00,,,M,,M,,*45
$GPGST,110528.20,,,,,,,*74
$GPRMC,110528.30,V,,,,,,,221220,,,N*70
$GPGGA,110528.30,,,,,0,00,,,M,,M,,*44
$GPGST,110528.30,,,,,,,*75
$GPRMC,110528.40,V,,,,,,,221220,,,N*77
$GPGGA,110528.40,,,,,0,00,,,M,,M,,*43
$GPGST,110528.40,,,,,,,*72
$GPRMC,110528.50,V,,,,,,,221220,,,N*76
$GPGGA,110528.50,,,,,0,00,,,M,,M,,*42
$GPGST,110528.50,,,,,,,*73
$GPRMC,110528.60,V,,,,,,,221220,,,N*75
$GPGGA,110528.60,,,,,0,00,,,M,,M,,*41
$GPGST,110528.60,,,,,,,*70
$GPRMC,110528.70,V,,,,,,,221220,,,N*74
$GPGGA,110528.70,,,,,0,00,,,M,,M,,*40
$GPGST,110528.70,,,,,,,*71
$GPRMC,110528.80,V,,,,,,,221220,,,N*7B
$GPGGA,110528.80,,,,,0,00,,,M,,M,,*4F
$GPGST,110528.80,,,,,,,*7E
$GPRMC,110528.90,V,,,,,,,221220,,,N*7A
$GPGGA,110528.90,,,,,0,00,,,M,,M,,*4E
$GPGST,110528.90,,,,,,,*7F
$GPRMC,110529.00,V,,,,,,,221220,,,N*72
$GPGGA,110529.00,,,,,0,00,,,M,,M,,*46
$GPGST,110529.00,,,,,,,*77
$GPRMC,110529.10,V,,,,,,,221220,,,N*73
$GPGGA,110529.10,,,,,0,00,,,M,,M,,*47
$GPGST,110529.10,,,,,,,*76
$GPRMC,110529.20,V,,,,,,,221220,,,N*70
$GPGGA,110529.20,,,,,0,00,,,M,,M,,*44
$GPGST,110529.20,,,,,,,*75
$GPRMC,110529.30,V,,,,,,,221220,,,N*71
$GPGGA,110529.30,,,,,0,00,,,M,,M,,*45
$GPGST,110529.30,,,,,,,*74
$GPRMC,110529.40,V,,,,,,,221220,,,N*76
$GPGGA,110529.40,,,,,0,00,,,M,,M,,*42
$GPGST,110529.40,,,,,,,*73
$GPRMC,110529.50,V,,,,,,,221220,,,N*77
$GPGGA,110529.50,,,,,0,00,,,M,,M,,*43
$GPGST,110529.50,,,,,,,*72
$GPRMC,110529.60,V,,,,,,,221220,,,N*74
$GPGGA,110529.60,,,,,0,00,,,M,,M,,*40
$GPGST,110529.60,,,,,,,*71
$GPRMC,110529.70,V,,,,,,,221220,,,N*75
$GPGGA,110529.70,,,,,0,00,,,M,,M,,*41
$GPGST,110529.70,,,,,,,*70
$GPRMC,110529.80,V,,,,,,,221220,,,N*7A
$GPGGA,110529.80,,,,,0,00,,,M,,M,,*4E
$GPGST,110529.80,,,,,,,*7F
$GPRMC,110529.90,V,,,,,,,221220,,,N*7B
$GPGGA,110529.90,,,,,0,00,,,M,,M,,*4F
$GPGST,110529.90,,,,,,,*7E
$GPRMC,110530.00,V,,,,,,,221220,,,N*7A
$GPGGA,110530.00,,,,,0,00,,,M,,M,,*4E
$GPGST,110530.00,,,,,,,*7F
$GPRMC,110530.10,V,,,,,,,221220,,,N*7B
$GPGGA,110530.10,,,,,0,00,,,M,,M,,*4F
$GPGST,110530.10,,,,,,,*7E
$GPRMC,110530.20,V,,,,,,,221220,,,N*78
$GPGGA,110530.20,,,,,0,00,,,M,,M,,*4C
$GPGST,110530.20,,,,,,,*7D
$GPRMC,110530.30,V,,,,,,,221220,,,N*79
$GPGGA,110530.30,,,,,0,00,,,M,,M,,*4D
$GPGST,110530.30,,,,,,,*7C
$GPRMC,110530.40,V,,,,,,,221220,,,N*7E
$GPGGA,110530.40,,,,,0,00,,,M,,M,,*4A
$GPGST,110530.40,,,,,,,*7B
$GPRMC,110530.50,V,,,,,,,221220,,,N*7F
$GPGGA,110530.50,,,,,0,00,,,M,,M,,*4B
$GPGST,110530.50,,,,,,,*7A
$GPRMC,110530.60,V,,,,,,,221220,,,N*7C
$GPGGA,110530.60,,,,,0,00,,,M,,M,,*48
$GPGST,110530.60,,,,,,,*79
$GPRMC,110530.70,V,,,,,,,221220,,,N*7D
$GPGGA,110530.70,,,,,0,00,,,M,,M,,*49
$GPGST,110530.70,,,,,,,*78
$GPRMC,110530.80,V,,,,,,,221220,,,N*72
$GPGGA,110530.80,,,,,0,00,,,M,,M,,*46
$GPGST,110530.80,,,,,,,*77
$GPRMC,110530.90,V,,,,,,,221220,,,N*73
$GPGGA,110530.90,,,,,0,00,,,M,,M,,*47
$GPGST,110530.90,,,,,,,*76
$GPRMC,110531.00,V,,,,,,,221220,,,N*7B
$GPGGA,110531.00,,,,,0,00,,,M,,M,,*4F
$GPGST,110531.00,,,,,,,*7E
$GPRMC,110531.10,V,,,,,,,221220,,,N*7A
$GPGGA,110531.10,,,,,0,00,,,M,,M,,*4E
$GPGST,110531.10,,,,,,,*7F
$GPRMC,110531.20,V,,,,,,,221220,,,N*79
$GPGGA,110531.20,,,,,0,00,,,M,,M,,*4D
$GPGST,110531.20,,,,,,,*7C
$GPRMC,110531.30,V,,,,,,,221220,,,N*78
$GPGGA,110531.30,,,,,0,00,,,M,,M,,*4C
$GPGST,110531.30,,,,,,,*7D
$GPRMC,110531.40,V,,,,,,,221220,,,N*7F
$GPGGA,110531.40,,,,,0,00,,,M,,M,,*4B
$GPGST,110531.40,,,,,,,*7A
$GPRMC,110531.50,V,,,,,,,221220,,,N*7E
$GPGGA,110531.50,,,,,0,00,,,M,,M,,*4A
$GPGST,110531.50,,,,,,,*7B
$GPRMC,110531.60,V,,,,,,,221220,,,N*7D
$GPGGA,110531.60,,,,,0,00,,,M,,M,,*49
$GPGST,110531.60,,,,,,,*78
$GPRMC,110531.70,V,,,,,,,221220,,,N*7C
$GPGGA,110531.70,,,,,0,00,,,M,,M,,*48
$GPGST,110531.70,,,,,,,*79
$GPRMC,110531.80,V,,,,,,,221220,,,N*73
$GPGGA,110531.80,,,,,0,00,,,M,,M,,*47
$GPGST,110531.80,,,,,,,*76
$GPRMC,110531.90,V,,,,,,,221220,,,N*72
$GPGGA,110531.90,,,,,0,00,,,M,,M,,*46
$GPGST,110531.90,,,,,,,*77
$GPRMC,110532.00,V,,,,,,,221220,,,N*78
$GPGGA,110532.00,,,,,0,00,,,M,,M,,*4C
$GPGST,110532.00,,,,,,,*7D
$GPRMC,110532.10,V,,,,,,,221220,,,N*79
$GPGGA,110532.10,,,,,0,00,,,M,,M,,*4D
$GPGST,110532.10,,,,,,,*7C
$GPRMC,110532.20,V,,,,,,,221220,,,N*7A
$GPGGA,110532.20,,,,,0,00,,,M,,M,,*4E
$GPGST,110532.20,,,,,,,*7F
$GPRMC,110532.30,V,,,,,,,221220,,,N*7B
$GPGGA,110532.30,,,,,0,00,,,M,,M,,*4F
$GPGST,110532.30,,,,,,,*7E
$GPRMC,110532.40,V,,,,,,,221220,,,N*7C
$GPGGA,110532.40,,,,,0,00,,,M,,M,,*48
$GPGST,110532.40,,,,,,,*79
$GPRMC,110532.50,V,,,,,,,221220,,,N*7D
$GPGGA,110532.50,,,,,0,00,,,M,,M,,*49
$GPGST,110532.50,,,,,,,*78
$GPRMC,110532.60,V,,,,,,,221220,,,N*7E
$GPGGA,110532.60,,,,,0,00,,,M,,M,,*4A
$GPGST,110532.60,,,,,,,*7B
$GPRMC,110532.70,V,,,,,,,221220,,,N*7F
$GPGGA,110532.70,,,,,0,00,,,M,,M,,*4B
$GPGST,110532.70,,,,,,,*7A
$GPRMC,110532.80,V,,,,,,,221220,,,N*70
$GPGGA,110532.80,,,,,0,00,,,M,,M,,*44
$GPGST,110532.80,,,,,,,*75
$GPRMC,110532.90,V,,,,,,,221220,,,N*71
$GPGGA,110532.90,,,,,0,00,,,M,,M,,*45
$GPGST,110532.90,,,,,,,*74
$GPRMC,110533.00,V,,,,,,,221220,,,N*79
$GPGGA,110533.00,,,,,0,00,,,M,,M,,*4D
$GPGST,110533.00,,,,,,,*7C
$GPRMC,110533.10,V,,,,,,,221220,,,N*78
$GPGGA,110533.10,,,,,0,00,,,M,,M,,*4C
$GPGST,110533.10,,,,,,,*7D
$GPRMC,110533.20,V,,,,,,,221220,,,N*7B
$GPGGA,110533.20,,,,,0,00,,,M,,M,,*4F
$GPGST,110533.20,,,,,,,*7E
$GPRMC,110533.30,V,,,,,,,221220,,,N*7A
$GPGGA,110533.30,,,,,0,00,,,M,,M,,*4E
$GPGST,110533.30,,,,,,,*7F
$GPRMC,110533.40,V,,,,,,,221220,,,N*7D
$GPGGA,110533.40,,,,,0,00,,,M,,M,,*49
$GPGST,110533.40,,,,,,,*78
$GPRMC,110533.50,V,,,,,,,221220,,,N*7C
$GPGGA,110533.50,,,,,0,00,,,M,,M,,*48
$GPGST,110533.50,,,,,,,*79
$GPRMC,110533.60,V,,,,,,,221220,,,N*7F
$GPGGA,110533.60,,,,,0,00,,,M,,M,,*4B
$GPGST,110533.60,,,,,,,*7A
$GPRMC,110533.70,V,,,,,,,221220,,,N*7E
$GPGGA,110533.70,,,,,0,00,,,M,,M,,*4A
$GPGST,110533.70,,,,,,,*7B
$GPRMC,110533.80,V,,,,,,,221220,,,N*71
$GPGGA,110533.80,,,,,0,00,,,M,,M,,*45
$GPGST,110533.80,,,,,,,*74
$GPRMC,110533.90,V,,,,,,,221220,,,N*70
$GPGGA,110533.90,,,,,0,00,,,M,,M,,*44
$GPGST,110533.90,,,,,,,*75
$GPRMC,110534.00,V,,,,,,,221220,,,N*7E
$GPGGA,110534.00,,,,,0,00,,,M,,M,,*4A
$GPGST,110534.00,,,,,,,*7B
$GPRMC,110534.10,V,,,,,,,221220,,,N*7F
$GPGGA,110534.10,,,,,0,00,,,M,,M,,*4B
$GPGST,110534.10,,,,,,,*7A
$GPRMC,110534.20,V,,,,,,,221220,,,N*7C
$GPGGA,110534.20,,,,,0,00,,,M,,M,,*48
$GPGST,110534.20,,,,,,,*79
$GPRMC,110534.30,V,,,,,,,221220,,,N*7D
$GPGGA,110534.30,,,,,0,00,,,M,,M,,*49
$GPGST,110534.30,,,,,,,*78
$GPRMC,110534.40,V,,,,,,,221220,,,N*7A
$GPGGA,110534.40,,,,,0,00,,,M,,M,,*4E
$GPGST,110534.40,,,,,,,*7F
$GPRMC,110534.50,V,,,,,,,221220,,,N*7B
$GPGGA,110534.50,,,,,0,00,,,M,,M,,*4F
$GPGST,110534.50,,,,,,,*7E
$GPRMC,110534.60,V,,,,,,,221220,,,N*78
$GPGGA,110534.60,,,,,0,00,,,M,,M,,*4C
$GPGST,110534.60,,,,,,,*7D
$GPRMC,110534.70,V,,,,,,,221220,,,N*79
$GPGGA,110534.70,,,,,0,00,,,M,,M,,*4D
$GPGST,110534.70,,,,,,,*7C
$GPRMC,110534.80,V,,,,,,,221220,,,N*76
$GPGGA,110534.80,,,,,0,00,,,M,,M,,*42
$GPGST,110534.80,,,,,,,*73
$GPRMC,110534.90,V,,,,,,,221220,,,N*77
$GPGGA,110534.90,,,,,0,00,,,M,,M,,*43
$GPGST,110534.90,,,,,,,*72
$GPRMC,110535.00,V,,,,,,,221220,,,N*7F
$GPGGA,110535.00,,,,,0,00,,,M,,M,,*4B
$GPGST,110535.00,,,,,,,*7A
$GPRMC,110535.10,V,,,,,,,221220,,,N*7E
$GPGGA,110535.10,,,,,0,00,,,M,,M,,*4A
$GPGST,110535.10,,,,,,,*7B
$GPRMC,110535.20,V,,,,,,,221220,,,N*7D
$GPGGA,110535.20,,,,,0,00,,,M,,M,,*49
$GPGST,110535.20,,,,,,,*78
$GPRMC,110535.30,V,,,,,,,221220,,,N*7C
$GPGGA,110535.30,,,,,0,00,,,M,,M,,*48
$GPGST,110535.30,,,,,,,*79
$GPRMC,110535.40,V,,,,,,,221220,,,N*7B
$GPGGA,110535.40,,,,,0,00,,,M,,M,,*4F
$GPGST,110535.40,,,,,,,*7E
$GPRMC,110535.50,V,,,,,,,221220,,,N*7A
$GPGGA,110535.50,,,,,0,00,,,M,,M,,*4E
$GPGST,110535.50,,,,,,,*7F
$GPRMC,110535.60,V,,,,,,,221220,,,N*79
$GPGGA,110535.60,,,,,0,00,,,M,,M,,*4D
$GPGST,110535.60,,,,,,,*7C
$GPRMC,110535.70,V,,,,,,,221220,,,N*78
$GPGGA,110535.70,,,,,0,00,,,M,,M,,*4C
$GPGST,110535.70,,,,,,,*7D
$GPRMC,110535.80,V,,,,,,,221220,,,N*77
$GPGGA,110535.80,,,,,0,00,,,M,,M,,*43
$GPGST,110535.80,,,,,,,*72
$GPRMC,110535.90,V,,,,,,,221220,,,N*76
$GPGGA,110535.90,,,,,0,00,,,M,,M,,*42
$GPGST,110535.90,,,,,,,*73
$GPRMC,110536.00,V,,,,,,,221220,,,N*7C
$GPGGA,110536.00,,,,,0,00,,,M,,M,,*48
$GPGST,110536.00,,,,,,,*79
$GPRMC,110536.10,V,,,,,,,221220,,,N*7D
$GPGGA,110536.10,,,,,0,00,,,M,,M,,*49
$GPGST,110536.10,,,,,,,*78
$GPRMC,110536.20,V,,,,,,,221220,,,N*7E
$GPGGA,110536.20,,,,,0,00,,,M,,M,,*4A
$GPGST,110536.20,,,,,,,*7B
$GPRMC,110536.30,V,,,,,,,221220,,,N*7F
$GPGGA,110536.30,,,,,0,00,,,M,,M,,*4B
$GPGST,110536.30,,,,,,,*7A
$GPRMC,110536.40,V,,,,,,,221220,,,N*78
$GPGGA,110536.40,,,,,0,00,,,M,,M,,*4C
$GPGST,110536.40,,,,,,,*7D
$GPRMC,110536.50,V,,,,,,,221220,,,N*79
$GPGGA,110536.50,,,,,0,00,,,M,,M,,*4D
$GPGST,110536.50,,,,,,,*7C
$GPRMC,110536.60,V,,,,,,,221220,,,N*7A
$GPGGA,110536.60,,,,,0,00,,,M,,M,,*4E
$GPGST,110536.60,,,,,,,*7F
$GPRMC,110536.70,V,,,,,,,221220,,,N*7B
$GPGGA,110536.70,,,,,0,00,,,M,,M,,*4F
$GPGST,110536.70,,,,,,,*7E
$GPRMC,110536.80,V,,,,,,,221220,,,N*74
$GPGGA,110536.80,,,,,0,00,,,M,,M,,*40
$GPGST,110536.80,,,,,,,*71
$GPRMC,110536.90,V,,,,,,,221220,,,N*75
$GPGGA,110536.90,,,,,0,00,,,M,,M,,*41
$GPGST,110536.90,,,,,,,*70
$GPRMC,110537.00,V,,,,,,,221220,,,N*7D
$GPGGA,110537.00,,,,,0,00,,,M,,M,,*49
$GPGST,110537.00,,,,,,,*78
$GPRMC,110537.10,V,,,,,,,221220,,,N*7C
$GPGGA,110537.10,,,,,0,00,,,M,,M,,*48
$GPGST,110537.10,,,,,,,*79
$GPRMC,110537.20,V,,,,,,,221220,,,N*7F
$GPGGA,110537.20,,,,,0,00,,,M,,M,,*4B
$GPGST,110537.20,,,,,,,*7A
$GPRMC,110537.30,V,,,,,,,221220,,,N*7E
$GPGGA,110537.30,,,,,0,00,,,M,,M,,*4A
$GPGST,110537.30,,,,,,,*7B
$GPRMC,110537.40,V,,,,,,,221220,,,N*79
$GPGGA,110537.40,,,,,0,00,,,M,,M,,*4D
$GPGST,110537.40,,,,,,,*7C
$GPRMC,110537.50,V,,,,,,,221220,,,N*78
$GPGGA,110537.50,,,,,0,00,,,M,,M,,*4C
$GPGST,110537.50,,,,,,,*7D
$GPRMC,110537.60,V,,,,,,,221220,,,N*7B
$GPGGA,110537.60,,,,,0,00,,,M,,M,,*4F
$GPGST,110537.60,,,,,,,*7E
$GPRMC,110537.70,V,,,,,,,221220,,,N*7A
$GPGGA,110537.70,,,,,0,00,,,M,,M,,*4E
$GPGST,110537.70,,,,,,,*7F
$GPRMC,110537.80,V,,,,,,,221220,,,N*75
$GPGGA,110537.80,,,,,0,00,,,M,,M,,*41
$GPGST,110537.80,,,,,,,*70
$GPRMC,110537.90,V,,,,,,,221220,,,N*74
$GPGGA,110537.90,,,,,0,00,,,M,,M,,*40
$GPGST,110537.90,,,,,,,*71
$GPRMC,110538.00,V,,,,,,,221220,,,N*72
$GPGGA,110538.00,,,,,0,00,,,M,,M,,*46
$GPGST,110538.00,,,,,,,*77
$GPRMC,110538.10,V,,,,,,,221220,,,N*73
$GPGGA,110538.10,,,,,0,00,,,M,,M,,*47
$GPGST,110538.10,,,,,,,*76
$GPRMC,110538.20,V,,,,,,,221220,,,N*70
$GPGGA,110538.20,,,,,0,00,,,M,,M,,*44
$GPGST,110538.20,,,,,,,*75
$GPRMC,110538.30,V,,,,,,,221220,,,N*71
$GPGGA,110538.30,,,,,0,00,,,M,,M,,*45
$GPGST,110538.30,,,,,,,*74
$GPRMC,110538.40,V,,,,,,,221220,,,N*76
$GPGGA,110538.40,,,,,0,00,,,M,,M,,*42
$GPGST,110538.40,,,,,,,*73
$GPRMC,110538.50,V,,,,,,,221220,,,N*77
$GPGGA,110538.50,,,,,0,00,,,M,,M,,*43
$GPGST,110538.50,,,,,,,*72
$GPRMC,110538.60,V,,,,,,,221220,,,N*74
$GPGGA,110538.60,,,,,0,00,,,M,,M,,*40
$GPGST,110538.60,,,,,,,*71
$GPRMC,110538.70,V,,,,,,,221220,,,N*75
$GPGGA,110538.70,,,,,0,00,,,M,,M,,*41
$GPGST,110538.70,,,,,,,*70
$GPRMC,110538.80,V,,,,,,,221220,,,N*7A
$GPGGA,110538.80,,,,,0,00,,,M,,M,,*4E
$GPGST,110538.80,,,,,,,*7F
$GPRMC,110538.90,V,,,,,,,221220,,,N*7B
$GPGGA,110538.90,,,,,0,00,,,M,,M,,*4F
$GPGST,110538.90,,,,,,,*7E
$GPRMC,110539.00,V,,,,,,,221220,,,N*73
$GPGGA,110539.00,,,,,0,00,,,M,,M,,*47
$GPGST,110539.00,,,,,,,*76
$GPRMC,110539.10,V,,,,,,,221220,,,N*72
$GPGGA,110539.10,,,,,0,00,,,M,,M,,*46
$GPGST,110539.10,,,,,,,*77
$GPRMC,110539.20,V,,,,,,,221220,,,N*71
$GPGGA,110539.20,,,,,0,00,,,M,,M,,*45
$GPGST,110539.20,,,,,,,*74
$GPRMC,110539.30,V,,,,,,,221220,,,N*70
$GPGGA,110539.30,,,,,0,00,,,M,,M,,*44
$GPGST,110539.30,,,,,,,*75
$GPRMC,110539.40,V,,,,,,,221220,,,N*77
$GPGGA,110539.40,,,,,0,00,,,M,,M,,*43
$GPGST,110539.40,,,,,,,*72
$GPRMC,110539.50,V,,,,,,,221220,,,N*76
$GPGGA,110539.50,,,,,0,00,,,M,,M,,*42
$GPGST,110539.50,,,,,,,*73
$GPRMC,110539.60,V,,,,,,,221220,,,N*75
$GPGGA,110539.60,,,,,0,00,,,M,,M,,*41
$GPGST,110539.60,,,,,,,*70
$GPRMC,110539.70,V,,,,,,,221220,,,N*74
$GPGGA,110539.70,,,,,0,00,,,M,,M,,*40
$GPGST,110539.70,,,,,,,*71
$GPRMC,110539.80,V,,,,,,,221220,,,N*7B
$GPGGA,110539.80,,,,,0,00,,,M,,M,,*4F
$GPGST,110539.80,,,,,,,*7E
$GPRMC,110539.90,V,,,,,,,221220,,,N*7A
$GPGGA,110539.90,,,,,0,00,,,M,,M,,*4E
$GPGST,110539.90,,,,,,,*7F
$GPRMC,110540.00,V,,,,,,,221220,,,N*7D
$GPGGA,110540.00,,,,,0,00,,,M,,M,,*49
$GPGST,110540.00,,,,,,,*78
$GPRMC,110540.10,V,,,,,,,221220,,,N*7C
$GPGGA,110540.10,,,,,0,00,,,M,,M,,*48
$GPGST,110540.10,,,,,,,*79
$GPRMC,110540.20,V,,,,,,,221220,,,N*7F
$GPGGA,110540.20,,,,,0,00,,,M,,M,,*4B
$GPGST,110540.20,,,,,,,*7A
$GPRMC,110540.30,V,,,,,,,221220,,,N*7E
$GPGGA,110540.30,,,,,0,00,,,M,,M,,*4A
$GPGST,110540.30,,,,,,,*7B
$GPRMC,110540.40,V,,,,,,,221220,,,N*79
$GPGGA,110540.40,,,,,0,00,,,M,,M,,*4D
$GPGST,110540.40,,,,,,,*7C
$GPRMC,110540.50,V,,,,,,,221220,,,N*78
$GPGGA,110540.50,,,,,0,00,,,M,,M,,*4C
$GPGST,110540.50,,,,,,,*7D
$GPRMC,110540.60,V,,,,,,,221220,,,N*7B
$GPGGA,110540.60,,,,,0,00,,,M,,M,,*4F
$GPGST,110540.60,,,,,,,*7E
$GPRMC,110540.70,V,,,,,,,221220,,,N*7A
$GPGGA,110540.70,,,,,0,00,,,M,,M,,*4E
$GPGST,110540.70,,,,,,,*7F
$GPRMC,110540.80,V,,,,,,,221220,,,N*75
$GPGGA,110540.80,,,,,0,00,,,M,,M,,*41
$GPGST,110540.80,,,,,,,*70
$GPRMC,110540.90,V,,,,,,,221220,,,N*74
$GPGGA,110540.90,,,,,0,00,,,M,,M,,*40
$GPGST,110540.90,,,,,,,*71
$GPRMC,110541.00,V,,,,,,,221220,,,N*7C
$GPGGA,110541.00,,,,,0,00,,,M,,M,,*48
$GPGST,110541.00,,,,,,,*79
$GPRMC,110541.10,V,,,,,,,221220,,,N*7D
$GPGGA,110541.10,,,,,0,00,,,M,,M,,*49
$GPGST,110541.10,,,,,,,*78
$GPRMC,110541.20,V,,,,,,,221220,,,N*7E
$GPGGA,110541.20,,,,,0,00,,,M,,M,,*4A
$GPGST,110541.20,,,,,,,*7B
$GPRMC,110541.30,V,,,,,,,221220,,,N*7F
$GPGGA,110541.30,,,,,0,00,,,M,,M,,*4B
$GPGST,110541.30,,,,,,,*7A
$GPRMC,110541.40,V,,,,,,,221220,,,N*78
$GPGGA,110541.40,,,,,0,00,,,M,,M,,*4C
$GPGST,110541.40,,,,,,,*7D
$GPRMC,110541.50,V,,,,,,,221220,,,N*79
$GPGGA,110541.50,,,,,0,00,,,M,,M,,*4D
$GPGST,110541.50,,,,,,,*7C
$GPRMC,110541.60,V,,,,,,,221220,,,N*7A
$GPGGA,110541.60,,,,,0,00,,,M,,M,,*4E
$GPGST,110541.60,,,,,,,*7F
$GPRMC,110541.70,V,,,,,,,221220,,,N*7B
$GPGGA,110541.70,,,,,0,00,,,M,,M,,*4F
$GPGST,110541.70,,,,,,,*7E
$GPRMC,110541.80,V,,,,,,,221220,,,N*74
$GPGGA,110541.80,,,,,0,00,,,M,,M,,*40
$GPGST,110541.80,,,,,,,*71
$GPRMC,110541.90,V,,,,,,,221220,,,N*75
$GPGGA,110541.90,,,,,0,00,,,M,,M,,*41
$GPGST,110541.90,,,,,,,*70
$GPRMC,110542.00,V,,,,,,,221220,,,N*7F
$GPGGA,110542.00,,,,,0,00,,,M,,M,,*4B
$GPGST,110542.00,,,,,,,*7A
$GPRMC,110542.10,V,,,,,,,221220,,,N*7E
$GPGGA,110542.10,,,,,0,00,,,M,,M,,*4A
$GPGST,110542.10,,,,,,,*7B
$GPRMC,110542.20,V,,,,,,,221220,,,N*7D
$GPGGA,110542.20,,,,,0,00,,,M,,M,,*49
$GPGST,110542.20,,,,,,,*78
$GPRMC,110542.30,V,,,,,,,221220,,,N*7C
$GPGGA,110542.30,,,,,0,00,,,M,,M,,*48
$GPGST,110542.30,,,,,,,*79
$GPRMC,110542.40,V,,,,,,,221220,,,N*7B
$GPGGA,110542.40,,,,,0,00,,,M,,M,,*4F
$GPGST,110542.40,,,,,,,*7E
$GPRMC,110542.50,V,,,,,,,221220,,,N*7A
$GPGGA,110542.50,,,,,0,00,,,M,,M,,*4E
$GPGST,110542.50,,,,,,,*7F
$GPRMC,110542.60,V,,,,,,,221220,,,N*79
$GPGGA,110542.60,,,,,0,00,,,M,,M,,*4D
$GPGST,110542.60,,,,,,,*7C
$GPRMC,110542.70,V,,,,,,,221220,,,N*78
$GPGGA,110542.70,,,,,0,00,,,M,,M,,*4C
$GPGST,110542.70,,,,,,,*7D
$GPRMC,110542.80,V,,,,,,,221220,,,N*77
$GPGGA,110542.80,,,,,0,00,,,M,,M,,*43
$GPGST,110542.80,,,,,,,*72
$GPRMC,110542.90,V,,,,,,,221220,,,N*76
$GPGGA,110542.90,,,,,0,00,,,M,,M,,*42
$GPGST,110542.90,,,,,,,*73
$GPRMC,110543.00,V,,,,,,,221220,,,N*7E
$GPGGA,110543.00,,,,,0,00,,,M,,M,,*4A
$GPGST,110543.00,,,,,,,*7B
$GPRMC,110543.10,V,,,,,,,221220,,,N*7F
$GPGGA,110543.10,,,,,0,00,,,M,,M,,*4B
$GPGST,110543.10,,,,,,,*7A
$GPRMC,110543.20,V,,,,,,,221220,,,N*7C
$GPGGA,110543.20,,,,,0,00,,,M,,M,,*48
$GPGST,110543.20,,,,,,,*79
$GPRMC,110543.30,V,,,,,,,221220,,,N*7D
$GPGGA,110543.30,,,,,0,00,,,M,,M,,*49
$GPGST,110543.30,,,,,,,*78
$GPRMC,110543.40,V,,,,,,,221220,,,N*7A
$GPGGA,110543.40,,,,,0,00,,,M,,M,,*4E
$GPGST,110543.40,,,,,,,*7F
$GPRMC,110543.50,V,,,,,,,221220,,,N*7B
$GPGGA,110543.50,,,,,0,00,,,M,,M,,*4F
$GPGST,110543.50,,,,,,,*7E
$GPRMC,110543.60,V,,,,,,,221220,,,N*78
$GPGGA,110543.60,,,,,0,00,,,M,,M,,*4C
$GPGST,110543.60,,,,,,,*7D
$GPRMC,110543.70,V,,,,,,,221220,,,N*79
$GPGGA,110543.70,,,,,0,00,,,M,,M,,*4D
$GPGST,110543.70,,,,,,,*7C
$GPRMC,110543.80,V,,,,,,,221220,,,N*76
$GPGGA,110543.80,,,,,0,00,,,M,,M,,*42
$GPGST,110543.80,,,,,,,*73
$GPRMC,110543.90,V,,,,,,,221220,,,N*77
$GPGGA,110543.90,,,,,0,00,,,M,,M,,*43
$GPGST,110543.90,,,,,,,*72
$GPRMC,110544.00,V,,,,,,,221220,,,N*79
$GPGGA,110544.00,,,,,0,00,,,M,,M,,*4D
$GPGST,110544.00,,,,,,,*7C
$GPRMC,110544.10,V,,,,,,,221220,,,N*78
$GPGGA,110544.10,,,,,0,00,,,M,,M,,*4C
$GPGST,110544.10,,,,,,,*7D
$GPRMC,110544.20,V,,,,,,,221220,,,N*7B
$GPGGA,110544.20,,,,,0,00,,,M,,M,,*4F
$GPGST,110544.20,,,,,,,*7E
$GPRMC,110544.30,V,,,,,,,221220,,,N*7A
$GPGGA,110544.30,,,,,0,00,,,M,,M,,*4E
$GPGST,110544.30,,,,,,,*7F
$GPRMC,110544.40,V,,,,,,,221220,,,N*7D
$GPGGA,110544.40,,,,,0,00,,,M,,M,,*49
$GPGST,110544.40,,,,,,,*78
$GPRMC,110544.50,V,,,,,,,221220,,,N*7C
$GPGGA,110544.50,,,,,0,00,,,M,,M,,*48
$GPGST,110544.50,,,,,,,*79
$GPRMC,110544.60,V,,,,,,,221220,,,N*7F
$GPGGA,110544.60,,,,,0,00,,,M,,M,,*4B
$GPGST,110544.60,,,,,,,*7A
$GPRMC,110544.70,V,,,,,,,221220,,,N*7E
$GPGGA,110544.70,,,,,0,00,,,M,,M,,*4A
$GPGST,110544.70,,,,,,,*7B
$GPRMC,110544.80,V,,,,,,,221220,,,N*71
$GPGGA,110544.80,,,,,0,00,,,M,,M,,*45
$GPGST,110544.80,,,,,,,*74
$GPRMC,110544.90,V,,,,,,,221220,,,N*70
$GPGGA,110544.90,,,,,0,00,,,M,,M,,*44
$GPGST,110544.90,,,,,,,*75
$GPRMC,110545.00,V,,,,,,,221220,,,N*78
$GPGGA,110545.00,,,,,0,00,,,M,,M,,*4C
$GPGST,110545.00,,,,,,,*7D
$GPRMC,110545.10,V,,,,,,,221220,,,N*79
$GPGGA,110545.10,,,,,0,00,,,M,,M,,*4D
$GPGST,110545.10,,,,,,,*7C
$GPRMC,110545.20,V,,,,,,,221220,,,N*7A
$GPGGA,110545.20,,,,,0,00,,,M,,M,,*4E
$GPGST,110545.20,,,,,,,*7F
$GPRMC,110545.30,V,,,,,,,221220,,,N*7B
$GPGGA,110545.30,,,,,0,00,,,M,,M,,*4F
$GPGST,110545.30,,,,,,,*7E
$GPRMC,110545.40,V,,,,,,,221220,,,N*7C
$GPGGA,110545.40,,,,,0,00,,,M,,M,,*48
$GPGST,110545.40,,,,,,,*79
$GPRMC,110545.50,V,,,,,,,221220,,,N*7D
$GPGGA,110545.50,,,,,0,00,,,M,,M,,*49
$GPGST,110545.50,,,,,,,*78
$GPRMC,110545.60,V,,,,,,,221220,,,N*7E
$GPGGA,110545.60,,,,,0,00,,,M,,M,,*4A
$GPGST,110545.60,,,,,,,*7B
$GPRMC,110545.70,V,,,,,,,221220,,,N*7F
$GPGGA,110545.70,,,,,0,00,,,M,,M,,*4B
$GPGST,110545.70,,,,,,,*7A
$GPRMC,110545.80,V,,,,,,,221220,,,N*70
$GPGGA,110545.80,,,,,0,00,,,M,,M,,*44
$GPGST,110545.80,,,,,,,*75
$GPRMC,110545.90,V,,,,,,,221220,,,N*71
$GPGGA,110545.90,,,,,0,00,,,M,,M,,*45
$GPGST,110545.90,,,,,,,*74
$GPRMC,110546.00,V,,,,,,,221220,,,N*7B
$GPGGA,110546.00,,,,,0,00,,,M,,M,,*4F
$GPGST,110546.00,,,,,,,*7E
$GPRMC,110546.10,V,,,,,,,221220,,,N*7A
$GPGGA,110546.10,,,,,0,00,,,M,,M,,*4E
$GPGST,110546.10,,,,,,,*7F
$GPRMC,110546.20,V,,,,,,,221220,,,N*79
$GPGGA,110546.20,,,,,0,00,,,M,,M,,*4D
$GPGST,110546.20,,,,,,,*7C
$GPRMC,110546.30,V,,,,,,,221220,,,N*78
$GPGGA,110546.30,,,,,0,00,,,M,,M,,*4C
$GPGST,110546.30,,,,,,,*7D
$GPRMC,110546.40,V,,,,,,,221220,,,N*7F
$GPGGA,110546.40,,,,,0,00,,,M,,M,,*4B
$GPGST,110546.40,,,,,,,*7A
$GPRMC,110546.50,V,,,,,,,221220,,,N*7E
$GPGGA,110546.50,,,,,0,00,,,M,,M,,*4A
$GPGST,110546.50,,,,,,,*7B
$GPRMC,110546.60,V,,,,,,,221220,,,N*7D
$GPGGA,110546.60,,,,,0,00,,,M,,M,,*49
$GPGST,110546.60,,,,,,,*78
$GPRMC,110546.70,V,,,,,,,221220,,,N*7C
$GPGGA,110546.70,,,,,0,00,,,M,,M,,*48
$GPGST,110546.70,,,,,,,*79
$GPRMC,110546.80,V,,,,,,,221220,,,N*73
$GPGGA,110546.80,,,,,0,00,,,M,,M,,*47
$GPGST,110546.80,,,,,,,*76
$GPRMC,110546.90,V,,,,,,,221220,,,N*72
$GPGGA,110546.90,,,,,0,00,,,M,,M,,*46
$GPGST,110546.90,,,,,,,*77
$GPRMC,110547.00,V,,,,,,,221220,,,N*7A
$GPGGA,110547.00,,,,,0,00,,,M,,M,,*4E
$GPGST,110547.00,,,,,,,*7F
$GPRMC,110547.10,V,,,,,,,221220,,,N*7B
$GPGGA,110547.10,,,,,0,00,,,M,,M,,*4F
$GPGST,110547.10,,,,,,,*7E
$GPRMC,110547.20,V,,,,,,,221220,,,N*78
$GPGGA,110547.20,,,,,0,00,,,M,,M,,*4C
$GPGST,110547.20,,,,,,,*7D
$GPRMC,110547.30,V,,,,,,,221220,,,N*79
$GPGGA,110547.30,,,,,0,00,,,M,,M,,*4D
$GPGST,110547.30,,,,,,,*7C
$GPRMC,110547.40,V,,,,,,,221220,,,N*7E
$GPGGA,110547.40,,,,,0,00,,,M,,M,,*4A
$GPGST,110547.40,,,,,,,*7B
$GPRMC,110547.50,V,,,,,,,221220,,,N*7F
$GPGGA,110547.50,,,,,0,00,,,M,,M,,*4B
$GPGST,110547.50,,,,,,,*7A
$GPRMC,110547.60,V,,,,,,,221220,,,N*7C
$GPGGA,110547.60,,,,,0,00,,,M,,M,,*48
$GPGST,110547.60,,,,,,,*79
$GPRMC,110547.70,V,,,,,,,221220,,,N*7D
$GPGGA,110547.70,,,,,0,00,,,M,,M,,*49
$GPGST,110547.70,,,,,,,*78
$GPRMC,110547.80,V,,,,,,,221220,,,N*72
$GPGGA,110547.80,,,,,0,00,,,M,,M,,*46
$GPGST,110547.80,,,,,,,*77
$GPRMC,110547.90,V,,,,,,,221220,,,N*73
$GPGGA,110547.90,,,,,0,00,,,M,,M,,*47
$GPGST,110547.90,,,,,,,*76
$GPRMC,110548.00,V,,,,,,,221220,,,N*75
$GPGGA,110548.00,,,,,0,00,,,M,,M,,*41
$GPGST,110548.00,,,,,,,*70
$GPRMC,110548.10,V,,,,,,,221220,,,N*74
$GPGGA,110548.10,,,,,0,00,,,M,,M,,*40
$GPGST,110548.10,,,,,,,*71
$GPRMC,110548.20,V,,,,,,,221220,,,N*77
$GPGGA,110548.20,,,,,0,00,,,M,,M,,*43
$GPGST,110548.20,,,,,,,*72
$GPRMC,110548.30,V,,,,,,,221220,,,N*76
$GPGGA,110548.30,,,,,0,00,,,M,,M,,*42
$GPGST,110548.30,,,,,,,*73
$GPRMC,110548.40,V,,,,,,,221220,,,N*71
$GPGGA,110548.40,,,,,0,00,,,M,,M,,*45
$GPGST,110548.40,,,,,,,*74
$GPRMC,110548.50,V,,,,,,,221220,,,N*70
$GPGGA,110548.50,,,,,0,00,,,M,,M,,*44
$GPGST,110548.50,,,,,,,*75
$GPRMC,110548.60,V,,,,,,,221220,,,N*73
$GPGGA,110548.60,,,,,0,00,,,M,,M,,*47
$GPGST,110548.60,,,,,,,*76
$GPRMC,110548.70,V,,,,,,,221220,,,N*72
$GPGGA,110548.70,,,,,0,00,,,M,,M,,*46
$GPGST,110548.70,,,,,,,*77
$GPRMC,110548.80,V,,,,,,,221220,,,N*7D
$GPGGA,110548.80,,,,,0,00,,,M,,M,,*49
$GPGST,110548.80,,,,,,,*78
$GPRMC,110548.90,V,,,,,,,221220,,,N*7C
$GPGGA,110548.90,,,,,0,00,,,M,,M,,*48
$GPGST,110548.90,,,,,,,*79
$GPRMC,110549.00,V,,,,,,,221220,,,N*74
$GPGGA,110549.00,,,,,0,00,,,M,,M,,*40
$GPGST,110549.00,,,,,,,*71
$GPRMC,110549.10,V,,,,,,,221220,,,N*75
$GPGGA,110549.10,,,,,0,00,,,M,,M,,*41
$GPGST,110549.10,,,,,,,*70
$GPRMC,110549.20,V,,,,,,,221220,,,N*76
$GPGGA,110549.20,,,,,0,00,,,M,,M,,*42
$GPGST,110549.20,,,,,,,*73
$GPRMC,110549.30,V,,,,,,,221220,,,N*77
$GPGGA,110549.30,,,,,0,00,,,M,,M,,*43
$GPGST,110549.30,,,,,,,*72
$GPRMC,110549.40,V,,,,,,,221220,,,N*70
$GPGGA,110549.40,,,,,0,00,,,M,,M,,*44
$GPGST,110549.40,,,,,,,*75
$GPRMC,110549.50,V,,,,,,,221220,,,N*71
$GPGGA,110549.50,,,,,0,00,,,M,,M,,*45
$GPGST,110549.50,,,,,,,*74
$GPRMC,110549.60,V,,,,,,,221220,,,N*72
$GPGGA,110549.60,,,,,0,00,,,M,,M,,*46
$GPGST,110549.60,,,,,,,*77
$GPRMC,110549.70,V,,,,,,,221220,,,N*73
$GPGGA,110549.70,,,,,0,00,,,M,,M,,*47
$GPGST,110549.70,,,,,,,*76
$GPRMC,110549.80,V,,,,,,,221220,,,N*7C
$GPGGA,110549.80,,,,,0,00,,,M,,M,,*48
$GPGST,110549.80,,,,,,,*79
$GPRMC,110549.90,V,,,,,,,221220,,,N*7D
$GPGGA,110549.90,,,,,0,00,,,M,,M,,*49
$GPGST,110549.90,,,,,,,*78
$GPRMC,110550.00,V,,,,,,,221220,,,N*7C
$GPGGA,110550.00,,,,,0,00,,,M,,M,,*48
$GPGST,110550.00,,,,,,,*79
$GPRMC,110550.10,V,,,,,,,221220,,,N*7D
$GPGGA,110550.10,,,,,0,00,,,M,,M,,*49
$GPGST,110550.10,,,,,,,*78
$GPRMC,110550.20,V,,,,,,,221220,,,N*7E
$GPGGA,110550.20,,,,,0,00,,,M,,M,,*4A
$GPGST,110550.20,,,,,,,*7B
$GPRMC,110550.30,V,,,,,,,221220,,,N*7F
$GPGGA,110550.30,,,,,0,00,,,M,,M,,*4B
$GPGST,110550.30,,,,,,,*7A
$GPRMC,110550.40,V,,,,,,,221220,,,N*78
$GPGGA,110550.40,,,,,0,00,,,M,,M,,*4C
$GPGST,110550.40,,,,,,,*7D
$GPRMC,110550.50,V,,,,,,,221220,,,N*79
$GPGGA,110550.50,,,,,0,00,,,M,,M,,*4D
$GPGST,110550.50,,,,,,,*7C
$GPRMC,110550.60,V,,,,,,,221220,,,N*7A
$GPGGA,110550.60,,,,,0,00,,,M,,M,,*4E
$GPGST,110550.60,,,,,,,*7F
$GPRMC,110550.70,V,,,,,,,221220,,,N*7B
$GPGGA,110550.70,,,,,0,00,,,M,,M,,*4F
$GPGST,110550.70,,,,,,,*7E
$GPRMC,110550.80,V,,,,,,,221220,,,N*74
$GPGGA,110550.80,,,,,0,00,,,M,,M,,*40
$GPGST,110550.80,,,,,,,*71
$GPRMC,110550.90,V,,,,,,,221220,,,N*75
$GPGGA,110550.90,,,,,0,00,,,M,,M,,*41
$GPGST,110550.90,,,,,,,*70
$GPRMC,110551.00,V,,,,,,,221220,,,N*7D
$GPGGA,110551.00,,,,,0,00,,,M,,M,,*49
$GPGST,110551.00,,,,,,,*78
$GPRMC,110551.10,V,,,,,,,221220,,,N*7C
$GPGGA,110551.10,,,,,0,00,,,M,,M,,*48
$GPGST,110551.10,,,,,,,*79
$GPRMC,110551.20,V,,,,,,,221220,,,N*7F
$GPGGA,110551.20,,,,,0,00,,,M,,M,,*4B
$GPGST,110551.20,,,,,,,*7A
$GPRMC,110551.30,V,,,,,,,221220,,,N*7E
$GPGGA,110551.30,,,,,0,00,,,M,,M,,*4A
$GPGST,110551.30,,,,,,,*7B
$GPRMC,110551.40,V,,,,,,,221220,,,N*79
$GPGGA,110551.40,,,,,0,00,,,M,,M,,*4D
$GPGST,110551.40,,,,,,,*7C
$GPRMC,110551.50,V,,,,,,,221220,,,N*78
$GPGGA,110551.50,,,,,0,00,,,M,,M,,*4C
$GPGST,110551.50,,,,,,,*7D
$GPRMC,110551.60,V,,,,,,,221220,,,N*7B
$GPGGA,110551.60,,,,,0,00,,,M,,M,,*4F
$GPGST,110551.60,,,,,,,*7E
$GPRMC,110551.70,V,,,,,,,221220,,,N*7A
$GPGGA,110551.70,,,,,0,00,,,M,,M,,*4E
$GPGST,110551.70,,,,,,,*7F
$GPRMC,110551.80,V,,,,,,,221220,,,N*75
$GPGGA,110551.80,,,,,0,00,,,M,,M,,*41
$GPGST,110551.80,,,,,,,*70
$GPRMC,110551.90,V,,,,,,,221220,,,N*74
$GPGGA,110551.90,,,,,0,00,,,M,,M,,*40
$GPGST,110551.90,,,,,,,*71
$GPRMC,110552.00,V,,,,,,,221220,,,N*7E
$GPGGA,110552.00,,,,,0,00,,,M,,M,,*4A
$GPGST,110552.00,,,,,,,*7B
$GPRMC,110552.10,V,,,,,,,221220,,,N*7F
$GPGGA,110552.10,,,,,0,00,,,M,,M,,*4B
$GPGST,110552.10,,,,,,,*7A
$GPRMC,110552.20,V,,,,,,,221220,,,N*7C
$GPGGA,110552.20,,,,,0,00,,,M,,M,,*48
$GPGST,110552.20,,,,,,,*79
$GPRMC,110552.30,V,,,,,,,221220,,,N*7D
$GPGGA,110552.30,,,,,0,00,,,M,,M,,*49
$GPGST,110552.30,,,,,,,*78
$GPRMC,110552.40,V,,,,,,,221220,,,N*7A
$GPGGA,110552.40,,,,,0,00,,,M,,M,,*4E
$GPGST,110552.40,,,,,,,*7F
$GPRMC,110552.50,V,,,,,,,221220,,,N*7B
$GPGGA,110552.50,,,,,0,00,,,M,,M,,*4F
$GPGST,110552.50,,,,,,,*7E
$GPRMC,110552.60,V,,,,,,,221220,,,N*78
$GPGGA,110552.60,,,,,0,00,,,M,,M,,*4C
$GPGST,110552.60,,,,,,,*7D
$GPRMC,110552.70,V,,,,,,,221220,,,N*79
$GPGGA,110552.70,,,,,0,00,,,M,,M,,*4D
$GPGST,110552.70,,,,,,,*7C
$GPRMC,110552.80,V,,,,,,,221220,,,N*76
$GPGGA,110552.80,,,,,0,00,,,M,,M,,*42
$GPGST,110552.80,,,,,,,*73
$GPRMC,110552.90,V,,,,,,,221220,,,N*77
$GPGGA,110552.90,,,,,0,00,,,M,,M,,*43
$GPGST,110552.90,,,,,,,*72
$GPRMC,110553.00,V,,,,,,,221220,,,N*7F
$GPGGA,110553.00,,,,,0,00,,,M,,M,,*4B
$GPGST,110553.00,,,,,,,*7A
$GPRMC,110553.10,V,,,,,,,221220,,,N*7E
$GPGGA,110553.10,,,,,0,00,,,M,,M,,*4A
$GPGST,110553.10,,,,,,,*7B
$GPRMC,110553.20,V,,,,,,,221220,,,N*7D
$GPGGA,110553.20,,,,,0,00,,,M,,M,,*49
$GPGST,110553.20,,,,,,,*78
$GPRMC,110553.30,V,,,,,,,221220,,,N*7C
$GPGGA,110553.30,,,,,0,00,,,M,,M,,*48
$GPGST,110553.30,,,,,,,*79
$GPRMC,110553.40,V,,,,,,,221220,,,N*7B
$GPGGA,110553.40,,,,,0,00,,,M,,M,,*4F
$GPGST,110553.40,,,,,,,*7E
$GPRMC,110553.50,V,,,,,,,221220,,,N*7A
$GPGGA,110553.50,,,,,0,00,,,M,,M,,*4E
$GPGST,110553.50,,,,,,,*7F
$GPRMC,110553.60,V,,,,,,,221220,,,N*79
$GPGGA,110553.60,,,,,0,00,,,M,,M,,*4D
$GPGST,110553.60,,,,,,,*7C
$GPRMC,110553.70,V,,,,,,,221220,,,N*78
$GPGGA,110553.70,,,,,0,00,,,M,,M,,*4C
$GPGST,110553.70,,,,,,,*7D
$GPRMC,110553.80,V,,,,,,,221220,,,N*77
$GPGGA,110553.80,,,,,0,00,,,M,,M,,*43
$GPGST,110553.80,,,,,,,*72
$GPRMC,110553.90,V,,,,,,,221220,,,N*76
$GPGGA,110553.90,,,,,0,00,,,M,,M,,*42
$GPGST,110553.90,,,,,,,*73
$GPRMC,110554.00,V,,,,,,,221220,,,N*78
$GPGGA,110554.00,,,,,0,00,,,M,,M,,*4C
$GPGST,110554.00,,,,,,,*7D
$GPRMC,110554.10,V,,,,,,,221220,,,N*79
$GPGGA,110554.10,,,,,0,00,,,M,,M,,*4D
$GPGST,110554.10,,,,,,,*7C
$GPRMC,110554.20,V,,,,,,,221220,,,N*7A
$GPGGA,110554.20,,,,,0,00,,,M,,M,,*4E
$GPGST,110554.20,,,,,,,*7F
$GPRMC,110554.30,V,,,,,,,221220,,,N*7B
$GPGGA,110554.30,,,,,0,00,,,M,,M,,*4F
$GPGST,110554.30,,,,,,,*7E
$GPRMC,110554.40,V,,,,,,,221220,,,N*7C
$GPGGA,110554.40,,,,,0,00,,,M,,M,,*48
$GPGST,110554.40,,,,,,,*79
$GPRMC,110554.50,V,,,,,,,221220,,,N*7D
$GPGGA,110554.50,,,,,0,00,,,M,,M,,*49
$GPGST,110554.50,,,,,,,*78
$GPRMC,110554.60,V,,,,,,,221220,,,N*7E
$GPGGA,110554.60,,,,,0,00,,,M,,M,,*4A
$GPGST,110554.60,,,,,,,*7B
$GPRMC,110554.70,V,,,,,,,221220,,,N*7F
$GPGGA,110554.70,,,,,0,00,,,M,,M,,*4B
$GPGST,110554.70,,,,,,,*7A
$GPRMC,110554.80,V,,,,,,,221220,,,N*70
$GPGGA,110554.80,,,,,0,00,,,M,,M,,*44
$GPGST,110554.80,,,,,,,*75
$GPRMC,110554.90,V,,,,,,,221220,,,N*71
$GPGGA,110554.90,,,,,0,00,,,M,,M,,*45
$GPGST,110554.90,,,,,,,*74
$GPRMC,110555.00,V,,,,,,,221220,,,N*79
$GPGGA,110555.00,,,,,0,00,,,M,,M,,*4D
$GPGST,110555.00,,,,,,,*7C
$GPRMC,110555.10,V,,,,,,,221220,,,N*78
$GPGGA,110555.10,,,,,0,00,,,M,,M,,*4C
$GPGST,110555.10,,,,,,,*7D
$GPRMC,110555.20,V,,,,,,,221220,,,N*7B
$GPGGA,110555.20,,,,,0,00,,,M,,M,,*4F
$GPGST,110555.20,,,,,,,*7E
$GPRMC,110555.30,V,,,,,,,221220,,,N*7A
$GPGGA,110555.30,,,,,0,00,,,M,,M,,*4E
$GPGST,110555.30,,,,,,,*7F
$GPRMC,110555.40,V,,,,,,,221220,,,N*7D
$GPGGA,110555.40,,,,,0,00,,,M,,M,,*49
$GPGST,110555.40,,,,,,,*78
$GPRMC,110555.50,V,,,,,,,221220,,,N*7C
$GPGGA,110555.50,,,,,0,00,,,M,,M,,*48
$GPGST,110555.50,,,,,,,*79
$GPRMC,110555.60,V,,,,,,,221220,,,N*7F
$GPGGA,110555.60,,,,,0,00,,,M,,M,,*4B
$GPGST,110555.60,,,,,,,*7A
$GPRMC,110555.70,V,,,,,,,221220,,,N*7E
$GPGGA,110555.70,,,,,0,00,,,M,,M,,*4A
$GPGST,110555.70,,,,,,,*7B
$GPRMC,110555.80,V,,,,,,,221220,,,N*71
$GPGGA,110555.80,,,,,0,00,,,M,,M,,*45
$GPGST,110555.80,,,,,,,*74
$GPRMC,110555.90,V,,,,,,,221220,,,N*70
$GPGGA,110555.90,,,,,0,00,,,M,,M,,*44
$GPGST,110555.90,,,,,,,*75
$GPRMC,110556.00,V,,,,,,,221220,,,N*7A
$GPGGA,110556.00,,,,,0,00,,,M,,M,,*4E
$GPGST,110556.00,,,,,,,*7F
$GPRMC,110556.10,V,,,,,,,221220,,,N*7B
$GPGGA,110556.10,,,,,0,00,,,M,,M,,*4F
$GPGST,110556.10,,,,,,,*7E
$GPRMC,110556.20,V,,,,,,,221220,,,N*78
$GPGGA,110556.20,,,,,0,00,,,M,,M,,*4C
$GPGST,110556.20,,,,,,,*7D
$GPRMC,110556.30,V,,,,,,,221220,,,N*79
$GPGGA,110556.30,,,,,0,00,,,M,,M,,*4D
$GPGST,110556.30,,,,,,,*7C
$GPRMC,110556.40,V,,,,,,,221220,,,N*7E
$GPGGA,110556.40,,,,,0,00,,,M,,M,,*4A
$GPGST,110556.40,,,,,,,*7B
$GPRMC,110556.50,V,,,,,,,221220,,,N*7F
$GPGGA,110556.50,,,,,0,00,,,M,,M,,*4B
$GPGST,110556.50,,,,,,,*7A
$GPRMC,110556.60,V,,,,,,,221220,,,N*7C
$GPGGA,110556.60,,,,,0,00,,,M,,M,,*48
$GPGST,110556.60,,,,,,,*79
$GPRMC,110556.70,V,,,,,,,221220,,,N*7D
$GPGGA,110556.70,,,,,0,00,,,M,,M,,*49
$GPGST,110556.70,,,,,,,*78
$GPRMC,110556.80,V,,,,,,,221220,,,N*72
$GPGGA,110556.80,,,,,0,00,,,M,,M,,*46
$GPGST,110556.80,,,,,,,*77
$GPRMC,110556.90,V,,,,,,,221220,,,N*73
$GPGGA,110556.90,,,,,0,00,,,M,,M,,*47
$GPGST,110556.90,,,,,,,*76
$GPRMC,110557.00,V,,,,,,,221220,,,N*7B
$GPGGA,110557.00,,,,,0,00,,,M,,M,,*4F
$GPGST,110557.00,,,,,,,*7E
$GPRMC,110557.10,V,,,,,,,221220,,,N*7A
$GPGGA,110557.10,,,,,0,00,,,M,,M,,*4E
$GPGST,110557.10,,,,,,,*7F
$GPRMC,110557.20,V,,,,,,,221220,,,N*79
$GPGGA,110557.20,,,,,0,00,,,M,,M,,*4D
$GPGST,110557.20,,,,,,,*7C
$GPRMC,110557.30,V,,,,,,,221220,,,N*78
$GPGGA,110557.30,,,,,0,00,,,M,,M,,*4C
$GPGST,110557.30,,,,,,,*7D
$GPRMC,110557.40,V,,,,,,,221220,,,N*7F
$GPGGA,110557.40,,,,,0,00,,,M,,M,,*4B
$GPGST,110557.40,,,,,,,*7A
$GPRMC,110557.50,V,,,,,,,221220,,,N*7E
$GPGGA,110557.50,,,,,0,00,,,M,,M,,*4A
$GPGST,110557.50,,,,,,,*7B
$GPRMC,110557.60,V,,,,,,,221220,,,N*7D
$GPGGA,110557.60,,,,,0,00,,,M,,M,,*49
$GPGST,110557.60,,,,,,,*78
$GPRMC,110557.70,V,,,,,,,221220,,,N*7C
$GPGGA,110557.70,,,,,0,00,,,M,,M,,*48
$GPGST,110557.70,,,,,,,*79
$GPRMC,110557.80,V,,,,,,,221220,,,N*73
$GPGGA,110557.80,,,,,0,00,,,M,,M,,*47
$GPGST,110557.80,,,,,,,*76
$GPRMC,110557.90,V,,,,,,,221220,,,N*72
$GPGGA,110557.90,,,,,0,00,,,M,,M,,*46
$GPGST,110557.90,,,,,,,*77
$GPRMC,110558.00,V,,,,,,,221220,,,N*74
$GPGGA,110558.00,,,,,0,00,,,M,,M,,*40
$GPGST,110558.00,,,,,,,*71
$GPRMC,110558.10,V,,,,,,,221220,,,N*75
$GPGGA,110558.10,,,,,0,00,,,M,,M,,*41
$GPGST,110558.10,,,,,,,*70
$GPRMC,110558.20,V,,,,,,,221220,,,N*76
$GPGGA,110558.20,,,,,0,00,,,M,,M,,*42
$GPGST,110558.20,,,,,,,*73
$GPRMC,110558.30,V,,,,,,,221220,,,N*77
$GPGGA,110558.30,,,,,0,00,,,M,,M,,*43
$GPGST,110558.30,,,,,,,*72
$GPRMC,110558.40,V,,,,,,,221220,,,N*70
$GPGGA,110558.40,,,,,0,00,,,M,,M,,*44
$GPGST,110558.40,,,,,,,*75
$GPRMC,110558.50,V,,,,,,,221220,,,N*71
$GPGGA,110558.50,,,,,0,00,,,M,,M,,*45
$GPGST,110558.50,,,,,,,*74
$GPRMC,110558.60,V,,,,,,,221220,,,N*72
$GPGGA,110558.60,,,,,0,00,,,M,,M,,*46
$GPGST,110558.60,,,,,,,*77
$GPRMC,110558.70,V,,,,,,,221220,,,N*73
$GPGGA,110558.70,,,,,0,00,,,M,,M,,*47
$GPGST,110558.70,,,,,,,*76
$GPRMC,110558.80,V,,,,,,,221220,,,N*7C
$GPGGA,110558.80,,,,,0,00,,,M,,M,,*48
$GPGST,110558.80,,,,,,,*79
$GPRMC,110558.90,V,,,,,,,221220,,,N*7D
$GPGGA,110558.90,,,,,0,00,,,M,,M,,*49
$GPGST,110558.90,,,,,,,*78
$GPRMC,110559.00,V,,,,,,,221220,,,N*75
$GPGGA,110559.00,,,,,0,00,,,M,,M,,*41
$GPGST,110559.00,,,,,,,*70
$GPRMC,110559.10,V,,,,,,,221220,,,N*74
$GPGGA,110559.10,,,,,0,00,,,M,,M,,*40
$GPGST,110559.10,,,,,,,*71
$GPRMC,110559.20,V,,,,,,,221220,,,N*77
$GPGGA,110559.20,,,,,0,00,,,M,,M,,*43
$GPGST,110559.20,,,,,,,*72
$GPRMC,110559.30,V,,,,,,,221220,,,N*76
$GPGGA,110559.30,,,,,0,00,,,M,,M,,*42
$GPGST,110559.30,,,,,,,*73
$GPRMC,110559.40,V,,,,,,,221220,,,N*71
$GPGGA,110559.40,,,,,0,00,,,M,,M,,*45
$GPGST,110559.40,,,,,,,*74
$GPRMC,110559.50,V,,,,,,,221220,,,N*70
$GPGGA,110559.50,,,,,0,00,,,M,,M,,*44
$GPGST,110559.50,,,,,,,*75
$GPRMC,110559.60,V,,,,,,,221220,,,N*73
$GPGGA,110559.60,,,,,0,00,,,M,,M,,*47
$GPGST,110559.60,,,,,,,*76
$GPRMC,110559.70,V,,,,,,,221220,,,N*72
$GPGGA,110559.70,,,,,0,00,,,M,,M,,*46
$GPGST,110559.70,,,,,,,*77
$GPRMC,110559.80,V,,,,,,,221220,,,N*7D
$GPGGA,110559.80,,,,,0,00,,,M,,M,,*49
$GPGST,110559.80,,,,,,,*78
$GPRMC,110559.90,V,,,,,,,221220,,,N*7C
$GPGGA,110559.90,,,,,0,00,,,M,,M,,*48
$GPGST,110559.90,,,,,,,*79
$GPRMC,110600.00,V,,,,,,,221220,,,N*7A
$GPGGA,110600.00,,,,,0,00,,,M,,M,,*4E
$GPGST,110600.00,,,,,,,*7F
$GPRMC,110600.10,V,,,,,,,221220,,,N*7B
$GPGGA,110600.10,,,,,0,00,,,M,,M,,*4F
$GPGST,110600.10,,,,,,,*7E
$GPRMC,110600.20,V,,,,,,,221220,,,N*78
$GPGGA,110600.20,,,,,0,00,,,M,,M,,*4C
$GPGST,110600.20,,,,,,,*7D
$GPRMC,110600.30,V,,,,,,,221220,,,N*79
$GPGGA,110600.30,,,,,0,00,,,M,,M,,*4D
$GPGST,110600.30,,,,,,,*7C
$GPRMC,110600.40,V,,,,,,,221220,,,N*7E
$GPGGA,110600.40,,,,,0,00,,,M,,M,,*4A
$GPGST,110600.40,,,,,,,*7B
$GPRMC,110600.50,V,,,,,,,221220,,,N*7F
$GPGGA,110600.50,,,,,0,00,,,M,,M,,*4B
$GPGST,110600.50,,,,,,,*7A
$GPRMC,110600.60,V,,,,,,,221220,,,N*7C
$GPGGA,110600.60,,,,,0,00,,,M,,M,,*48
$GPGST,110600.60,,,,,,,*79
$GPRMC,110600.70,V,,,,,,,221220,,,N*7D
$GPGGA,110600.70,,,,,0,00,,,M,,M,,*49
$GPGST,110600.70,,,,,,,*78
$GPRMC,110600.80,V,,,,,,,221220,,,N*72
$GPGGA,110600.80,,,,,0,00,,,M,,M,,*46
$GPGST,110600.80,,,,,,,*77
$GPRMC,110600.90,V,,,,,,,221220,,,N*73
$GPGGA,110600.90,,,,,0,00,,,M,,M,,*47
$GPGST,110600.90,,,,,,,*76
$GPRMC,110601.00,V,,,,,,,221220,,,N*7B
$GPGGA,110601.00,,,,,0,00,,,M,,M,,*4F
$GPGST,110601.00,,,,,,,*7E
$GPRMC,110601.10,V,,,,,,,221220,,,N*7A
$GPGGA,110601.10,,,,,0,00,,,M,,M,,*4E
$GPGST,110601.10,,,,,,,*7F
$GPRMC,110601.20,V,,,,,,,221220,,,N*79
$GPGGA,110601.20,,,,,0,00,,,M,,M,,*4D
$GPGST,110601.20,,,,,,,*7C
$GPRMC,110601.30,V,,,,,,,221220,,,N*78
$GPGGA,110601.30,,,,,0,00,,,M,,M,,*4C
$GPGST,110601.30,,,,,,,*7D
$GPRMC,110601.40,V,,,,,,,221220,,,N*7F
$GPGGA,110601.40,,,,,0,00,,,M,,M,,*4B
$GPGST,110601.40,,,,,,,*7A
$GPRMC,110601.50,V,,,,,,,221220,,,N*7E
$GPGGA,110601.50,,,,,0,00,,,M,,M,,*4A
$GPGST,110601.50,,,,,,,*7B
$GPRMC,110601.60,V,,,,,,,221220,,,N*7D
$GPGGA,110601.60,,,,,0,00,,,M,,M,,*49
$GPGST,110601.60,,,,,,,*78
$GPRMC,110601.70,V,,,,,,,221220,,,N*7C
$GPGGA,110601.70,,,,,0,00,,,M,,M,,*48
$GPGST,110601.70,,,,,,,*79
$GPRMC,110601.80,V,,,,,,,221220,,,N*73
$GPGGA,110601.80,,,,,0,00,,,M,,M,,*47
$GPGST,110601.80,,,,,,,*76
$GPRMC,110601.90,V,,,,,,,221220,,,N*72
$GPGGA,110601.90,,,,,0,00,,,M,,M,,*46
$GPGST,110601.90,,,,,,,*77
$GPRMC,110602.00,V,,,,,,,221220,,,N*78
$GPGGA,110602.00,,,,,0,00,,,M,,M,,*4C
$GPGST,110602.00,,,,,,,*7D
$GPRMC,110602.10,V,,,,,,,221220,,,N*79
$GPGGA,110602.10,,,,,0,00,,,M,,M,,*4D
$GPGST,110602.10,,,,,,,*7C
$GPRMC,110602.20,V,,,,,,,221220,,,N*7A
$GPGGA,110602.20,,,,,0,00,,,M,,M,,*4E
$GPGST,110602.20,,,,,,,*7F
$GPRMC,110602.30,V,,,,,,,221220,,,N*7B
$GPGGA,110602.30,,,,,0,00,,,M,,M,,*4F
$GPGST,110602.30,,,,,,,*7E
$GPRMC,110602.40,V,,,,,,,221220,,,N*7C
$GPGGA,110602.40,,,,,0,00,,,M,,M,,*48
$GPGST,110602.40,,,,,,,*79
$GPRMC,110602.50,V,,,,,,,221220,,,N*7D
$GPGGA,110602.50,,,,,0,00,,,M,,M,,*49
$GPGST,110602.50,,,,,,,*78
$GPRMC,110602.60,V,,,,,,,221220,,,N*7E
$GPGGA,110602.60,,,,,0,00,,,M,,M,,*4A
$GPGST,110602.60,,,,,,,*7B
$GPRMC,110602.70,V,,,,,,,221220,,,N*7F
$GPGGA,110602.70,,,,,0,00,,,M,,M,,*4B
$GPGST,110602.70,,,,,,,*7A
$GPRMC,110602.80,V,,,,,,,221220,,,N*70
$GPGGA,110602.80,,,,,0,00,,,M,,M,,*44
$GPGST,110602.80,,,,,,,*75
$GPRMC,110602.90,V,,,,,,,221220,,,N*71
$GPGGA,110602.90,,,,,0,00,,,M,,M,,*45
$GPGST,110602.90,,,,,,,*74
$GPRMC,110603.00,V,,,,,,,221220,,,N*79
$GPGGA,110603.00,,,,,0,00,,,M,,M,,*4D
$GPGST,110603.00,,,,,,,*7C
$GPRMC,110603.10,V,,,,,,,221220,,,N*78
$GPGGA,110603.10,,,,,0,00,,,M,,M,,*4C
$GPGST,110603.10,,,,,,,*7D
$GPRMC,110603.20,V,,,,,,,221220,,,N*7B
$GPGGA,110603.20,,,,,0,00,,,M,,M,,*4F
$GPGST,110603.20,,,,,,,*7E
$GPRMC,110603.30,V,,,,,,,221220,,,N*7A
$GPGGA,110603.30,,,,,0,00,,,M,,M,,*4E
$GPGST,110603.30,,,,,,,*7F
$GPRMC,110603.40,V,,,,,,,221220,,,N*7D
$GPGGA,110603.40,,,,,0,00,,,M,,M,,*49
$GPGST,110603.40,,,,,,,*78
$GPRMC,110603.50,V,,,,,,,221220,,,N*7C
$GPGGA,110603.50,,,,,0,00,,,M,,M,,*48
$GPGST,110603.50,,,,,,,*79
$GPRMC,110603.60,V,,,,,,,221220,,,N*7F
$GPGGA,110603.60,,,,,0,00,,,M,,M,,*4B
$GPGST,110603.60,,,,,,,*7A
$GPRMC,110603.70,V,,,,,,,221220,,,N*7E
$GPGGA,110603.70,,,,,0,00,,,M,,M,,*4A
$GPGST,110603.70,,,,,,,*7B
$GPRMC,110603.80,V,,,,,,,221220,,,N*71
$GPGGA,110603.80,,,,,0,00,,,M,,M,,*45
$GPGST,110603.80,,,,,,,*74
$GPRMC,110603.90,V,,,,,,,221220,,,N*70
$GPGGA,110603.90,,,,,0,00,,,M,,M,,*44
$GPGST,110603.90,,,,,,,*75
$GPRMC,110604.00,V,,,,,,,221220,,,N*7E
$GPGGA,110604.00,,,,,0,00,,,M,,M,,*4A
$GPGST,110604.00,,,,,,,*7B
$GPRMC,110604.10,V,,,,,,,221220,,,N*7F
$GPGGA,110604.10,,,,,0,00,,,M,,M,,*4B
$GPGST,110604.10,,,,,,,*7A
$GPRMC,110604.20,V,,,,,,,221220,,,N*7C
$GPGGA,110604.20,,,,,0,00,,,M,,M,,*48
$GPGST,110604.20,,,,,,,*79
$GPRMC,110604.30,V,,,,,,,221220,,,N*7D
$GPGGA,110604.30,,,,,0,00,,,M,,M,,*49
$GPGST,110604.30,,,,,,,*78
$GPRMC,110604.40,V,,,,,,,221220,,,N*7A
$GPGGA,110604.40,,,,,0,00,,,M,,M,,*4E
$GPGST,110604.40,,,,,,,*7F
$GPRMC,110604.50,V,,,,,,,221220,,,N*7B
$GPGGA,110604.50,,,,,0,00,,,M,,M,,*4F
$GPGST,110604.50,,,,,,,*7E
$GPRMC,110604.60,V,,,,,,,221220,,,N*78
$GPGGA,110604.60,,,,,0,00,,,M,,M,,*4C
$GPGST,110604.60,,,,,,,*7D
$GPRMC,110604.70,V,,,,,,,221220,,,N*79
$GPGGA,110604.70,,,,,0,00,,,M,,M,,*4D
$GPGST,110604.70,,,,,,,*7C
$GPRMC,110604.80,V,,,,,,,221220,,,N*76
$GPGGA,110604.80,,,,,0,00,,,M,,M,,*42
$GPGST,110604.80,,,,,,,*73
$GPRMC,110604.90,V,,,,,,,221220,,,N*77
$GPGGA,110604.90,,,,,0,00,,,M,,M,,*43
$GPGST,110604.90,,,,,,,*72
$GPRMC,110605.00,V,,,,,,,221220,,,N*7F
$GPGGA,110605.00,,,,,0,00,,,M,,M,,*4B
$GPGST,110605.00,,,,,,,*7A
$GPRMC,110605.10,V,,,,,,,221220,,,N*7E
$GPGGA,110605.10,,,,,0,00,,,M,,M,,*4A
$GPGST,110605.10,,,,,,,*7B
$GPRMC,110605.20,V,,,,,,,221220,,,N*7D
$GPGGA,110605.20,,,,,0,00,,,M,,M,,*49
$GPGST,110605.20,,,,,,,*78
$GPRMC,110605.30,V,,,,,,,221220,,,N*7C
$GPGGA,110605.30,,,,,0,00,,,M,,M,,*48
$GPGST,110605.30,,,,,,,*79
$GPRMC,110605.40,V,,,,,,,221220,,,N*7B
$GPGGA,110605.40,,,,,0,00,,,M,,M,,*4F
$GPGST,110605.40,,,,,,,*7E
$GPRMC,110605.50,V,,,,,,,221220,,,N*7A
$GPGGA,110605.50,,,,,0,00,,,M,,M,,*4E
$GPGST,110605.50,,,,,,,*7F
$GPRMC,110605.60,V,,,,,,,221220,,,N*79
$GPGGA,110605.60,,,,,0,00,,,M,,M,,*4D
$GPGST,110605.60,,,,,,,*7C
$GPRMC,110605.70,V,,,,,,,221220,,,N*78
$GPGGA,110605.70,,,,,0,00,,,M,,M,,*4C
$GPGST,110605.70,,,,,,,*7D
$GPRMC,110605.80,V,,,,,,,221220,,,N*77
$GPGGA,110605.80,,,,,0,00,,,M,,M,,*43
$GPGST,110605.80,,,,,,,*72
$GPRMC,110605.90,V,,,,,,,221220,,,N*76
$GPGGA,110605.90,,,,,0,00,,,M,,M,,*42
$GPGST,110605.90,,,,,,,*73
$GPRMC,110606.00,V,,,,,,,221220,,,N*7C
$GPGGA,110606.00,,,,,0,00,,,M,,M,,*48
$GPGST,110606.00,,,,,,,*79
$GPRMC,110606.10,V,,,,,,,221220,,,N*7D
$GPGGA,110606.10,,,,,0,00,,,M,,M,,*49
$GPGST,110606.10,,,,,,,*78
$GPRMC,110606.20,V,,,,,,,221220,,,N*7E
$GPGGA,110606.20,,,,,0,00,,,M,,M,,*4A
$GPGST,110606.20,,,,,,,*7B
$GPRMC,110606.30,V,,,,,,,221220,,,N*7F
$GPGGA,110606.30,,,,,0,00,,,M,,M,,*4B
$GPGST,110606.30,,,,,,,*7A
$GPRMC,110606.40,V,,,,,,,221220,,,N*78
$GPGGA,110606.40,,,,,0,00,,,M,,M,,*4C
$GPGST,110606.40,,,,,,,*7D
$GPRMC,110606.50,V,,,,,,,221220,,,N*79
$GPGGA,110606.50,,,,,0,00,,,M,,M,,*4D
$GPGST,110606.50,,,,,,,*7C
$GPRMC,110606.60,V,,,,,,,221220,,,N*7A
$GPGGA,110606.60,,,,,0,00,,,M,,M,,*4E
$GPGST,110606.60,,,,,,,*7F
$GPRMC,110606.70,V,,,,,,,221220,,,N*7B
$GPGGA,110606.70,,,,,0,00,,,M,,M,,*4F
$GPGST,110606.70,,,,,,,*7E
$GPRMC,110606.80,V,,,,,,,221220,,,N*74
$GPGGA,110606.80,,,,,0,00,,,M,,M,,*40
$GPGST,110606.80,,,,,,,*71
$GPRMC,110606.90,V,,,,,,,221220,,,N*75
$GPGGA,110606.90,,,,,0,00,,,M,,M,,*41
$GPGST,110606.90,,,,,,,*70
$GPRMC,110607.00,V,,,,,,,221220,,,N*7D
$GPGGA,110607.00,,,,,0,00,,,M,,M,,*49
$GPGST,110607.00,,,,,,,*78
$GPRMC,110607.10,V,,,,,,,221220,,,N*7C
$GPGGA,110607.10,,,,,0,00,,,M,,M,,*48
$GPGST,110607.10,,,,,,,*79
$GPRMC,110607.20,V,,,,,,,221220,,,N*7F
$GPGGA,110607.20,,,,,0,00,,,M,,M,,*4B
$GPGST,110607.20,,,,,,,*7A
$GPRMC,110607.30,V,,,,,,,221220,,,N*7E
$GPGGA,110607.30,,,,,0,00,,,M,,M,,*4A
$GPGST,110607.30,,,,,,,*7B
$GPRMC,110607.40,V,,,,,,,221220,,,N*79
$GPGGA,110607.40,,,,,0,00,,,M,,M,,*4D
$GPGST,110607.40,,,,,,,*7C
$GPRMC,110607.50,V,,,,,,,221220,,,N*78
$GPGGA,110607.50,,,,,0,00,,,M,,M,,*4C
$GPGST,110607.50,,,,,,,*7D
$GPRMC,110607.60,V,,,,,,,221220,,,N*7B
$GPGGA,110607.60,,,,,0,00,,,M,,M,,*4F
$GPGST,110607.60,,,,,,,*7E
$GPRMC,110607.70,V,,,,,,,221220,,,N*7A
$GPGGA,110607.70,,,,,0,00,,,M,,M,,*4E
$GPGST,110607.70,,,,,,,*7F
$GPRMC,110607.80,V,,,,,,,221220,,,N*75
$GPGGA,110607.80,,,,,0,00,,,M,,M,,*41
$GPGST,110607.80,,,,,,,*70
$GPRMC,110607.90,V,,,,,,,221220,,,N*74
$GPGGA,110607.90,,,,,0,00,,,M,,M,,*40
$GPGST,110607.90,,,,,,,*71
$GPRMC,110608.00,V,,,,,,,221220,,,N*72
$GPGGA,110608.00,,,,,0,00,,,M,,M,,*46
$GPGST,110608.00,,,,,,,*77
$GPRMC,110608.10,V,,,,,,,221220,,,N*73
$GPGGA,110608.10,,,,,0,00,,,M,,M,,*47
$GPGST,110608.10,,,,,,,*76
$GPRMC,110608.20,V,,,,,,,221220,,,N*70
$GPGGA,110608.20,,,,,0,00,,,M,,M,,*44
$GPGST,110608.20,,,,,,,*75
$GPRMC,110608.30,V,,,,,,,221220,,,N*71
$GPGGA,110608.30,,,,,0,00,,,M,,M,,*45
$GPGST,110608.30,,,,,,,*74
$GPRMC,110608.40,V,,,,,,,221220,,,N*76
$GPGGA,110608.40,,,,,0,00,,,M,,M,,*42
$GPGST,110608.40,,,,,,,*73
$GPRMC,110608.50,V,,,,,,,221220,,,N*77
$GPGGA,110608.50,,,,,0,00,,,M,,M,,*43
$GPGST,110608.50,,,,,,,*72
$GPRMC,110608.60,V,,,,,,,221220,,,N*74
$GPGGA,110608.60,,,,,0,00,,,M,,M,,*40
$GPGST,110608.60,,,,,,,*71
$GPRMC,110608.70,V,,,,,,,221220,,,N*75
$GPGGA,110608.70,,,,,0,00,,,M,,M,,*41
$GPGST,110608.70,,,,,,,*70
$GPRMC,110608.80,V,,,,,,,221220,,,N*7A
$GPGGA,110608.80,,,,,0,00,,,M,,M,,*4E
$GPGST,110608.80,,,,,,,*7F
$GPRMC,110608.90,V,,,,,,,221220,,,N*7B
$GPGGA,110608.90,,,,,0,00,,,M,,M,,*4F
$GPGST,110608.90,,,,,,,*7E
$GPRMC,110609.00,V,,,,,,,221220,,,N*73
$GPGGA,110609.00,,,,,0,00,,,M,,M,,*47
$GPGST,110609.00,,,,,,,*76
$GPRMC,110609.10,V,,,,,,,221220,,,N*72
$GPGGA,110609.10,,,,,0,00,,,M,,M,,*46
$GPGST,110609.10,,,,,,,*77
$GPRMC,110609.20,V,,,,,,,221220,,,N*71
$GPGGA,110609.20,,,,,0,00,,,M,,M,,*45
$GPGST,110609.20,,,,,,,*74
$GPRMC,110609.30,V,,,,,,,221220,,,N*70
$GPGGA,110609.30,,,,,0,00,,,M,,M,,*44
$GPGST,110609.30,,,,,,,*75
$GPRMC,110609.40,V,,,,,,,221220,,,N*77
$GPGGA,110609.40,,,,,0,00,,,M,,M,,*43
$GPGST,110609.40,,,,,,,*72
$GPRMC,110609.50,V,,,,,,,221220,,,N*76
$GPGGA,110609.50,,,,,0,00,,,M,,M,,*42
$GPGST,110609.50,,,,,,,*73
$GPRMC,110609.60,V,,,,,,,221220,,,N*75
$GPGGA,110609.60,,,,,0,00,,,M,,M,,*41
$GPGST,110609.60,,,,,,,*70
$GPRMC,110609.70,V,,,,,,,221220,,,N*74
$GPGGA,110609.70,,,,,0,00,,,M,,M,,*40
$GPGST,110609.70,,,,,,,*71
$GPRMC,110609.80,V,,,,,,,221220,,,N*7B
$GPGGA,110609.80,,,,,0,00,,,M,,M,,*4F
$GPGST,110609.80,,,,,,,*7E
$GPRMC,110609.90,V,,,,,,,221220,,,N*7A
$GPGGA,110609.90,,,,,0,00,,,M,,M,,*4E
$GPGST,110609.90,,,,,,,*7F
$GPRMC,110610.00,V,,,,,,,221220,,,N*7B
$GPGGA,110610.00,,,,,0,00,,,M,,M,,*4F
$GPGST,110610.00,,,,,,,*7E
$GPRMC,110610.10,V,,,,,,,221220,,,N*7A
$GPGGA,110610.10,,,,,0,00,,,M,,M,,*4E
$GPGST,110610.10,,,,,,,*7F
$GPRMC,110610.20,V,,,,,,,221220,,,N*79
$GPGGA,110610.20,,,,,0,00,,,M,,M,,*4D
$GPGST,110610.20,,,,,,,*7C
$GPRMC,110610.30,V,,,,,,,221220,,,N*78
$GPGGA,110610.30,,,,,0,00,,,M,,M,,*4C
$GPGST,110610.30,,,,,,,*7D
$GPRMC,110610.40,V,,,,,,,221220,,,N*7F
$GPGGA,110610.40,,,,,0,00,,,M,,M,,*4B
$GPGST,110610.40,,,,,,,*7A
$GPRMC,110610.50,V,,,,,,,221220,,,N*7E
$GPGGA,110610.50,,,,,0,00,,,M,,M,,*4A
$GPGST,110610.50,,,,,,,*7B
$GPRMC,110610.60,V,,,,,,,221220,,,N*7D
$GPGGA,110610.60,,,,,0,00,,,M,,M,,*49
$GPGST,110610.60,,,,,,,*78
$GPRMC,110610.70,V,,,,,,,221220,,,N*7C
$GPGGA,110610.70,,,,,0,00,,,M,,M,,*48
$GPGST,110610.70,,,,,,,*79
$GPRMC,110610.80,V,,,,,,,221220,,,N*73
$GPGGA,110610.80,,,,,0,00,,,M,,M,,*47
$GPGST,110610.80,,,,,,,*76
$GPRMC,110610.90,V,,,,,,,221220,,,N*72
$GPGGA,110610.90,,,,,0,00,,,M,,M,,*46
$GPGST,110610.90,,,,,,,*77
$GPRMC,110611.00,V,,,,,,,221220,,,N*7A
$GPGGA,110611.00,,,,,0,00,,,M,,M,,*4E
$GPGST,110611.00,,,,,,,*7F
$GPRMC,110611.10,V,,,,,,,221220,,,N*7B
$GPGGA,110611.10,,,,,0,00,,,M,,M,,*4F
$GPGST,110611.10,,,,,,,*7E
$GPRMC,110611.20,V,,,,,,,221220,,,N*78
$GPGGA,110611.20,,,,,0,00,,,M,,M,,*4C
$GPGST,110611.20,,,,,,,*7D
$GPRMC,110611.30,V,,,,,,,221220,,,N*79
$GPGGA,110611.30,,,,,0,00,,,M,,M,,*4D
$GPGST,110611.30,,,,,,,*7C
$GPRMC,110611.40,V,,,,,,,221220,,,N*7E
$GPGGA,110611.40,,,,,0,00,,,M,,M,,*4A
$GPGST,110611.40,,,,,,,*7B
$GPRMC,110611.50,V,,,,,,,221220,,,N*7F
$GPGGA,110611.50,,,,,0,00,,,M,,M,,*4B
$GPGST,110611.50,,,,,,,*7A
$GPRMC,110611.60,V,,,,,,,221220,,,N*7C
$GPGGA,110611.60,,,,,0,00,,,M,,M,,*48
$GPGST,110611.60,,,,,,,*79
$GPRMC,110611.70,V,,,,,,,221220,,,N*7D
$GPGGA,110611.70,,,,,0,00,,,M,,M,,*49
$GPGST,110611.70,,,,,,,*78
$GPRMC,110611.80,V,,,,,,,221220,,,N*72
$GPGGA,110611.80,,,,,0,00,,,M,,M,,*46
$GPGST,110611.80,,,,,,,*77
$GPRMC,110611.90,V,,,,,,,221220,,,N*73
$GPGGA,110611.90,,,,,0,00,,,M,,M,,*47
$GPGST,110611.90,,,,,,,*76
$GPRMC,110612.00,V,,,,,,,221220,,,N*79
$GPGGA,110612.00,,,,,0,00,,,M,,M,,*4D
$GPGST,110612.00,,,,,,,*7C
$GPRMC,110612.10,V,,,,,,,221220,,,N*78
$GPGGA,110612.10,,,,,0,00,,,M,,M,,*4C
$GPGST,110612.10,,,,,,,*7D
$GPRMC,110612.20,V,,,,,,,221220,,,N*7B
$GPGGA,110612.20,,,,,0,00,,,M,,M,,*4F
$GPGST,110612.20,,,,,,,*7E
$GPRMC,110612.30,V,,,,,,,221220,,,N*7A
$GPGGA,110612.30,,,,,0,00,,,M,,M,,*4E
$GPGST,110612.30,,,,,,,*7F
$GPRMC,110612.40,V,,,,,,,221220,,,N*7D
$GPGGA,110612.40,,,,,0,00,,,M,,M,,*49
$GPGST,110612.40,,,,,,,*78
$GPRMC,110612.50,V,,,,,,,221220,,,N*7C
$GPGGA,110612.50,,,,,0,00,,,M,,M,,*48
$GPGST,110612.50,,,,,,,*79
$GPRMC,110612.60,V,,,,,,,221220,,,N*7F
$GPGGA,110612.60,,,,,0,00,,,M,,M,,*4B
$GPGST,110612.60,,,,,,,*7A
$GPRMC,110612.70,V,,,,,,,221220,,,N*7E
$GPGGA,110612.70,,,,,0,00,,,M,,M,,*4A
$GPGST,110612.70,,,,,,,*7B
$GPRMC,110612.80,V,,,,,,,221220,,,N*71
$GPGGA,110612.80,,,,,0,00,,,M,,M,,*45
$GPGST,110612.80,,,,,,,*74
$GPRMC,110612.90,V,,,,,,,221220,,,N*70
$GPGGA,110612.90,,,,,0,00,,,M,,M,,*44
$GPGST,110612.90,,,,,,,*75
$GPRMC,110613.00,V,,,,,,,221220,,,N*78
$GPGGA,110613.00,,,,,0,00,,,M,,M,,*4C
$GPGST,110613.00,,,,,,,*7D
$GPRMC,110613.10,V,,,,,,,221220,,,N*79
$GPGGA,110613.10,,,,,0,00,,,M,,M,,*4D
$GPGST,110613.10,,,,,,,*7C
$GPRMC,110613.20,V,,,,,,,221220,,,N*7A
$GPGGA,110613.20,,,,,0,00,,,M,,M,,*4E
$GPGST,110613.20,,,,,,,*7F
$GPRMC,110613.30,V,,,,,,,221220,,,N*7B
$GPGGA,110613.30,,,,,0,00,,,M,,M,,*4F
$GPGST,110613.30,,,,,,,*7E
$GPRMC,110613.40,V,,,,,,,221220,,,N*7C
$GPGGA,110613.40,,,,,0,00,,,M,,M,,*48
$GPGST,110613.40,,,,,,,*79
$GPRMC,110613.50,V,,,,,,,221220,,,N*7D
$GPGGA,110613.50,,,,,0,00,,,M,,M,,*49
$GPGST,110613.50,,,,,,,*78
$GPRMC,110613.60,V,,,,,,,221220,,,N*7E
$GPGGA,110613.60,,,,,0,00,,,M,,M,,*4A
$GPGST,110613.60,,,,,,,*7B
$GPRMC,110613.70,V,,,,,,,221220,,,N*7F
$GPGGA,110613.70,,,,,0,00,,,M,,M,,*4B
$GPGST,110613.70,,,,,,,*7A
$GPRMC,110613.80,V,,,,,,,221220,,,N*70
$GPGGA,110613.80,,,,,0,00,,,M,,M,,*44
$GPGST,110613.80,,,,,,,*75
$GPRMC,110613.90,V,,,,,,,221220,,,N*71
$GPGGA,110613.90,,,,,0,00,,,M,,M,,*45
$GPGST,110613.90,,,,,,,*74
$GPRMC,110614.00,V,,,,,,,221220,,,N*7F
$GPGGA,110614.00,,,,,0,00,,,M,,M,,*4B
$GPGST,110614.00,,,,,,,*7A
$GPRMC,110614.10,V,,,,,,,221220,,,N*7E
$GPGGA,110614.10,,,,,0,00,,,M,,M,,*4A
$GPGST,110614.10,,,,,,,*7B
$GPRMC,110614.20,V,,,,,,,221220,,,N*7D
$GPGGA,110614.20,,,,,0,00,,,M,,M,,*49
$GPGST,110614.20,,,,,,,*78
$GPRMC,110614.30,V,,,,,,,221220,,,N*7C
$GPGGA,110614.30,,,,,0,00,,,M,,M,,*48
$GPGST,110614.30,,,,,,,*79
$GPRMC,110614.40,V,,,,,,,221220,,,N*7B
$GPGGA,110614.40,,,,,0,00,,,M,,M,,*4F
$GPGST,110614.40,,,,,,,*7E
$GPRMC,110614.50,V,,,,,,,221220,,,N*7A
$GPGGA,110614.50,,,,,0,00,,,M,,M,,*4E
$GPGST,110614.50,,,,,,,*7F
$GPRMC,110614.60,V,,,,,,,221220,,,N*79
$GPGGA,110614.60,,,,,0,00,,,M,,M,,*4D
$GPGST,110614.60,,,,,,,*7C
$GPRMC,110614.70,V,,,,,,,221220,,,N*78
$GPGGA,110614.70,,,,,0,00,,,M,,M,,*4C
$GPGST,110614.70,,,,,,,*7D
$GPRMC,110614.80,V,,,,,,,221220,,,N*77
$GPGGA,110614.80,,,,,0,00,,,M,,M,,*43
$GPGST,110614.80,,,,,,,*72
$GPRMC,110614.90,V,,,,,,,221220,,,N*76
$GPGGA,110614.90,,,,,0,00,,,M,,M,,*42
$GPGST,110614.90,,,,,,,*73
$GPRMC,110615.00,V,,,,,,,221220,,,N*7E
$GPGGA,110615.00,,,,,0,00,,,M,,M,,*4A
$GPGST,110615.00,,,,,,,*7B
$GPRMC,110615.10,V,,,,,,,221220,,,N*7F
$GPGGA,110615.10,,,,,0,00,,,M,,M,,*4B
$GPGST,110615.10,,,,,,,*7A
$GPRMC,110615.20,V,,,,,,,221220,,,N*7C
$GPGGA,110615.20,,,,,0,00,,,M,,M,,*48
$GPGST,110615.20,,,,,,,*79
$GPRMC,110615.30,V,,,,,,,221220,,,N*7D
$GPGGA,110615.30,,,,,0,00,,,M,,M,,*49
$GPGST,110615.30,,,,,,,*78
$GPRMC,110615.40,V,,,,,,,221220,,,N*7A
$GPGGA,110615.40,,,,,0,00,,,M,,M,,*4E
$GPGST,110615.40,,,,,,,*7F
$GPRMC,110615.50,V,,,,,,,221220,,,N*7B
$GPGGA,110615.50,,,,,0,00,,,M,,M,,*4F
$GPGST,110615.50,,,,,,,*7E
$GPRMC,110615.60,V,,,,,,,221220,,,N*78
$GPGGA,110615.60,,,,,0,00,,,M,,M,,*4C
$GPGST,110615.60,,,,,,,*7D
$GPRMC,110615.70,V,,,,,,,221220,,,N*79
$GPGGA,110615.70,,,,,0,00,,,M,,M,,*4D
$GPGST,110615.70,,,,,,,*7C
$GPRMC,110615.80,V,,,,,,,221220,,,N*76
$GPGGA,110615.80,,,,,0,00,,,M,,M,,*42
$GPGST,110615.80,,,,,,,*73
$GPRMC,110615.90,V,,,,,,,221220,,,N*77
$GPGGA,110615.90,,,,,0,00,,,M,,M,,*43
$GPGST,110615.90,,,,,,,*72
$GPRMC,110616.00,V,,,,,,,221220,,,N*7D
$GPGGA,110616.00,,,,,0,00,,,M,,M,,*49
$GPGST,110616.00,,,,,,,*78
$GPRMC,110616.10,V,,,,,,,221220,,,N*7C
$GPGGA,110616.10,,,,,0,00,,,M,,M,,*48
$GPGST,110616.10,,,,,,,*79
$GPRMC,110616.20,V,,,,,,,221220,,,N*7F
$GPGGA,110616.20,,,,,0,00,,,M,,M,,*4B
$GPGST,110616.20,,,,,,,*7A
$GPRMC,110616.30,V,,,,,,,221220,,,N*7E
$GPGGA,110616.30,,,,,0,00,,,M,,M,,*4A
$GPGST,110616.30,,,,,,,*7B
$GPRMC,110616.40,V,,,,,,,221220,,,N*79
$GPGGA,110616.40,,,,,0,00,,,M,,M,,*4D
$GPGST,110616.40,,,,,,,*7C
$GPRMC,110616.50,V,,,,,,,221220,,,N*78
$GPGGA,110616.50,,,,,0,00,,,M,,M,,*4C
$GPGST,110616.50,,,,,,,*7D
$GPRMC,110616.60,V,,,,,,,221220,,,N*7B
$GPGGA,110616.60,,,,,0,00,,,M,,M,,*4F
$GPGST,110616.60,,,,,,,*7E
$GPRMC,110616.70,V,,,,,,,221220,,,N*7A
$GPGGA,110616.70,,,,,0,00,,,M,,M,,*4E
$GPGST,110616.70,,,,,,,*7F
$GPRMC,110616.80,V,,,,,,,221220,,,N*75
$GPGGA,110616.80,,,,,0,00,,,M,,M,,*41
$GPGST,110616.80,,,,,,,*70
$GPRMC,110616.90,V,,,,,,,221220,,,N*74
$GPGGA,110616.90,,,,,0,00,,,M,,M,,*40
$GPGST,110616.90,,,,,,,*71
$GPRMC,110617.00,V,,,,,,,221220,,,N*7C
$GPGGA,110617.00,,,,,0,00,,,M,,M,,*48
$GPGST,110617.00,,,,,,,*79
$GPRMC,110617.10,V,,,,,,,221220,,,N*7D
$GPGGA,110617.10,,,,,0,00,,,M,,M,,*49
$GPGST,110617.10,,,,,,,*78
$GPRMC,110617.20,V,,,,,,,221220,,,N*7E
$GPGGA,110617.20,,,,,0,00,,,M,,M,,*4A
$GPGST,110617.20,,,,,,,*7B
$GPRMC,110617.30,V,,,,,,,221220,,,N*7F
$GPGGA,110617.30,,,,,0,00,,,M,,M,,*4B
$GPGST,110617.30,,,,,,,*7A
$GPRMC,110617.40,V,,,,,,,221220,,,N*78
$GPGGA,110617.40,,,,,0,00,,,M,,M,,*4C
$GPGST,110617.40,,,,,,,*7D
$GPRMC,110617.50,V,,,,,,,221220,,,N*79
$GPGGA,110617.50,,,,,0,00,,,M,,M,,*4D
$GPGST,110617.50,,,,,,,*7C
$GPRMC,110617.60,V,,,,,,,221220,,,N*7A
$GPGGA,110617.60,,,,,0,00,,,M,,M,,*4E
$GPGST,110617.60,,,,,,,*7F
$GPRMC,110617.70,V,,,,,,,221220,,,N*7B
$GPGGA,110617.70,,,,,0,00,,,M,,M,,*4F
$GPGST,110617.70,,,,,,,*7E
$GPRMC,110617.80,V,,,,,,,221220,,,N*74
$GPGGA,110617.80,,,,,0,00,,,M,,M,,*40
$GPGST,110617.80,,,,,,,*71
$GPRMC,110617.90,V,,,,,,,221220,,,N*75
$GPGGA,110617.90,,,,,0,00,,,M,,M,,*41
$GPGST,110617.90,,,,,,,*70
$GPRMC,110618.00,V,,,,,,,221220,,,N*73
$GPGGA,110618.00,,,,,0,00,,,M,,M,,*47
$GPGST,110618.00,,,,,,,*76
$GPRMC,110618.10,V,,,,,,,221220,,,N*72
$GPGGA,110618.10,,,,,0,00,,,M,,M,,*46
$GPGST,110618.10,,,,,,,*77
$GPRMC,110618.20,V,,,,,,,221220,,,N*71
$GPGGA,110618.20,,,,,0,00,,,M,,M,,*45
$GPGST,110618.20,,,,,,,*74
$GPRMC,110618.30,V,,,,,,,221220,,,N*70
$GPGGA,110618.30,,,,,0,00,,,M,,M,,*44
$GPGST,110618.30,,,,,,,*75
$GPRMC,110618.40,V,,,,,,,221220,,,N*77
$GPGGA,110618.40,,,,,0,00,,,M,,M,,*43
$GPGST,110618.40,,,,,,,*72
$GPRMC,110618.50,V,,,,,,,221220,,,N*76
$GPGGA,110618.50,,,,,0,00,,,M,,M,,*42
$GPGST,110618.50,,,,,,,*73
$GPRMC,110618.60,V,,,,,,,221220,,,N*75
$GPGGA,110618.60,,,,,0,00,,,M,,M,,*41
$GPGST,110618.60,,,,,,,*70
$GPRMC,110618.70,V,,,,,,,221220,,,N*74
$GPGGA,110618.70,,,,,0,00,,,M,,M,,*40
$GPGST,110618.70,,,,,,,*71
$GPRMC,110618.80,V,,,,,,,221220,,,N*7B
$GPGGA,110618.80,,,,,0,00,,,M,,M,,*4F
$GPGST,110618.80,,,,,,,*7E
$GPRMC,110618.90,V,,,,,,,221220,,,N*7A
$GPGGA,110618.90,,,,,0,00,,,M,,M,,*4E
$GPGST,110618.90,,,,,,,*7F
$GPRMC,110619.00,V,,,,,,,221220,,,N*72
$GPGGA,110619.00,,,,,0,00,,,M,,M,,*46
$GPGST,110619.00,,,,,,,*77
$GPRMC,110619.10,V,,,,,,,221220,,,N*73
$GPGGA,110619.10,,,,,0,00,,,M,,M,,*47
$GPGST,110619.10,,,,,,,*76
$GPRMC,110619.20,V,,,,,,,221220,,,N*70
$GPGGA,110619.20,,,,,0,00,,,M,,M,,*44
$GPGST,110619.20,,,,,,,*75
$GPRMC,110619.30,V,,,,,,,221220,,,N*71
$GPGGA,110619.30,,,,,0,00,,,M,,M,,*45
$GPGST,110619.30,,,,,,,*74
$GPRMC,110619.40,V,,,,,,,221220,,,N*76
$GPGGA,110619.40,,,,,0,00,,,M,,M,,*42
$GPGST,110619.40,,,,,,,*73
$GPRMC,110619.50,V,,,,,,,221220,,,N*77
$GPGGA,110619.50,,,,,0,00,,,M,,M,,*43
$GPGST,110619.50,,,,,,,*72
$GPRMC,110619.60,V,,,,,,,221220,,,N*74
$GPGGA,110619.60,,,,,0,00,,,M,,M,,*40
$GPGST,110619.60,,,,,,,*71
$GPRMC,110619.70,V,,,,,,,221220,,,N*75
$GPGGA,110619.70,,,,,0,00,,,M,,M,,*41
$GPGST,110619.70,,,,,,,*70
$GPRMC,110619.80,V,,,,,,,221220,,,N*7A
$GPGGA,110619.80,,,,,0,00,,,M,,M,,*4E
$GPGST,110619.80,,,,,,,*7F
$GPRMC,110619.90,V,,,,,,,221220,,,N*7B
$GPGGA,110619.90,,,,,0,00,,,M,,M,,*4F
$GPGST,110619.90,,,,,,,*7E
$GPRMC,110620.00,V,,,,,,,221220,,,N*78
$GPGGA,110620.00,,,,,0,00,,,M,,M,,*4C
$GPGST,110620.00,,,,,,,*7D
$GPRMC,110620.10,V,,,,,,,221220,,,N*79
$GPGGA,110620.10,,,,,0,00,,,M,,M,,*4D
$GPGST,110620.10,,,,,,,*7C
$GPRMC,110620.20,V,,,,,,,221220,,,N*7A
$GPGGA,110620.20,,,,,0,00,,,M,,M,,*4E
$GPGST,110620.20,,,,,,,*7F
$GPRMC,110620.30,V,,,,,,,221220,,,N*7B
$GPGGA,110620.30,,,,,0,00,,,M,,M,,*4F
$GPGST,110620.30,,,,,,,*7E
$GPRMC,110620.40,V,,,,,,,221220,,,N*7C
$GPGGA,110620.40,,,,,0,00,,,M,,M,,*48
$GPGST,110620.40,,,,,,,*79
$GPRMC,110620.50,V,,,,,,,221220,,,N*7D
$GPGGA,110620.50,,,,,0,00,,,M,,M,,*49
$GPGST,110620.50,,,,,,,*78
$GPRMC,110620.60,V,,,,,,,221220,,,N*7E
$GPGGA,110620.60,,,,,0,00,,,M,,M,,*4A
$GPGST,110620.60,,,,,,,*7B
$GPRMC,110620.70,V,,,,,,,221220,,,N*7F
$GPGGA,110620.70,,,,,0,00,,,M,,M,,*4B
$GPGST,110620.70,,,,,,,*7A
$GPRMC,110620.80,V,,,,,,,221220,,,N*70
$GPGGA,110620.80,,,,,0,00,,,M,,M,,*44
$GPGST,110620.80,,,,,,,*75
$GPRMC,110620.90,V,,,,,,,221220,,,N*71
$GPGGA,110620.90,,,,,0,00,,,M,,M,,*45
$GPGST,110620.90,,,,,,,*74
$GPRMC,110621.00,V,,,,,,,221220,,,N*79
$GPGGA,110621.00,,,,,0,00,,,M,,M,,*4D
$GPGST,110621.00,,,,,,,*7C
$GPRMC,110621.10,V,,,,,,,221220,,,N*78
$GPGGA,110621.10,,,,,0,00,,,M,,M,,*4C
$GPGST,110621.10,,,,,,,*7D
$GPRMC,110621.20,V,,,,,,,221220,,,N*7B
$GPGGA,110621.20,,,,,0,00,,,M,,M,,*4F
$GPGST,110621.20,,,,,,,*7E
$GPRMC,110621.30,V,,,,,,,221220,,,N*7A
$GPGGA,110621.30,,,,,0,00,,,M,,M,,*4E
$GPGST,110621.30,,,,,,,*7F
$GPRMC,110621.40,V,,,,,,,221220,,,N*7D
$GPGGA,110621.40,,,,,0,00,,,M,,M,,*49
$GPGST,110621.40,,,,,,,*78
$GPRMC,110621.50,V,,,,,,,221220,,,N*7C
$GPGGA,110621.50,,,,,0,00,,,M,,M,,*48
$GPGST,110621.50,,,,,,,*79
$GPRMC,110621.60,V,,,,,,,221220,,,N*7F
$GPGGA,110621.60,,,,,0,00,,,M,,M,,*4B
$GPGST,110621.60,,,,,,,*7A
$GPRMC,110621.70,V,,,,,,,221220,,,N*7E
$GPGGA,110621.70,,,,,0,00,,,M,,M,,*4A
$GPGST,110621.70,,,,,,,*7B
$GPRMC,110621.80,V,,,,,,,221220,,,N*71
$GPGGA,110621.80,,,,,0,00,,,M,,M,,*45
$GPGST,110621.80,,,,,,,*74
$GPRMC,110621.90,V,,,,,,,221220,,,N*70
$GPGGA,110621.90,,,,,0,00,,,M,,M,,*44
$GPGST,110621.90,,,,,,,*75
$GPRMC,110622.00,V,,,,,,,221220,,,N*7A
$GPGGA,110622.00,,,,,0,00,,,M,,M,,*4E
$GPGST,110622.00,,,,,,,*7F
$GPRMC,110622.10,V,,,,,,,221220,,,N*7B
$GPGGA,110622.10,,,,,0,00,,,M,,M,,*4F
$GPGST,110622.10,,,,,,,*7E
$GPRMC,110622.20,V,,,,,,,221220,,,N*78
$GPGGA,110622.20,,,,,0,00,,,M,,M,,*4C
$GPGST,110622.20,,,,,,,*7D
$GPRMC,110622.30,V,,,,,,,221220,,,N*79
$GPGGA,110622.30,,,,,0,00,,,M,,M,,*4D
$GPGST,110622.30,,,,,,,*7C
$GPRMC,110622.40,V,,,,,,,221220,,,N*7E
$GPGGA,110622.40,,,,,0,00,,,M,,M,,*4A
$GPGST,110622.40,,,,,,,*7B
$GPRMC,110622.50,V,,,,,,,221220,,,N*7F
$GPGGA,110622.50,,,,,0,00,,,M,,M,,*4B
$GPGST,110622.50,,,,,,,*7A
$GPRMC,110622.60,V,,,,,,,221220,,,N*7C
$GPGGA,110622.60,,,,,0,00,,,M,,M,,*48
$GPGST,110622.60,,,,,,,*79
$GPRMC,110622.70,V,,,,,,,221220,,,N*7D
$GPGGA,110622.70,,,,,0,00,,,M,,M,,*49
$GPGST,110622.70,,,,,,,*78
$GPRMC,110622.80,V,,,,,,,221220,,,N*72
$GPGGA,110622.80,,,,,0,00,,,M,,M,,*46
$GPGST,110622.80,,,,,,,*77
$GPRMC,110622.90,V,,,,,,,221220,,,N*73
$GPGGA,110622.90,,,,,0,00,,,M,,M,,*47
$GPGST,110622.90,,,,,,,*76
$GPRMC,110623.00,V,,,,,,,221220,,,N*7B
$GPGGA,110623.00,,,,,0,00,,,M,,M,,*4F
$GPGST,110623.00,,,,,,,*7E
$GPRMC,110623.10,V,,,,,,,221220,,,N*7A
$GPGGA,110623.10,,,,,0,00,,,M,,M,,*4E
$GPGST,110623.10,,,,,,,*7F
$GPRMC,110623.20,V,,,,,,,221220,,,N*79
$GPGGA,110623.20,,,,,0,00,,,M,,M,,*4D
$GPGST,110623.20,,,,,,,*7C
$GPRMC,110623.30,V,,,,,,,221220,,,N*78
$GPGGA,110623.30,,,,,0,00,,,M,,M,,*4C
$GPGST,110623.30,,,,,,,*7D
$GPRMC,110623.40,V,,,,,,,221220,,,N*7F
$GPGGA,110623.40,,,,,0,00,,,M,,M,,*4B
$GPGST,110623.40,,,,,,,*7A
$GPRMC,110623.50,V,,,,,,,221220,,,N*7E
$GPGGA,110623.50,,,,,0,00,,,M,,M,,*4A
$GPGST,110623.50,,,,,,,*7B
$GPRMC,110623.60,V,,,,,,,221220,,,N*7D
$GPGGA,110623.60,,,,,0,00,,,M,,M,,*49
$GPGST,110623.60,,,,,,,*78
$GPRMC,110623.70,V,,,,,,,221220,,,N*7C
$GPGGA,110623.70,,,,,0,00,,,M,,M,,*48
$GPGST,110623.70,,,,,,,*79
$GPRMC,110623.80,V,,,,,,,221220,,,N*73
$GPGGA,110623.80,,,,,0,00,,,M,,M,,*47
$GPGST,110623.80,,,,,,,*76
$GPRMC,110623.90,V,,,,,,,221220,,,N*72
$GPGGA,110623.90,,,,,0,00,,,M,,M,,*46
$GPGST,110623.90,,,,,,,*77
$GPRMC,110624.00,V,,,,,,,221220,,,N*7C
$GPGGA,110624.00,,,,,0,00,,,M,,M,,*48
$GPGST,110624.00,,,,,,,*79
$GPRMC,110624.10,V,,,,,,,221220,,,N*7D
$GPGGA,110624.10,,,,,0,00,,,M,,M,,*49
$GPGST,110624.10,,,,,,,*78
$GPRMC,110624.20,V,,,,,,,221220,,,N*7E
$GPGGA,110624.20,,,,,0,00,,,M,,M,,*4A
$GPGST,110624.20,,,,,,,*7B
$GPRMC,110624.30,V,,,,,,,221220,,,N*7F
$GPGGA,110624.30,,,,,0,00,,,M,,M,,*4B
$GPGST,110624.30,,,,,,,*7A
$GPRMC,110624.40,V,,,,,,,221220,,,N*78
$GPGGA,110624.40,,,,,0,00,,,M,,M,,*4C
$GPGST,110624.40,,,,,,,*7D
$GPRMC,110624.50,V,,,,,,,221220,,,N*79
$GPGGA,110624.50,,,,,0,00,,,M,,M,,*4D
$GPGST,110624.50,,,,,,,*7C
$GPRMC,110624.60,V,,,,,,,221220,,,N*7A
$GPGGA,110624.60,,,,,0,00,,,M,,M,,*4E
$GPGST,110624.60,,,,,,,*7F
$GPRMC,110624.70,V,,,,,,,221220,,,N*7B
$GPGGA,110624.70,,,,,0,00,,,M,,M,,*4F
$GPGST,110624.70,,,,,,,*7E
$GPRMC,110624.80,V,,,,,,,221220,,,N*74
$GPGGA,110624.80,,,,,0,00,,,M,,M,,*40
$GPGST,110624.80,,,,,,,*71
$GPRMC,110624.90,V,,,,,,,221220,,,N*75
$GPGGA,110624.90,,,,,0,00,,,M,,M,,*41
$GPGST,110624.90,,,,,,,*70
$GPRMC,110625.00,V,,,,,,,221220,,,N*7D
$GPGGA,110625.00,,,,,0,00,,,M,,M,,*49
$GPGST,110625.00,,,,,,,*78
$GPRMC,110625.10,V,,,,,,,221220,,,N*7C
$GPGGA,110625.10,,,,,0,00,,,M,,M,,*48
$GPGST,110625.10,,,,,,,*79
$GPRMC,110625.20,V,,,,,,,221220,,,N*7F
$GPGGA,110625.20,,,,,0,00,,,M,,M,,*4B
$GPGST,110625.20,,,,,,,*7A
$GPRMC,110625.30,V,,,,,,,221220,,,N*7E
$GPGGA,110625.30,,,,,0,00,,,M,,M,,*4A
$GPGST,110625.30,,,,,,,*7B
$GPRMC,110625.40,V,,,,,,,221220,,,N*79
$GPGGA,110625.40,,,,,0,00,,,M,,M,,*4D
$GPGST,110625.40,,,,,,,*7C
$GPRMC,110625.50,V,,,,,,,221220,,,N*78
$GPGGA,110625.50,,,,,0,00,,,M,,M,,*4C
$GPGST,110625.50,,,,,,,*7D
$GPRMC,110625.60,V,,,,,,,221220,,,N*7B
$GPGGA,110625.60,,,,,0,00,,,M,,M,,*4F
$GPGST,110625.60,,,,,,,*7E
$GPRMC,110625.70,V,,,,,,,221220,,,N*7A
$GPGGA,110625.70,,,,,0,00,,,M,,M,,*4E
$GPGST,110625.70,,,,,,,*7F
$GPRMC,110625.80,V,,,,,,,221220,,,N*75
$GPGGA,110625.80,,,,,0,00,,,M,,M,,*41
$GPGST,110625.80,,,,,,,*70
$GPRMC,110625.90,V,,,,,,,221220,,,N*74
$GPGGA,110625.90,,,,,0,00,,,M,,M,,*40
$GPGST,110625.90,,,,,,,*71
$GPRMC,110626.00,V,,,,,,,221220,,,N*7E
$GPGGA,110626.00,,,,,0,00,,,M,,M,,*4A
$GPGST,110626.00,,,,,,,*7B
$GPRMC,110626.10,V,,,,,,,221220,,,N*7F
$GPGGA,110626.10,,,,,0,00,,,M,,M,,*4B
$GPGST,110626.10,,,,,,,*7A
$GPRMC,110626.20,V,,,,,,,221220,,,N*7C
$GPGGA,110626.20,,,,,0,00,,,M,,M,,*48
$GPGST,110626.20,,,,,,,*79
$GPRMC,110626.30,V,,,,,,,221220,,,N*7D
$GPGGA,110626.30,,,,,0,00,,,M,,M,,*49
$GPGST,110626.30,,,,,,,*78
$GPRMC,110626.40,V,,,,,,,221220,,,N*7A
$GPGGA,110626.40,,,,,0,00,,,M,,M,,*4E
$GPGST,110626.40,,,,,,,*7F
$GPRMC,110626.50,V,,,,,,,221220,,,N*7B
$GPGGA,110626.50,,,,,0,00,,,M,,M,,*4F
$GPGST,110626.50,,,,,,,*7E
$GPRMC,110626.60,V,,,,,,,221220,,,N*78
$GPGGA,110626.60,,,,,0,00,,,M,,M,,*4C
$GPGST,110626.60,,,,,,,*7D
$GPRMC,110626.70,V,,,,,,,221220,,,N*79
$GPGGA,110626.70,,,,,0,00,,,M,,M,,*4D
$GPGST,110626.70,,,,,,,*7C
$GPRMC,110626.80,V,,,,,,,221220,,,N*76
$GPGGA,110626.80,,,,,0,00,,,M,,M,,*42
$GPGST,110626.80,,,,,,,*73
$GPRMC,110626.90,V,,,,,,,221220,,,N*77
$GPGGA,110626.90,,,,,0,00,,,M,,M,,*43
$GPGST,110626.90,,,,,,,*72
$GPRMC,110627.00,V,,,,,,,221220,,,N*7F
$GPGGA,110627.00,,,,,0,00,,,M,,M,,*4B
$GPGST,110627.00,,,,,,,*7A
$GPRMC,110627.10,V,,,,,,,221220,,,N*7E
$GPGGA,110627.10,,,,,0,00,,,M,,M,,*4A
$GPGST,110627.10,,,,,,,*7B
$GPRMC,110627.20,V,,,,,,,221220,,,N*7D
$GPGGA,110627.20,,,,,0,00,,,M,,M,,*49
$GPGST,110627.20,,,,,,,*78
$GPRMC,110627.30,V,,,,,,,221220,,,N*7C
$GPGGA,110627.30,,,,,0,00,,,M,,M,,*48
$GPGST,110627.30,,,,,,,*79
$GPRMC,110627.40,V,,,,,,,221220,,,N*7B
$GPGGA,110627.40,,,,,0,00,,,M,,M,,*4F
$GPGST,110627.40,,,,,,,*7E
$GPRMC,110627.50,V,,,,,,,221220,,,N*7A
$GPGGA,110627.50,,,,,0,00,,,M,,M,,*4E
$GPGST,110627.50,,,,,,,*7F
$GPRMC,110627.60,V,,,,,,,221220,,,N*79
$GPGGA,110627.60,,,,,0,00,,,M,,M,,*4D
$GPGST,110627.60,,,,,,,*7C
$GPRMC,110627.70,V,,,,,,,221220,,,N*78
$GPGGA,110627.70,,,,,0,00,,,M,,M,,*4C
$GPGST,110627.70,,,,,,,*7D
$GPRMC,110627.80,V,,,,,,,221220,,,N*77
$GPGGA,110627.80,,,,,0,00,,,M,,M,,*43
$GPGST,110627.80,,,,,,,*72
$GPRMC,110627.90,V,,,,,,,221220,,,N*76
$GPGGA,110627.90,,,,,0,00,,,M,,M,,*42
$GPGST,110627.90,,,,,,,*73
$GPRMC,110628.00,V,,,,,,,221220,,,N*70
$GPGGA,110628.00,,,,,0,00,,,M,,M,,*44
$GPGST,110628.00,,,,,,,*75
$GPRMC,110628.10,V,,,,,,,221220,,,N*71
$GPGGA,110628.10,,,,,0,00,,,M,,M,,*45
$GPGST,110628.10,,,,,,,*74
$GPRMC,110628.20,V,,,,,,,221220,,,N*72
$GPGGA,110628.20,,,,,0,00,,,M,,M,,*46
$GPGST,110628.20,,,,,,,*77
$GPRMC,110628.30,V,,,,,,,221220,,,N*73
$GPGGA,110628.30,,,,,0,00,,,M,,M,,*47
$GPGST,110628.30,,,,,,,*76
$GPRMC,110628.40,V,,,,,,,221220,,,N*74
$GPGGA,110628.40,,,,,0,00,,,M,,M,,*40
$GPGST,110628.40,,,,,,,*71
$GPRMC,110628.50,V,,,,,,,221220,,,N*75
$GPGGA,110628.50,,,,,0,00,,,M,,M,,*41
$GPGST,110628.50,,,,,,,*70
$GPRMC,110628.60,V,,,,,,,221220,,,N*76
$GPGGA,110628.60,,,,,0,00,,,M,,M,,*42
$GPGST,110628.60,,,,,,,*73
$GPRMC,110628.70,V,,,,,,,221220,,,N*77
$GPGGA,110628.70,,,,,0,00,,,M,,M,,*43
$GPGST,110628.70,,,,,,,*72
$GPRMC,110628.80,V,,,,,,,221220,,,N*78
$GPGGA,110628.80,,,,,0,00,,,M,,M,,*4C
$GPGST,110628.80,,,,,,,*7D
$GPRMC,110628.90,V,,,,,,,221220,,,N*79
$GPGGA,110628.90,,,,,0,00,,,M,,M,,*4D
$GPGST,110628.90,,,,,,,*7C
$GPRMC,110629.00,V,,,,,,,221220,,,N*71
$GPGGA,110629.00,,,,,0,00,,,M,,M,,*45
$GPGST,110629.00,,,,,,,*74
$GPRMC,110629.10,V,,,,,,,221220,,,N*70
$GPGGA,110629.10,,,,,0,00,,,M,,M,,*44
$GPGST,110629.10,,,,,,,*75
$GPRMC,110629.20,V,,,,,,,221220,,,N*73
$GPGGA,110629.20,,,,,0,00,,,M,,M,,*47
$GPGST,110629.20,,,,,,,*76
$GPRMC,110629.30,V,,,,,,,221220,,,N*72
$GPGGA,110629.30,,,,,0,00,,,M,,M,,*46
$GPGST,110629.30,,,,,,,*77
$GPRMC,110629.40,V,,,,,,,221220,,,N*75
$GPGGA,110629.40,,,,,0,00,,,M,,M,,*41
$GPGST,110629.40,,,,,,,*70
$GPRMC,110629.50,V,,,,,,,221220,,,N*74
$GPGGA,110629.50,,,,,0,00,,,M,,M,,*40
$GPGST,110629.50,,,,,,,*71
$GPRMC,110629.60,V,,,,,,,221220,,,N*77
$GPGGA,110629.60,,,,,0,00,,,M,,M,,*43
$GPGST,110629.60,,,,,,,*72
$GPRMC,110629.70,V,,,,,,,221220,,,N*76
$GPGGA,110629.70,,,,,0,00,,,M,,M,,*42
$GPGST,110629.70,,,,,,,*73
$GPRMC,110629.80,V,,,,,,,221220,,,N*79
$GPGGA,110629.80,,,,,0,00,,,M,,M,,*4D
$GPGST,110629.80,,,,,,,*7C
$GPRMC,110629.90,V,,,,,,,221220,,,N*78
$GPGGA,110629.90,,,,,0,00,,,M,,M,,*4C
$GPGST,110629.90,,,,,,,*7D
$GPRMC,110630.00,V,,,,,,,221220,,,N*79
$GPGGA,110630.00,,,,,0,00,,,M,,M,,*4D
$GPGST,110630.00,,,,,,,*7C
$GPRMC,110630.10,V,,,,,,,221220,,,N*78
$GPGGA,110630.10,,,,,0,00,,,M,,M,,*4C
$GPGST,110630.10,,,,,,,*7D
$GPRMC,110630.20,V,,,,,,,221220,,,N*7B
$GPGGA,110630.20,,,,,0,00,,,M,,M,,*4F
$GPGST,110630.20,,,,,,,*7E
$GPRMC,110630.30,V,,,,,,,221220,,,N*7A
$GPGGA,110630.30,,,,,0,00,,,M,,M,,*4E
$GPGST,110630.30,,,,,,,*7F
$GPRMC,110630.40,V,,,,,,,221220,,,N*7D
$GPGGA,110630.40,,,,,0,00,,,M,,M,,*49
$GPGST,110630.40,,,,,,,*78
$GPRMC,110630.50,V,,,,,,,221220,,,N*7C
$GPGGA,110630.50,,,,,0,00,,,M,,M,,*48
$GPGST,110630.50,,,,,,,*79
$GPRMC,110630.60,V,,,,,,,221220,,,N*7F
$GPGGA,110630.60,,,,,0,00,,,M,,M,,*4B
$GPGST,110630.60,,,,,,,*7A
$GPRMC,110630.70,V,,,,,,,221220,,,N*7E
$GPGGA,110630.70,,,,,0,00,,,M,,M,,*4A
$GPGST,110630.70,,,,,,,*7B
$GPRMC,110630.80,V,,,,,,,221220,,,N*71
$GPGGA,110630.80,,,,,0,00,,,M,,M,,*45
$GPGST,110630.80,,,,,,,*74
$GPRMC,110630.90,V,,,,,,,221220,,,N*70
$GPGGA,110630.90,,,,,0,00,,,M,,M,,*44
$GPGST,110630.90,,,,,,,*75
$GPRMC,110631.00,V,,,,,,,221220,,,N*78
$GPGGA,110631.00,,,,,0,00,,,M,,M,,*4C
$GPGST,110631.00,,,,,,,*7D
$GPRMC,110631.10,V,,,,,,,221220,,,N*79
$GPGGA,110631.10,,,,,0,00,,,M,,M,,*4D
$GPGST,110631.10,,,,,,,*7C
$GPRMC,110631.20,V,,,,,,,221220,,,N*7A
$GPGGA,110631.20,,,,,0,00,,,M,,M,,*4E
$GPGST,110631.20,,,,,,,*7F
$GPRMC,110631.30,V,,,,,,,221220,,,N*7B
$GPGGA,110631.30,,,,,0,00,,,M,,M,,*4F
$GPGST,110631.30,,,,,,,*7E
$GPRMC,110631.40,V,,,,,,,221220,,,N*7C
$GPGGA,110631.40,,,,,0,00,,,M,,M,,*48
$GPGST,110631.40,,,,,,,*79
$GPRMC,110631.50,V,,,,,,,221220,,,N*7D
$GPGGA,110631.50,,,,,0,00,,,M,,M,,*49
$GPGST,110631.50,,,,,,,*78
$GPRMC,110631.60,V,,,,,,,221220,,,N*7E
$GPGGA,110631.60,,,,,0,00,,,M,,M,,*4A
$GPGST,110631.60,,,,,,,*7B
$GPRMC,110631.70,V,,,,,,,221220,,,N*7F
$GPGGA,110631.70,,,,,0,00,,,M,,M,,*4B
$GPGST,110631.70,,,,,,,*7A
$GPRMC,110631.80,V,,,,,,,221220,,,N*70
$GPGGA,110631.80,,,,,0,00,,,M,,M,,*44
$GPGST,110631.80,,,,,,,*75
$GPRMC,110631.90,V,,,,,,,221220,,,N*71
$GPGGA,110631.90,,,,,0,00,,,M,,M,,*45
$GPGST,110631.90,,,,,,,*74
$GPRMC,110632.00,V,,,,,,,221220,,,N*7B
$GPGGA,110632.00,,,,,0,00,,,M,,M,,*4F
$GPGST,110632.00,,,,,,,*7E
$GPRMC,110632.10,V,,,,,,,221220,,,N*7A
$GPGGA,110632.10,,,,,0,00,,,M,,M,,*4E
$GPGST,110632.10,,,,,,,*7F
$GPRMC,110632.20,V,,,,,,,221220,,,N*79
$GPGGA,110632.20,,,,,0,00,,,M,,M,,*4D
$GPGST,110632.20,,,,,,,*7C
$GPRMC,110632.30,V,,,,,,,221220,,,N*78
$GPGGA,110632.30,,,,,0,00,,,M,,M,,*4C
$GPGST,110632.30,,,,,,,*7D
$GPRMC,110632.40,V,,,,,,,221220,,,N*7F
$GPGGA,110632.40,,,,,0,00,,,M,,M,,*4B
$GPGST,110632.40,,,,,,,*7A
$GPRMC,110632.50,V,,,,,,,221220,,,N*7E
$GPGGA,110632.50,,,,,0,00,,,M,,M,,*4A
$GPGST,110632.50,,,,,,,*7B
$GPRMC,110632.60,V,,,,,,,221220,,,N*7D
$GPGGA,110632.60,,,,,0,00,,,M,,M,,*49
$GPGST,110632.60,,,,,,,*78
$GPRMC,110632.70,V,,,,,,,221220,,,N*7C
$GPGGA,110632.70,,,,,0,00,,,M,,M,,*48
$GPGST,110632.70,,,,,,,*79
$GPRMC,110632.80,V,,,,,,,221220,,,N*73
$GPGGA,110632.80,,,,,0,00,,,M,,M,,*47
$GPGST,110632.80,,,,,,,*76
$GPRMC,110632.90,V,,,,,,,221220,,,N*72
$GPGGA,110632.90,,,,,0,00,,,M,,M,,*46
$GPGST,110632.90,,,,,,,*77
$GPRMC,110633.00,V,,,,,,,221220,,,N*7A
$GPGGA,110633.00,,,,,0,00,,,M,,M,,*4E
$GPGST,110633.00,,,,,,,*7F
$GPRMC,110633.10,V,,,,,,,221220,,,N*7B
$GPGGA,110633.10,,,,,0,00,,,M,,M,,*4F
$GPGST,110633.10,,,,,,,*7E
$GPRMC,110633.20,V,,,,,,,221220,,,N*78
$GPGGA,110633.20,,,,,0,00,,,M,,M,,*4C
$GPGST,110633.20,,,,,,,*7D
$GPRMC,110633.30,V,,,,,,,221220,,,N*79
$GPGGA,110633.30,,,,,0,00,,,M,,M,,*4D
$GPGST,110633.30,,,,,,,*7C
$GPRMC,110633.40,V,,,,,,,221220,,,N*7E
$GPGGA,110633.40,,,,,0,00,,,M,,M,,*4A
$GPGST,110633.40,,,,,,,*7B
$GPRMC,110633.50,V,,,,,,,221220,,,N*7F
$GPGGA,110633.50,,,,,0,00,,,M,,M,,*4B
$GPGST,110633.50,,,,,,,*7A
$GPRMC,110633.60,V,,,,,,,221220,,,N*7C
$GPGGA,110633.60,,,,,0,00,,,M,,M,,*48
$GPGST,110633.60,,,,,,,*79
$GPRMC,110633.70,V,,,,,,,221220,,,N*7D
$GPGGA,110633.70,,,,,0,00,,,M,,M,,*49
$GPGST,110633.70,,,,,,,*78
$GPRMC,110633.80,V,,,,,,,221220,,,N*72
$GPGGA,110633.80,,,,,0,00,,,M,,M,,*46
$GPGST,110633.80,,,,,,,*77
$GPRMC,110633.90,V,,,,,,,221220,,,N*73
$GPGGA,110633.90,,,,,0,00,,,M,,M,,*47
$GPGST,110633.90,,,,,,,*76
$GPRMC,110634.00,V,,,,,,,221220,,,N*7D
$GPGGA,110634.00,,,,,0,00,,,M,,M,,*49
$GPGST,110634.00,,,,,,,*78
$GPRMC,110634.10,V,,,,,,,221220,,,N*7C
$GPGGA,110634.10,,,,,0,00,,,M,,M,,*48
$GPGST,110634.10,,,,,,,*79
$GPRMC,110634.20,V,,,,,,,221220,,,N*7F
$GPGGA,110634.20,,,,,0,00,,,M,,M,,*4B
$GPGST,110634.20,,,,,,,*7A
$GPRMC,110634.30,V,,,,,,,221220,,,N*7E
$GPGGA,110634.30,,,,,0,00,,,M,,M,,*4A
$GPGST,110634.30,,,,,,,*7B
$GPRMC,110634.40,V,,,,,,,221220,,,N*79
$GPGGA,110634.40,,,,,0,00,,,M,,M,,*4D
$GPGST,110634.40,,,,,,,*7C
$GPRMC,110634.50,V,,,,,,,221220,,,N*78
$GPGGA,110634.50,,,,,0,00,,,M,,M,,*4C
$GPGST,110634.50,,,,,,,*7D
$GPRMC,110634.60,V,,,,,,,221220,,,N*7B
$GPGGA,110634.60,,,,,0,00,,,M,,M,,*4F
$GPGST,110634.60,,,,,,,*7E
$GPRMC,110634.70,V,,,,,,,221220,,,N*7A
$GPGGA,110634.70,,,,,0,00,,,M,,M,,*4E
$GPGST,110634.70,,,,,,,*7F
$GPRMC,110634.80,V,,,,,,,221220,,,N*75
$GPGGA,110634.80,,,,,0,00,,,M,,M,,*41
$GPGST,110634.80,,,,,,,*70
$GPRMC,110634.90,V,,,,,,,221220,,,N*74
$GPGGA,110634.90,,,,,0,00,,,M,,M,,*40
$GPGST,110634.90,,,,,,,*71
$GPRMC,110635.00,V,,,,,,,221220,,,N*7C
$GPGGA,110635.00,,,,,0,00,,,M,,M,,*48
$GPGST,110635.00,,,,,,,*79
$GPRMC,110635.10,V,,,,,,,221220,,,N*7D
$GPGGA,110635.10,,,,,0,00,,,M,,M,,*49
$GPGST,110635.10,,,,,,,*78
$GPRMC,110635.20,V,,,,,,,221220,,,N*7E
$GPGGA,110635.20,,,,,0,00,,,M,,M,,*4A
$GPGST,110635.20,,,,,,,*7B
$GPRMC,110635.30,V,,,,,,,221220,,,N*7F
$GPGGA,110635.30,,,,,0,00,,,M,,M,,*4B
$GPGST,110635.30,,,,,,,*7A
$GPRMC,110635.40,V,,,,,,,221220,,,N*78
$GPGGA,110635.40,,,,,0,00,,,M,,M,,*4C
$GPGST,110635.40,,,,,,,*7D
$GPRMC,110635.50,V,,,,,,,221220,,,N*79
$GPGGA,110635.50,,,,,0,00,,,M,,M,,*4D
$GPGST,110635.50,,,,,,,*7C
$GPRMC,110635.60,V,,,,,,,221220,,,N*7A
$GPGGA,110635.60,,,,,0,00,,,M,,M,,*4E
$GPGST,110635.60,,,,,,,*7F
$GPRMC,110635.70,V,,,,,,,221220,,,N*7B
$GPGGA,110635.70,,,,,0,00,,,M,,M,,*4F
$GPGST,110635.70,,,,,,,*7E
$GPRMC,110635.80,V,,,,,,,221220,,,N*74
$GPGGA,110635.80,,,,,0,00,,,M,,M,,*40
$GPGST,110635.80,,,,,,,*71
$GPRMC,110635.90,V,,,,,,,221220,,,N*75
$GPGGA,110635.90,,,,,0,00,,,M,,M,,*41
$GPGST,110635.90,,,,,,,*70
$GPRMC,110636.00,V,,,,,,,221220,,,N*7F
$GPGGA,110636.00,,,,,0,00,,,M,,M,,*4B
$GPGST,110636.00,,,,,,,*7A
$GPRMC,110636.10,V,,,,,,,221220,,,N*7E
$GPGGA,110636.10,,,,,0,00,,,M,,M,,*4A
$GPGST,110636.10,,,,,,,*7B
$GPRMC,110636.20,V,,,,,,,221220,,,N*7D
$GPGGA,110636.20,,,,,0,00,,,M,,M,,*49
$GPGST,110636.20,,,,,,,*78
$GPRMC,110636.30,V,,,,,,,221220,,,N*7C
$GPGGA,110636.30,,,,,0,00,,,M,,M,,*48
$GPGST,110636.30,,,,,,,*79
$GPRMC,110636.40,V,,,,,,,221220,,,N*7B
$GPGGA,110636.40,,,,,0,00,,,M,,M,,*4F
$GPGST,110636.40,,,,,,,*7E
$GPRMC,110636.50,V,,,,,,,221220,,,N*7A
$GPGGA,110636.50,,,,,0,00,,,M,,M,,*4E
$GPGST,110636.50,,,,,,,*7F
$GPRMC,110636.60,V,,,,,,,221220,,,N*79
$GPGGA,110636.60,,,,,0,00,,,M,,M,,*4D
$GPGST,110636.60,,,,,,,*7C
$GPRMC,110636.70,V,,,,,,,221220,,,N*78
$GPGGA,110636.70,,,,,0,00,,,M,,M,,*4C
$GPGST,110636.70,,,,,,,*7D
$GPRMC,110636.80,V,,,,,,,221220,,,N*77
$GPGGA,110636.80,,,,,0,00,,,M,,M,,*43
$GPGST,110636.80,,,,,,,*72
$GPRMC,110636.90,V,,,,,,,221220,,,N*76
$GPGGA,110636.90,,,,,0,00,,,M,,M,,*42
$GPGST,110636.90,,,,,,,*73
$GPRMC,110637.00,V,,,,,,,221220,,,N*7E
$GPGGA,110637.00,,,,,0,00,,,M,,M,,*4A
$GPGST,110637.00,,,,,,,*7B
$GPRMC,110637.10,V,,,,,,,221220,,,N*7F
$GPGGA,110637.10,,,,,0,00,,,M,,M,,*4B
$GPGST,110637.10,,,,,,,*7A
$GPRMC,110637.20,V,,,,,,,221220,,,N*7C
$GPGGA,110637.20,,,,,0,00,,,M,,M,,*48
$GPGST,110637.20,,,,,,,*79
$GPRMC,110637.30,V,,,,,,,221220,,,N*7D
$GPGGA,110637.30,,,,,0,00,,,M,,M,,*49
$GPGST,110637.30,,,,,,,*78
$GPRMC,110637.40,V,,,,,,,221220,,,N*7A
$GPGGA,110637.40,,,,,0,00,,,M,,M,,*4E
$GPGST,110637.40,,,,,,,*7F
$GPRMC,110637.50,V,,,,,,,221220,,,N*7B
$GPGGA,110637.50,,,,,0,00,,,M,,M,,*4F
$GPGST,110637.50,,,,,,,*7E
$GPRMC,110637.60,V,,,,,,,221220,,,N*78
$GPGGA,110637.60,,,,,0,00,,,M,,M,,*4C
$GPGST,110637.60,,,,,,,*7D
$GPRMC,110637.70,V,,,,,,,221220,,,N*79
$GPGGA,110637.70,,,,,0,00,,,M,,M,,*4D
$GPGST,110637.70,,,,,,,*7C
$GPRMC,110637.80,V,,,,,,,221220,,,N*76
$GPGGA,110637.80,,,,,0,00,,,M,,M,,*42
$GPGST,110637.80,,,,,,,*73
$GPRMC,110637.90,V,,,,,,,221220,,,N*77
$GPGGA,110637.90,,,,,0,00,,,M,,M,,*43
$GPGST,110637.90,,,,,,,*72
$GPRMC,110638.00,V,,,,,,,221220,,,N*71
$GPGGA,110638.00,,,,,0,00,,,M,,M,,*45
$GPGST,110638.00,,,,,,,*74
$GPRMC,110638.10,V,,,,,,,221220,,,N*70
$GPGGA,110638.10,,,,,0,00,,,M,,M,,*44
$GPGST,110638.10,,,,,,,*75
$GPRMC,110638.20,V,,,,,,,221220,,,N*73
$GPGGA,110638.20,,,,,0,00,,,M,,M,,*47
$GPGST,110638.20,,,,,,,*76
$GPRMC,110638.30,V,,,,,,,221220,,,N*72
$GPGGA,110638.30,,,,,0,00,,,M,,M,,*46
$GPGST,110638.30,,,,,,,*77
$GPRMC,110638.40,V,,,,,,,221220,,,N*75
$GPGGA,110638.40,,,,,0,00,,,M,,M,,*41
$GPGST,110638.40,,,,,,,*70
$GPRMC,110638.50,V,,,,,,,221220,,,N*74
$GPGGA,110638.50,,,,,0,00,,,M,,M,,*40
$GPGST,110638.50,,,,,,,*71
$GPRMC,110638.60,V,,,,,,,221220,,,N*77
$GPGGA,110638.60,,,,,0,00,,,M,,M,,*43
$GPGST,110638.60,,,,,,,*72
$GPRMC,110638.70,V,,,,,,,221220,,,N*76
$GPGGA,110638.70,,,,,0,00,,,M,,M,,*42
$GPGST,110638.70,,,,,,,*73
$GPRMC,110638.80,V,,,,,,,221220,,,N*79
$GPGGA,110638.80,,,,,0,00,,,M,,M,,*4D
$GPGST,110638.80,,,,,,,*7C
$GPRMC,110638.90,V,,,,,,,221220,,,N*78
$GPGGA,110638.90,,,,,0,00,,,M,,M,,*4C
$GPGST,110638.90,,,,,,,*7D
$GPRMC,110639.00,V,,,,,,,221220,,,N*70
$GPGGA,110639.00,,,,,0,00,,,M,,M,,*44
$GPGST,110639.00,,,,,,,*75
$GPRMC,110639.10,A,4811.8987506,N,01136.4395895,E,10.0,110.9,221220,3.6,W,A*1D
$GPGGA,110639.10,4811.8987506,N,01136.4395895,E,1,08,2.2,506.9461,M,47.5433,M,,*69
$GPGST,110639.10,4.137,19.909,10.940,317.825,16.482,15.633,63.576*6F
$GPRMC,110639.20,A,4811.8986539,N,01136.4399872,E,10.1,109.8,221220,3.6,W,A*1E
$GPGGA,110639.20,4811.8986539,N,01136.4399872,E,1,08,2.2,507.0350,M,47.5433,M,,*6F
$GPGST,110639.20,4.137,19.909,10.941,317.825,16.482,15.634,63.576*6A
$GPRMC,110639.30,A,4811.8985570,N,01136.4404016,E,10.4,108.8,221220,3.6,W,A*1C
$GPGGA,110639.30,4811.8985570,N,01136.4404016,E,1,08,2.2,507.1273,M,47.5433,M,,*68
$GPGST,110639.30,4.137,19.909,10.941,317.825,16.482,15.634,63.576*6B
$GPRMC,110639.40,A,4811.8984602,N,01136.4408292,E,10.7,108.2,221220,3.6,W,A*17
$GPGGA,110639.40,4811.8984602,N,01136.4408292,E,1,08,2.2,507.2325,M,47.5433,M,,*6B
$GPGST,110639.40,4.137,19.909,10.941,317.825,16.482,15.634,63.576*6C
$GPRMC,110639.50,A,4811.8983756,N,01136.4412518,E,10.5,106.5,221220,3.6,W,A*14
$GPGGA,110639.50,4811.8983756,N,01136.4412518,E,1,08,2.2,507.3418,M,47.5433,M,,*6B
$GPGST,110639.50,4.137,19.910,10.941,317.825,16.482,15.634,63.576*65
$GPRMC,110639.60,A,4811.8985573,N,01136.4411272,E,10.5,107.5,221220,3.6,W,A*1D
$GPGGA,110639.60,4811.8985573,N,01136.4411272,E,1,08,1.6,505.0144,M,47.5433,M,58.6,2973*73
$GPGST,110639.60,0.533,1.896,1.494,318.014,1.728,1.686,4.370*5C
$GPRMC,110639.70,A,4811.8984645,N,01136.4415348,E,10.4,108.3,221220,3.6,W,A*1F
$GPGGA,110639.70,4811.8984645,N,01136.4415348,E,1,08,1.6,505.1223,M,47.5433,M,58.7,2973*7B
$GPGST,110639.70,0.533,1.896,1.494,318.017,1.728,1.686,4.370*5E
$GPRMC,110639.80,A,4811.8983728,N,01136.4419445,E,10.5,108.2,221220,3.6,W,A*1B
$GPGGA,110639.80,4811.8983728,N,01136.4419445,E,1,08,1.6,505.2083,M,47.5433,M,58.8,2973*7B
$GPGST,110639.80,0.533,1.896,1.494,318.013,1.728,1.686,4.370*55
$GPRMC,110639.90,A,4811.8982758,N,01136.4423545,E,10.5,109.1,221220,3.6,W,A*16
$GPGGA,110639.90,4811.8982758,N,01136.4423545,E,1,08,1.6,505.2839,M,47.5433,M,58.9,2973*7C
$GPGST,110639.90,0.533,1.896,1.494,318.015,1.728,1.686,4.370*52
$GPRMC,110640.00,A,4811.8981789,N,01136.4427651,E,10.5,109.2,221220,3.6,W,A*1F
$GPGGA,110640.00,4811.8981789,N,01136.4427651,E,1,08,1.6,505.3760,M,47.5433,M,59.0,2973*7C
$GPGST,110640.00,0.533,1.896,1.494,318.014,1.728,1.686,4.370*54
$GPRMC,110640.10,A,4811.8980862,N,01136.4431682,E,10.4,108.8,221220,3.6,W,D*13
$GPGGA,110640.10,4811.8980862,N,01136.4431682,E,2,11,1.1,505.4751,M,47.5433,M,59.1,2973*77
$GPGST,110640.10,0.729,1.894,1.490,317.846,1.724,1.684,4.368*5D
$GPRMC,110640.20,A,4811.8979999,N,01136.4435499,E,10.0,108.0,221220,3.6,W,D*13
$GPGGA,110640.20,4811.8979999,N,01136.4435499,E,2,11,1.1,505.5583,M,47.5433,M,59.2,2973*74
$GPGST,110640.20,0.729,1.888,1.479,317.740,1.715,1.676,4.333*5C
$GPRMC,110640.30,A,4811.8979151,N,01136.4439147,E,9.6,107.9,221220,3.6,W,D*2C
$GPGGA,110640.30,4811.8979151,N,01136.4439147,E,2,11,1.1,505.6039,M,47.5433,M,59.3,2973*75
$GPGST,110640.30,0.729,1.870,1.446,317.445,1.689,1.653,4.228*58
$GPRMC,110640.40,A,4811.8978270,N,01136.4442612,E,9.4,108.8,221220,3.6,W,D*2D
$GPGGA,110640.40,4811.8978270,N,01136.4442612,E,2,11,1.1,505.6127,M,47.5433,M,59.4,2973*71
$GPGST,110640.40,0.729,1.842,1.385,317.038,1.646,1.613,4.046*55
$GPRMC,110640.50,A,4811.8977368,N,01136.4446040,E,9.3,109.4,221220,3.6,W,D*24
$GPGGA,110640.50,4811.8977368,N,01136.4446040,E,2,11,1.1,505.6155,M,47.5433,M,59.5,2973*76
$GPGST,110640.50,0.729,1.805,1.289,316.736,1.584,1.553,3.779*54
$GPRMC,110640.60,A,4811.8976521,N,01136.4449504,E,9.2,107.9,221220,3.6,W,D*25
$GPGGA,110640.60,4811.8976521,N,01136.4449504,E,2,13,1.0,505.6376,M,47.5433,M,59.6,2973*76
$GPGST,110640.60,0.468,1.015,0.687,4.293,1.014,0.689,1.708*54
$GPRMC,110640.70,A,4811.8975727,N,01136.4453044,E,9.2,106.1,221220,3.6,W,D*20
$GPGGA,110640.70,4811.8975727,N,01136.4453044,E,2,13,1.0,505.6748,M,47.5433,M,59.7,2973*72
$GPGST,110640.70,0.468,1.015,0.687,4.293,1.014,0.689,1.708*55
$GPRMC,110640.80,A,4811.8974882,N,01136.4456653,E,9.2,106.3,221220,3.6,W,D*29
$GPGGA,110640.80,4811.8974882,N,01136.4456653,E,2,13,1.0,505.7123,M,47.5433,M,59.8,2973*7C
$GPGST,110640.80,0.468,1.015,0.687,4.294,1.014,0.689,1.708*5D
$GPRMC,110640.90,A,4811.8973933,N,01136.4460234,E,9.1,108.2,221220,3.6,W,D*28
$GPGGA,110640.90,4811.8973933,N,01136.4460234,E,2,13,1.0,505.7469,M,47.5433,M,59.9,2973*7B
$GPGST,110640.90,0.468,1.015,0.687,4.294,1.014,0.689,1.708*5C
$GPRMC,110641.00,A,4811.8973010,N,01136.4463924,E,9.3,107.3,221220,3.6,W,D*2D
$GPGGA,110641.00,4811.8973010,N,01136.4463924,E,2,13,1.0,505.7637,M,47.5433,M,60.0,2973*78
$GPGST,110641.00,0.468,1.015,0.687,4.284,1.014,0.690,1.708*5D
$GPRMC,110641.10,A,4811.8972200,N,01136.4467908,E,9.8,103.9,221220,3.6,W,A*24
$GPGGA,110641.10,4811.8972200,N,01136.4467908,E,1,13,1.0,505.7595,M,47.5432,M,30.6,1002*77
$GPGST,110641.10,0.848,3.063,2.002,357.304,3.061,2.005,5.326*50
$GPRMC,110641.20,A,4811.8971448,N,01136.4472017,E,10.0,102.2,221220,3.6,W,A*17
$GPGGA,110641.20,4811.8971448,N,01136.4472017,E,1,13,1.0,505.7557,M,47.5432,M,30.7,1002*71
$GPGST,110641.20,0.848,3.063,2.002,357.304,3.061,2.005,5.326*53
$GPRMC,110641.30,A,4811.8970646,N,01136.4476078,E,9.8,103.1,221220,3.6,W,A*24
$GPGGA,110641.30,4811.8970646,N,01136.4476078,E,1,13,1.0,505.7592,M,47.5432,M,30.8,1002*76
$GPGST,110641.30,0.848,3.063,2.002,357.304,3.061,2.005,5.326*52
$GPRMC,110641.40,A,4811.8969801,N,01136.4480033,E,9.5,104.3,221220,3.6,W,A*28
$GPGGA,110641.40,4811.8969801,N,01136.4480033,E,1,13,1.0,505.7571,M,47.5432,M,30.9,1002*7E
$GPGST,110641.40,0.848,3.063,2.002,357.303,3.061,2.005,5.326*52
$GPRMC,110641.50,A,4811.8968980,N,01136.4483868,E,9.2,104.4,221220,3.6,W,A*25
$GPGGA,110641.50,4811.8968980,N,01136.4483868,E,1,13,1.0,505.7565,M,47.5432,M,31.0,1002*7E
$GPGST,110641.50,0.848,3.063,2.002,357.303,3.061,2.005,5.326*53
$GPRMC,110641.60,A,4811.8968288,N,01136.4487651,E,9.0,101.8,221220,3.6,W,A*2E
$GPGGA,110641.60,4811.8968288,N,01136.4487651,E,1,14,0.9,505.7698,M,47.5432,M,30.6,1002*77
$GPGST,110641.60,1.161,3.063,2.002,357.308,3.061,2.005,5.325*5B
$GPRMC,110641.70,A,4811.8967766,N,01136.4491407,E,8.9,98.1,221220,3.6,W,A*13
$GPGGA,110641.70,4811.8967766,N,01136.4491407,E,1,14,0.9,505.7652,M,47.5432,M,30.7,1002*7D
$GPGST,110641.70,1.161,3.063,1.999,357.342,3.061,2.002,5.317*5A
$GPRMC,110641.80,A,4811.8967396,N,01136.4495119,E,8.8,95.5,221220,3.6,W,A*11
$GPGGA,110641.80,4811.8967396,N,01136.4495119,E,1,14,0.9,505.8062,M,47.5432,M,30.8,1002*72
$GPGST,110641.80,1.161,3.063,1.990,357.442,3.062,1.992,5.292*57
$GPRMC,110641.90,A,4811.8967124,N,01136.4498964,E,9.1,92.8,221220,3.6,W,A*16
$GPGGA,110641.90,4811.8967124,N,01136.4498964,E,1,14,0.9,505.8757,M,47.5432,M,30.9,1002*77
$GPGST,110641.90,1.161,3.064,1.974,357.601,3.062,1.977,5.251*5A
$GPRMC,110642.00,A,4811.8966926,N,01136.4502969,E,9.4,90.2,221220,3.6,W,A*15
$GPGGA,110642.00,4811.8966926,N,01136.4502969,E,1,14,0.9,505.9287,M,47.5432,M,31.0,1002*78
$GPGST,110642.00,1.161,3.064,1.951,357.812,3.063,1.953,5.194*56
$GPRMC,110642.10,A,4811.8966782,N,01136.4507025,E,9.5,88.8,221220,3.6,W,A*12
$GPGGA,110642.10,4811.8966782,N,01136.4507025,E,1,14,0.9,505.9551,M,47.5432,M,31.1,1002*70
$GPGST,110642.10,1.579,3.063,1.919,358.066,3.062,1.921,5.121*5F
$GPRMC,110642.20,A,4811.8966718,N,01136.4511094,E,9.5,87.2,221220,3.6,W,A*1A
$GPGGA,110642.20,4811.8966718,N,01136.4511094,E,1,14,0.9,505.9722,M,47.5432,M,31.2,1002*78
$GPGST,110642.20,1.579,3.064,1.913,358.117,3.063,1.914,5.107*55
$GPRMC,110642.30,A,4811.8966744,N,01136.4515152,E,9.4,85.3,221220,3.6,W,A*1F
$GPGGA,110642.30,4811.8966744,N,01136.4515152,E,1,14,0.9,505.9686,M,47.5432,M,31.3,1002*71
$GPGST,110642.30,1.579,3.064,1.906,358.166,3.063,1.908,5.093*57
$GPRMC,110642.40,A,4811.8966873,N,01136.4519186,E,9.4,83.2,221220,3.6,W,A*11
$GPGGA,110642.40,4811.8966873,N,01136.4519186,E,1,14,0.9,505.9478,M,47.5432,M,31.4,1002*7C
$GPGST,110642.40,1.579,3.064,1.899,358.216,3.063,1.901,5.079*5E
$GPRMC,110642.50,A,4811.8967142,N,01136.4523175,E,9.4,80.3,221220,3.6,W,A*1D
$GPGGA,110642.50,4811.8967142,N,01136.4523175,E,1,14,0.9,505.9383,M,47.5432,M,31.5,1002*70
$GPGST,110642.50,1.579,3.064,1.892,358.264,3.063,1.894,5.066*52
$GPRMC,110642.60,A,4811.8967552,N,01136.4527095,E,9.3,76.8,221220,3.6,W,A*15
$GPGGA,110642.60,4811.8967552,N,01136.4527095,E,1,14,0.9,505.9204,M,47.5432,M,31.1,1002*77
$GPGST,110642.60,1.280,3.063,1.885,358.302,3.062,1.887,5.052*54
$GPRMC,110642.70,A,4811.8968092,N,01136.4531041,E,9.5,73.8,221220,3.6,W,A*1F
$GPGGA,110642.70,4811.8968092,N,01136.4531041,E,1,14,0.9,505.8898,M,47.5432,M,31.2,1002*73
$GPGST,110642.70,1.280,3.063,1.884,358.312,3.062,1.885,5.050*55
$GPRMC,110642.80,A,4811.8968716,N,01136.4534837,E,9.5,72.3,221220,3.6,W,A*1D
$GPGGA,110642.80,4811.8968716,N,01136.4534837,E,1,14,0.9,505.8621,M,47.5432,M,31.3,1002*76
$GPGST,110642.80,1.280,3.063,1.883,358.324,3.063,1.884,5.048*51
$GPRMC,110642.90,A,4811.8969428,N,01136.4538582,E,9.3,70.2,221220,3.6,W,A*19
$GPGGA,110642.90,4811.8969428,N,01136.4538582,E,1,14,0.9,505.8349,M,47.5432,M,31.4,1002*7B
$GPGST,110642.90,1.280,3.064,1.882,358.333,3.063,1.883,5.047*58
$GPRMC,110643.00,A,4811.8970306,N,01136.4542235,E,9.4,67.7,221220,3.6,W,A*10
$GPGGA,110643.00,4811.8970306,N,01136.4542235,E,1,14,0.9,505.7993,M,47.5432,M,31.5,1002*75
$GPGST,110643.00,1.280,3.064,1.881,358.341,3.064,1.882,5.045*52
$GPRMC,110643.10,A,4811.8971205,N,01136.4545886,E,9.4,65.6,221220,3.6,W,A*14
$GPGGA,110643.10,4811.8971205,N,01136.4545886,E,1,14,0.9,505.7663,M,47.5432,M,31.6,1002*71
$GPGST,110643.10,1.326,1.566,0.398,357.029,1.565,0.406,3.781*55
$GPRMC,110643.20,A,4811.8972214,N,01136.4549474,E,9.4,63.3,221220,3.6,W,A*1A
$GPGGA,110643.20,4811.8972214,N,01136.4549474,E,1,14,0.9,505.7497,M,47.5432,M,31.7,1002*74
$GPGST,110643.20,1.326,1.566,0.398,357.029,1.565,0.406,3.781*56
$GPRMC,110643.30,A,4811.8973276,N,01136.4552990,E,9.4,60.7,221220,3.6,W,A*14
$GPGGA,110643.30,4811.8973276,N,01136.4552990,E,1,14,0.9,505.7575,M,47.5432,M,31.8,1002*7F
$GPGST,110643.30,1.326,1.566,0.398,357.029,1.565,0.406,3.781*57
$GPRMC,110643.40,A,4811.8974475,N,01136.4556419,E,9.4,58.0,221220,3.6,W,A*15
$GPGGA,110643.40,4811.8974475,N,01136.4556419,E,1,14,0.9,505.7396,M,47.5432,M,31.9,1002*78
$GPGST,110643.40,1.326,1.566,0.398,357.028,1.565,0.406,3.780*50
$GPRMC,110643.50,A,4811.8975748,N,01136.4559758,E,9.4,55.4,221220,3.6,W,A*18
$GPGGA,110643.50,4811.8975748,N,01136.4559758,E,1,14,0.9,505.7370,M,47.5432,M,32.0,1002*7E
$GPGST,110643.50,1.326,1.566,0.398,357.028,1.565,0.406,3.780*51
$GPRMC,110643.60,A,4811.8977240,N,01136.4562903,E,9.4,52.7,221220,3.6,W,D*1D
$GPGGA,110643.60,4811.8977240,N,01136.4562903,E,2,15,0.8,505.7176,M,47.5431,M,31.6,1002*7B
$GPGST,110643.60,1.331,0.822,0.369,347.835,0.807,0.400,1.187*5E
$GPRMC,110643.70,A,4811.8978938,N,01136.4565921,E,9.3,50.1,221220,3.6,W,D*13
$GPGGA,110643.70,4811.8978938,N,01136.4565921,E,2,15,0.8,505.6738,M,47.5431,M,31.7,1002*7A
$GPGST,110643.70,1.331,0.822,0.369,347.835,0.807,0.400,1.187*5F
$GPRMC,110643.80,A,4811.8980786,N,01136.4568838,E,9.4,48.6,221220,3.6,W,D*1D
$GPGGA,110643.80,4811.8980786,N,01136.4568838,E,2,15,0.8,505.6070,M,47.5431,M,31.8,1002*79
$GPGST,110643.80,1.331,0.822,0.369,347.835,0.807,0.400,1.187*50
$GPRMC,110643.90,A,4811.8982895,N,01136.4571624,E,9.5,46.8,221220,3.6,W,D*19
$GPGGA,110643.90,4811.8982895,N,01136.4571624,E,2,15,0.8,505.5262,M,47.5431,M,31.9,1002*7F
$GPGST,110643.90,1.331,0.822,0.369,347.835,0.807,0.400,1.187*51
$GPRMC,110644.00,A,4811.8985059,N,01136.4574298,E,9.6,44.1,221220,3.6,W,D*16
$GPGGA,110644.00,4811.8985059,N,01136.4574298,E,2,15,0.8,505.4516,M,47.5431,M,32.0,1002*77
$GPGST,110644.00,1.331,0.822,0.369,347.835,0.807,0.400,1.187*5F
$GPRMC,110644.10,A,4811.8987297,N,01136.4576870,E,9.6,41.2,221220,3.6,W,D*1D
$GPGGA,110644.10,4811.8987297,N,01136.4576870,E,2,15,0.8,505.3851,M,47.5431,M,32.1,1002*72
$GPGST,110644.10,1.536,0.822,0.369,347.835,0.807,0.400,1.187*5F
$GPRMC,110644.20,A,4811.8989584,N,01136.4579267,E,9.7,37.6,221220,3.6,W,D*12
$GPGGA,110644.20,4811.8989584,N,01136.4579267,E,2,15,0.8,505.3313,M,47.5431,M,32.2,1002*77
$GPGST,110644.20,1.536,0.821,0.368,347.758,0.807,0.400,1.187*5A
$GPRMC,110644.30,A,4811.8991906,N,01136.4581551,E,9.6,34.6,221220,3.6,W,D*1B
$GPGGA,110644.30,4811.8991906,N,01136.4581551,E,2,15,0.8,505.2958,M,47.5431,M,32.3,1002*79
$GPGST,110644.30,1.536,0.819,0.367,347.526,0.804,0.400,1.185*55
$GPRMC,110644.40,A,4811.8994224,N,01136.4583677,E,9.6,32.4,221220,3.6,W,D*13
$GPGGA,110644.40,4811.8994224,N,01136.4583677,E,2,15,0.8,505.2787,M,47.5431,M,32.4,1002*7E
$GPGST,110644.40,1.536,0.815,0.365,347.137,0.799,0.400,1.183*55
$GPRMC,110644.50,A,4811.8996578,N,01136.4585692,E,9.5,30.6,221220,3.6,W,D*10
$GPGGA,110644.50,4811.8996578,N,01136.4585692,E,2,15,0.8,505.2591,M,47.5431,M,32.5,1002*7A
$GPGST,110644.50,1.536,0.810,0.362,346.590,0.793,0.399,1.180*50
$GPRMC,110644.60,A,4811.8998923,N,01136.4587620,E,9.5,28.9,221220,3.6,W,D*12
$GPGGA,110644.60,4811.8998923,N,01136.4587620,E,2,15,0.8,505.2410,M,47.5431,M,32.1,1002*72
$GPGST,110644.60,1.296,0.804,0.358,345.884,0.785,0.399,1.175*54
$GPRMC,110644.70,A,4811.9001263,N,01136.4589413,E,9.6,26.5,221220,3.6,W,D*19
$GPGGA,110644.70,4811.9001263,N,01136.4589413,E,2,15,0.8,505.2181,M,47.5431,M,32.2,1002*76
$GPGST,110644.70,1.296,0.788,0.350,345.371,0.767,0.393,1.160*55
$GPRMC,110644.80,A,4811.9003620,N,01136.4590893,E,9.6,21.5,221220,3.6,W,D*1C
$GPGGA,110644.80,4811.9003620,N,01136.4590893,E,2,15,0.8,505.1914,M,47.5431,M,32.3,1002*72
$GPGST,110644.80,1.296,0.750,0.338,345.511,0.731,0.377,1.125*59
$GPRMC,110644.90,A,4811.9005971,N,01136.4592245,E,9.6,16.9,221220,3.6,W,D*1B
$GPGGA,110644.90,4811.9005971,N,01136.4592245,E,2,15,0.8,505.1851,M,47.5431,M,32.4,1002*7A
$GPGST,110644.90,1.296,0.690,0.322,346.354,0.675,0.353,1.064*59
$GPRMC,110645.00,A,4811.9008342,N,01136.4593411,E,9.6,14.9,221220,3.6,W,D*10
$GPGGA,110645.00,4811.9008342,N,01136.4593411,E,2,15,0.8,505.1633,M,47.5431,M,32.5,1002*78
$GPGST,110645.00,1.296,0.606,0.300,348.047,0.596,0.319,0.973*5F
$GPRMC,110645.10,A,4811.9010767,N,01136.4594409,E,9.5,12.9,221220,3.6,W,D*10
$GPGGA,110645.10,4811.9010767,N,01136.4594409,E,2,15,0.8,505.1428,M,47.5431,M,32.6,1002*76
$GPGST,110645.10,1.311,0.492,0.267,350.871,0.487,0.275,0.836*51
$GPRMC,110645.20,A,4811.9013296,N,01136.4595183,E,9.7,9.8,221220,3.6,W,D*24
$GPGGA,110645.20,4811.9013296,N,01136.4595183,E,2,15,0.8,505.1363,M,47.5431,M,32.7,1002*72
$GPGST,110645.20,1.311,0.455,0.255,355.249,0.454,0.257,0.814*52
$GPRMC,110645.30,A,4811.9015881,N,01136.4595723,E,9.9,6.2,221220,3.6,W,D*28
$GPGGA,110645.30,4811.9015881,N,01136.4595723,E,2,15,0.8,505.1266,M,47.5431,M,32.8,1002*7E
$GPGST,110645.30,1.311,0.424,0.243,358.708,0.424,0.243,0.785*5A
$GPRMC,110645.40,A,4811.9018465,N,01136.4596070,E,9.8,3.1,221220,3.6,W,D*21
$GPGGA,110645.40,4811.9018465,N,01136.4596070,E,2,15,0.8,505.1158,M,47.5431,M,32.9,1002*7F
$GPGST,110645.40,1.311,0.397,0.232,0.698,0.397,0.232,0.751*52
$GPRMC,110645.50,A,4811.9021069,N,01136.4596172,E,9.8,0.0,221220,3.6,W,D*23
$GPGGA,110645.50,4811.9021069,N,01136.4596172,E,2,15,0.8,505.1028,M,47.5431,M,33.0,1002*71
$GPGST,110645.50,1.311,0.374,0.226,0.867,0.374,0.226,0.712*5A
$GPRMC,110645.60,A,4811.9023618,N,01136.4596273,E,9.8,357.2,221220,3.6,W,D*23
$GPGGA,110645.60,4811.9023618,N,01136.4596273,E,2,15,0.8,505.0992,M,47.5431,M,32.6,1002*7C
$GPGST,110645.60,1.173,0.353,0.222,358.965,0.353,0.222,0.667*51
$GPRMC,110645.70,A,4811.9026054,N,01136.4596259,E,9.7,354.1,221220,3.6,W,D*2E
$GPGGA,110645.70,4811.9026054,N,01136.4596259,E,2,15,0.8,505.0923,M,47.5431,M,32.7,1002*75
$GPGST,110645.70,1.173,0.345,0.219,359.355,0.345,0.219,0.641*5C
$GPRMC,110645.80,A,4811.9028446,N,01136.4596171,E,9.8,350.1,221220,3.6,W,D*2A
$GPGGA,110645.80,4811.9028446,N,01136.4596171,E,2,15,0.8,505.0754,M,47.5431,M,32.8,1002*7B
$GPGST,110645.80,1.173,0.339,0.214,0.090,0.339,0.214,0.612*50
$GPRMC,110645.90,A,4811.9030709,N,01136.4596061,E,9.8,347.2,221220,3.6,W,D*2F
$GPGGA,110645.90,4811.9030709,N,01136.4596061,E,2,15,0.8,505.0747,M,47.5431,M,32.9,1002*78
$GPGST,110645.90,1.173,0.334,0.207,1.088,0.334,0.207,0.582*53
$GPRMC,110646.00,A,4811.9032985,N,01136.4595770,E,9.8,345.0,221220,3.6,W,D*29
$GPGGA,110646.00,4811.9032985,N,01136.4595770,E,2,15,0.8,505.0636,M,47.5431,M,33.0,1002*71
$GPGST,110646.00,1.173,0.330,0.198,2.234,0.329,0.198,0.550*58
$GPRMC,110646.10,A,4811.9035287,N,01136.4595187,E,9.9,342.2,221220,3.6,W,D*2C
$GPGGA,110646.10,4811.9035287,N,01136.4595187,E,2,16,0.8,505.0608,M,47.5431,M,33.1,1002*7F
$GPGST,110646.10,1.244,0.325,0.185,3.408,0.325,0.186,0.516*5F
$GPRMC,110646.20,A,4811.9037638,N,01136.4594325,E,10.2,338.9,221220,3.6,W,D*13
$GPGGA,110646.20,4811.9037638,N,01136.4594325,E,2,16,0.8,505.0562,M,47.5431,M,33.2,1002*79
$GPGST,110646.20,1.244,0.325,0.183,3.605,0.324,0.184,0.510*50
$GPRMC,110646.30,A,4811.9040007,N,01136.4593140,E,10.4,335.4,221220,3.6,W,D*18
$GPGGA,110646.30,4811.9040007,N,01136.4593140,E,2,16,0.8,505.0672,M,47.5431,M,33.3,1002*77
$GPGST,110646.30,1.244,0.324,0.180,3.795,0.324,0.181,0.504*5B
$GPRMC,110646.40,A,4811.9042338,N,01136.4591700,E,10.4,331.8,221220,3.6,W,D*1A
$GPGGA,110646.40,4811.9042338,N,01136.4591700,E,2,16,0.8,505.0756,M,47.5431,M,33.4,1002*7D
$GPGST,110646.40,1.244,0.323,0.178,3.977,0.323,0.179,0.498*5A
$GPRMC,110646.50,A,4811.9044597,N,01136.4590006,E,10.3,328.3,221220,3.6,W,D*1A
$GPGGA,110646.50,4811.9044597,N,01136.4590006,E,2,16,0.8,505.0793,M,47.5431,M,33.5,1002*71
$GPGST,110646.50,1.244,0.323,0.175,4.152,0.322,0.176,0.492*5A
$GPRMC,110646.60,A,4811.9046826,N,01136.4588037,E,10.5,324.8,221220,3.6,W,D*16
$GPGGA,110646.60,4811.9046826,N,01136.4588037,E,2,16,0.8,505.0857,M,47.5431,M,33.1,1002*7F
$GPGST,110646.60,1.270,0.322,0.172,4.321,0.321,0.173,0.486*5D
$GPRMC,110646.70,A,4811.9049045,N,01136.4585842,E,10.7,322.1,221220,3.6,W,D*1F
$GPGGA,110646.70,4811.9049045,N,01136.4585842,E,2,16,0.8,505.0822,M,47.5431,M,33.2,1002*7A
$GPGST,110646.70,1.270,0.322,0.173,4.313,0.321,0.174,0.487*5A
$GPRMC,110646.80,A,4811.9051200,N,01136.4583392,E,10.8,319.3,221220,3.6,W,D*1F
$GPGGA,110646.80,4811.9051200,N,01136.4583392,E,2,16,0.8,505.0941,M,47.5431,M,33.3,1002*7A
$GPGST,110646.80,1.270,0.322,0.173,4.281,0.321,0.174,0.488*50
$GPRMC,110646.90,A,4811.9053370,N,01136.4580692,E,11.1,316.5,221220,3.6,W,D*1D
$GPGGA,110646.90,4811.9053370,N,01136.4580692,E,2,16,0.8,505.1038,M,47.5431,M,33.4,1002*78
$GPGST,110646.90,1.270,0.322,0.174,4.222,0.322,0.175,0.490*54
$GPRMC,110647.00,A,4811.9055492,N,01136.4577773,E,11.4,314.4,221220,3.6,W,D*18
$GPGGA,110647.00,4811.9055492,N,01136.4577773,E,2,16,0.8,505.1121,M,47.5431,M,33.5,1002*73
$GPGST,110647.00,1.270,0.323,0.174,4.136,0.322,0.175,0.494*5F
$GPRMC,110647.10,A,4811.9057539,N,01136.4574588,E,11.6,311.5,221220,3.6,W,D*18
$GPGGA,110647.10,4811.9057539,N,01136.4574588,E,2,16,0.8,505.1185,M,47.5431,M,33.6,1002*78
$GPGST,110647.10,1.288,0.323,0.175,4.023,0.322,0.176,0.498*52
$GPRMC,110647.20,A,4811.9059557,N,01136.4571123,E,11.9,308.4,221220,3.6,W,D*1B
$GPGGA,110647.20,4811.9059557,N,01136.4571123,E,2,16,0.8,505.1279,M,47.5431,M,33.7,1002*7C
$GPGST,110647.20,1.288,0.323,0.175,3.933,0.323,0.176,0.502*5D
$GPRMC,110647.30,A,4811.9061524,N,01136.4567424,E,12.2,306.0,221220,3.6,W,D*12
$GPGGA,110647.30,4811.9061524,N,01136.4567424,E,2,16,0.8,505.1322,M,47.5431,M,33.8,1002*77
$GPGST,110647.30,1.288,0.323,0.174,3.925,0.323,0.175,0.503*58
$GPRMC,110647.40,A,4811.9063510,N,01136.4563559,E,12.4,304.8,221220,3.6,W,D*13
$GPGGA,110647.40,4811.9063510,N,01136.4563559,E,2,16,0.8,505.1368,M,47.5431,M,33.9,1002*75
$GPGST,110647.40,1.288,0.323,0.174,3.996,0.323,0.175,0.502*56
$GPRMC,110647.50,A,4811.9065529,N,01136.4559532,E,12.7,304.9,221220,3.6,W,D*18
$GPGGA,110647.50,4811.9065529,N,01136.4559532,E,2,16,0.8,505.1494,M,47.5431,M,34.0,1002*76
$GPGST,110647.50,1.288,0.323,0.172,4.144,0.322,0.174,0.499*52
$GPRMC,110647.60,A,4811.9067720,N,01136.4554863,E,13.1,303.5,221220,3.6,W,D*1A
$GPGGA,110647.60,4811.9067720,N,01136.4554863,E,5,06,2.4,505.1799,M,47.5432,M,0.6,3458*45
$GPGST,110647.60,0.067,2.571,0.534,298.874,1.327,2.266,1.914*54
$GPRMC,110647.70,A,4811.9070059,N,01136.4549523,E,13.5,301.3,221220,3.6,W,D*11
$GPGGA,110647.70,4811.9070059,N,01136.4549523,E,5,06,2.4,505.2221,M,47.5432,M,0.7,3458*4A
$GPGST,110647.70,0.067,2.571,0.534,298.874,1.327,2.266,1.914*55
$GPRMC,110647.80,A,4811.9072454,N,01136.4543504,E,13.8,297.7,221220,3.6,W,D*1D
$GPGGA,110647.80,4811.9072454,N,01136.4543504,E,5,06,2.4,505.2755,M,47.5432,M,0.8,3458*48
$GPGST,110647.80,0.067,2.571,0.534,298.874,1.327,2.266,1.914*5A
$GPRMC,110647.90,A,4811.9074946,N,01136.4536863,E,13.9,296.0,221220,3.6,W,D*1D
$GPGGA,110647.90,4811.9074946,N,01136.4536863,E,5,06,2.4,505.3379,M,47.5432,M,0.9,3458*45
$GPGST,110647.90,0.067,2.571,0.534,298.874,1.327,2.266,1.914*5B
$GPRMC,110648.00,A,4811.9077411,N,01136.4530198,E,13.9,296.3,221220,3.6,W,D*1F
$GPGGA,110648.00,4811.9077411,N,01136.4530198,E,5,06,2.4,505.4009,M,47.5432,M,1.0,3458*4F
$GPGST,110648.00,0.067,2.571,0.534,298.874,1.327,2.266,1.914*5D
$GPRMC,110648.10,A,4811.9079804,N,01136.4523682,E,14.0,296.6,221220,3.6,W,D*1D
$GPGGA,110648.10,4811.9079804,N,01136.4523682,E,5,06,2.4,505.4513,M,47.5432,M,1.1,3458*49
$GPGST,110648.10,0.092,2.571,0.534,298.874,1.327,2.266,1.914*56
$GPRMC,110648.20,A,4811.9082047,N,01136.4517386,E,14.3,295.6,221220,3.6,W,D*13
$GPGGA,110648.20,4811.9082047,N,01136.4517386,E,5,06,2.4,505.4832,M,47.5432,M,1.2,3458*4A
$GPGST,110648.20,0.092,2.568,0.533,298.875,1.325,2.264,1.911*5E
$GPRMC,110648.30,A,4811.9084156,N,01136.4511275,E,14.6,295.1,221220,3.6,W,D*1C
$GPGGA,110648.30,4811.9084156,N,01136.4511275,E,5,06,2.4,505.5030,M,47.5432,M,1.3,3458*4D
$GPGST,110648.30,0.092,2.559,0.531,298.877,1.320,2.255,1.904*5E
$GPRMC,110648.40,A,4811.9086081,N,01136.4505299,E,14.7,293.3,221220,3.6,W,D*10
$GPGGA,110648.40,4811.9086081,N,01136.4505299,E,5,06,2.4,505.5128,M,47.5432,M,1.4,3458*4B
$GPGST,110648.40,0.092,2.544,0.527,298.881,1.312,2.242,1.892*52
$GPRMC,110648.50,A,4811.9087900,N,01136.4499300,E,14.6,291.8,221220,3.6,W,D*1D
$GPGGA,110648.50,4811.9087900,N,01136.4499300,E,5,06,2.4,505.5156,M,47.5432,M,1.5,3458*46
$GPGST,110648.50,0.092,2.522,0.522,298.886,1.301,2.222,1.874*5D
$GPRMC,110648.60,A,4811.9089616,N,01136.4493505,E,14.7,292.7,221220,3.6,W,D*1C
$GPGGA,110648.60,4811.9089616,N,01136.4493505,E,5,08,1.3,505.4862,M,47.5432,M,0.6,3458*4D
$GPGST,110648.60,0.209,2.493,0.515,298.894,1.286,2.197,1.852*55
$GPRMC,110648.70,A,4811.9091198,N,01136.4487917,E,14.8,292.2,221220,3.6,W,D*15
$GPGGA,110648.70,4811.9091198,N,01136.4487917,E,5,08,1.3,505.4242,M,47.5432,M,0.7,3458*47
$GPGST,110648.70,0.209,2.440,0.511,298.872,1.260,2.151,1.820*51
$GPRMC,110648.80,A,4811.9092706,N,01136.4482499,E,15.0,292.9,221220,3.6,W,D*14
$GPGGA,110648.80,4811.9092706,N,01136.4482499,E,5,08,1.3,505.3342,M,47.5432,M,0.8,3458*4D
$GPGST,110648.80,0.209,2.342,0.511,298.799,1.214,2.067,1.775*59
$GPRMC,110648.90,A,4811.9094057,N,01136.4477330,E,15.1,292.1,221220,3.6,W,D*17
$GPGGA,110648.90,4811.9094057,N,01136.4477330,E,5,08,1.3,505.2202,M,47.5432,M,0.9,3458*42
$GPGST,110648.90,0.209,2.194,0.513,298.693,1.145,1.940,1.716*55
$GPRMC,110649.00,A,4811.9095388,N,01136.4472189,E,15.0,292.1,221220,3.6,W,D*1B
$GPGGA,110649.00,4811.9095388,N,01136.4472189,E,5,08,1.3,505.1024,M,47.5432,M,1.0,3458*42
$GPGST,110649.00,0.209,1.985,0.514,298.614,1.052,1.760,1.639*59
$GPRMC,110649.10,A,4811.9096794,N,01136.4466761,E,15.0,291.6,221220,3.6,W,D*11
$GPGGA,110649.10,4811.9096794,N,01136.4466761,E,5,12,0.9,505.0186,M,47.5432,M,1.1,3458*45
$GPGST,110649.10,0.074,0.534,0.361,341.166,0.519,0.383,0.721*5E
$GPRMC,110649.20,A,4811.9098277,N,01136.4461082,E,15.2,291.4,221220,3.6,W,D*19
$GPGGA,110649.20,4811.9098277,N,01136.4461082,E,5,12,0.9,504.9519,M,47.5432,M,1.2,3458*44
$GPGST,110649.20,0.074,0.534,0.361,341.166,0.519,0.383,0.721*5D
$GPRMC,110649.30,A,4811.9099827,N,01136.4455127,E,15.3,290.8,221220,3.6,W,D*13
$GPGGA,110649.30,4811.9099827,N,01136.4455127,E,5,12,0.9,504.9289,M,47.5432,M,1.3,3458*4D
$GPGST,110649.30,0.074,0.534,0.361,341.166,0.519,0.383,0.721*5C
$GPRMC,110649.40,A,4811.9101472,N,01136.4448950,E,15.4,291.2,221220,3.6,W,D*10
$GPGGA,110649.40,4811.9101472,N,01136.4448950,E,5,12,0.9,504.9402,M,47.5432,M,1.4,3458*40
$GPGST,110649.40,0.074,0.534,0.361,341.166,0.519,0.383,0.721*5B
$GPRMC,110649.50,A,4811.9103125,N,01136.4442842,E,15.3,291.6,221220,3.6,W,D*1F
$GPGGA,110649.50,4811.9103125,N,01136.4442842,E,5,12,0.9,504.9316,M,47.5432,M,1.5,3458*4F
$GPGST,110649.50,0.074,0.534,0.361,341.166,0.519,0.383,0.721*5A
$GPRMC,110649.60,A,4811.9103956,N,01136.4435698,E,15.1,290.8,221220,3.6,W,D*14
$GPGGA,110649.60,4811.9103956,N,01136.4435698,E,4,12,0.9,505.4071,M,47.5433,M,0.6,3458*45
$GPGST,110649.60,0.205,0.009,0.006,345.355,0.009,0.006,0.014*59
$GPRMC,110649.70,A,4811.9105377,N,01136.4429780,E,15.1,289.5,221220,3.6,W,D*1A
$GPGGA,110649.70,4811.9105377,N,01136.4429780,E,4,12,0.9,505.4065,M,47.5433,M,0.7,3458*4A
$GPGST,110649.70,0.205,0.009,0.006,345.300,0.009,0.006,0.014*58
$GPRMC,110649.80,A,4811.9106777,N,01136.4423803,E,15.2,288.9,221220,3.6,W,D*12
$GPGGA,110649.80,4811.9106777,N,01136.4423803,E,4,12,0.9,505.4042,M,47.5433,M,0.8,3458*46
$GPGST,110649.80,0.205,0.009,0.006,345.328,0.009,0.006,0.014*5D
$GPRMC,110649.90,A,4811.9108197,N,01136.4417813,E,15.4,289.1,221220,3.6,W,D*1C
$GPGGA,110649.90,4811.9108197,N,01136.4417813,E,4,12,0.9,505.4132,M,47.5433,M,0.9,3458*40
$GPGST,110649.90,0.205,0.009,0.006,345.338,0.009,0.006,0.014*5D
$GPRMC,110650.00,A,4811.9109606,N,01136.4411845,E,15.3,289.4,221220,3.6,W,D*14
$GPGGA,110650.00,4811.9109606,N,01136.4411845,E,4,12,0.9,505.4207,M,47.5433,M,1.0,3458*47
$GPGST,110650.00,0.205,0.009,0.006,345.399,0.009,0.006,0.014*57
$GPRMC,110650.10,A,4811.9110962,N,01136.4405927,E,15.1,289.0,221220,3.6,W,D*16
$GPGGA,110650.10,4811.9110962,N,01136.4405927,E,4,12,0.9,505.4186,M,47.5433,M,1.1,3458*48
$GPGST,110650.10,0.155,0.009,0.006,345.210,0.009,0.006,0.014*50
$GPRMC,110650.20,A,4811.9112277,N,01136.4400016,E,14.9,288.2,221220,3.6,W,D*1C
$GPGGA,110650.20,4811.9112277,N,01136.4400016,E,4,12,0.9,505.4084,M,47.5433,M,1.2,3458*48
$GPGST,110650.20,0.155,0.009,0.006,345.090,0.009,0.006,0.014*59
$GPRMC,110650.30,A,4811.9113613,N,01136.4394146,E,14.9,288.3,221220,3.6,W,D*15
$GPGGA,110650.30,4811.9113613,N,01136.4394146,E,4,12,0.9,505.4017,M,47.5433,M,1.3,3458*4B
$GPGST,110650.30,0.155,0.009,0.006,345.367,0.009,0.006,0.014*53
$GPRMC,110650.40,A,4811.9114950,N,01136.4388357,E,14.7,288.9,221220,3.6,W,D*16
$GPGGA,110650.40,4811.9114950,N,01136.4388357,E,4,12,0.9,505.3997,M,47.5433,M,1.4,3458*4D
$GPGST,110650.40,0.155,0.009,0.006,345.789,0.009,0.006,0.014*50
$GPRMC,110650.50,A,4811.9116245,N,01136.4382691,E,14.4,289.1,221220,3.6,W,D*15
$GPGGA,110650.50,4811.9116245,N,01136.4382691,E,4,12,0.9,505.4030,M,47.5433,M,1.5,3458*46
$GPGST,110650.50,0.155,0.009,0.006,346.387,0.009,0.006,0.014*58
$GPRMC,110650.60,A,4811.9117461,N,01136.4377165,E,13.9,288.4,221220,3.6,W,D*1F
$GPGGA,110650.60,4811.9117461,N,01136.4377165,E,4,12,0.9,505.3996,M,47.5433,M,0.6,3458*42
$GPGST,110650.60,0.143,0.009,0.006,347.036,0.009,0.006,0.014*54
$GPRMC,110650.70,A,4811.9118630,N,01136.4371729,E,13.5,287.6,221220,3.6,W,D*1E
$GPGGA,110650.70,4811.9118630,N,01136.4371729,E,4,12,0.9,505.3931,M,47.5433,M,0.7,3458*4E
$GPGST,110650.70,0.143,0.009,0.006,347.085,0.009,0.006,0.014*5D
$GPRMC,110650.80,A,4811.9119765,N,01136.4366370,E,13.4,287.4,221220,3.6,W,D*1C
$GPGGA,110650.80,4811.9119765,N,01136.4366370,E,4,12,0.9,505.3934,M,47.5433,M,0.8,3458*45
$GPGST,110650.80,0.143,0.009,0.006,347.022,0.009,0.006,0.014*5F
$GPRMC,110650.90,A,4811.9120940,N,01136.4361037,E,13.4,287.8,221220,3.6,W,D*15
$GPGGA,110650.90,4811.9120940,N,01136.4361037,E,4,12,0.9,505.3894,M,47.5433,M,0.9,3458*4A
$GPGST,110650.90,0.143,0.009,0.006,346.690,0.009,0.006,0.014*50
$GPRMC,110651.00,A,4811.9122055,N,01136.4355782,E,13.3,287.6,221220,3.6,W,D*15
$GPGGA,110651.00,4811.9122055,N,01136.4355782,E,4,11,1.2,505.4008,M,47.5433,M,1.0,3458*48
$GPGST,110651.00,0.143,0.009,0.006,348.132,0.009,0.006,0.014*59
$GPRMC,110651.10,A,4811.9123160,N,01136.4350680,E,12.9,287.9,221220,3.6,W,D*10
$GPGGA,110651.10,4811.9123160,N,01136.4350680,E,4,13,1.0,505.4074,M,47.5433,M,1.1,3458*43
$GPGST,110651.10,0.095,0.009,0.006,348.347,0.009,0.006,0.014*52
$GPRMC,110651.20,A,4811.9124215,N,01136.4345620,E,12.6,287.6,221220,3.6,W,D*1B
$GPGGA,110651.20,4811.9124215,N,01136.4345620,E,4,13,1.0,505.4090,M,47.5433,M,1.2,3458*41
$GPGST,110651.20,0.095,0.009,0.006,348.382,0.009,0.006,0.014*58
$GPRMC,110651.30,A,4811.9125162,N,01136.4340590,E,12.5,285.9,221220,3.6,W,D*1B
$GPGGA,110651.30,4811.9125162,N,01136.4340590,E,4,13,1.0,505.4096,M,47.5433,M,1.3,3458*48
$GPGST,110651.30,0.095,0.009,0.006,349.183,0.009,0.006,0.014*5B
$GPRMC,110651.40,A,4811.9126054,N,01136.4335638,E,12.3,284.2,221220,3.6,W,D*14
$GPGGA,110651.40,4811.9126054,N,01136.4335638,E,4,13,1.0,505.4062,M,47.5433,M,1.4,3458*47
$GPGST,110651.40,0.095,0.009,0.006,350.484,0.009,0.006,0.014*56
$GPRMC,110651.50,A,4811.9126913,N,01136.4330758,E,12.0,284.0,221220,3.6,W,D*1C
$GPGGA,110651.50,4811.9126913,N,01136.4330758,E,4,13,1.0,505.4111,M,47.5433,M,1.5,3458*4A
$GPGST,110651.50,0.095,0.010,0.006,352.118,0.010,0.006,0.014*55
$GPRMC,110651.60,A,4811.9127684,N,01136.4326006,E,11.7,283.6,221220,3.6,W,D*11
$GPGGA,110651.60,4811.9127684,N,01136.4326006,E,4,14,0.8,505.4181,M,47.5434,M,0.6,3458*40
$GPGST,110651.60,0.236,0.010,0.006,352.322,0.010,0.006,0.014*56
$GPRMC,110651.70,A,4811.9128356,N,01136.4321429,E,11.2,281.8,221220,3.6,W,D*12
$GPGGA,110651.70,4811.9128356,N,01136.4321429,E,4,14,0.8,505.4118,M,47.5434,M,0.7,3458*4B
$GPGST,110651.70,0.236,0.010,0.006,353.488,0.010,0.006,0.014*51
$GPRMC,110651.80,A,4811.9128910,N,01136.4316939,E,10.7,279.6,221220,3.6,W,D*10
$GPGGA,110651.80,4811.9128910,N,01136.4316939,E,4,14,0.8,505.4025,M,47.5434,M,0.8,3458*44
$GPGST,110651.80,0.236,0.010,0.006,354.046,0.010,0.006,0.014*5F
$GPRMC,110651.90,A,4811.9129359,N,01136.4312437,E,10.7,277.5,221220,3.6,W,D*1D
$GPGGA,110651.90,4811.9129359,N,01136.4312437,E,4,14,0.8,505.3980,M,47.5434,M,0.9,3458*44
$GPGST,110651.90,0.236,0.010,0.006,354.544,0.010,0.006,0.014*59
$GPRMC,110652.00,A,4811.9129783,N,01136.4307961,E,10.8,276.5,221220,3.6,W,D*10
$GPGGA,110652.00,4811.9129783,N,01136.4307961,E,4,14,0.8,505.3992,M,47.5434,M,1.0,3458*4C
$GPGST,110652.00,0.236,0.009,0.006,354.949,0.009,0.006,0.013*55
$GPRMC,110652.10,A,4811.9130148,N,01136.4303530,E,10.7,276.5,221220,3.6,W,D*1B
$GPGGA,110652.10,4811.9130148,N,01136.4303530,E,4,14,0.8,505.4131,M,47.5434,M,1.1,3458*4F
$GPGST,110652.10,0.175,0.009,0.006,355.009,0.009,0.006,0.012*5D
$GPRMC,110652.20,A,4811.9130508,N,01136.4299207,E,10.5,276.5,221220,3.6,W,D*1B
$GPGGA,110652.20,4811.9130508,N,01136.4299207,E,4,14,0.8,505.4153,M,47.5434,M,1.2,3458*4A
$GPGST,110652.20,0.175,0.009,0.006,355.596,0.009,0.006,0.012*5D
$GPRMC,110652.30,A,4811.9130770,N,01136.4294990,E,10.1,275.4,221220,3.6,W,D*19
$GPGGA,110652.30,4811.9130770,N,01136.4294990,E,4,14,0.8,505.4192,M,47.5434,M,1.3,3458*42
$GPGST,110652.30,0.175,0.009,0.006,356.131,0.009,0.006,0.012*56
$GPRMC,110652.40,A,4811.9130892,N,01136.4290871,E,9.8,272.3,221220,3.6,W,D*26
$GPGGA,110652.40,4811.9130892,N,01136.4290871,E,4,14,0.8,505.4171,M,47.5434,M,1.4,3458*46
$GPGST,110652.40,0.175,0.008,0.006,356.488,0.008,0.006,0.012*56
$GPRMC,110652.50,A,4811.9130895,N,01136.4286782,E,9.7,268.7,221220,3.6,W,D*24
$GPGGA,110652.50,4811.9130895,N,01136.4286782,E,4,14,0.8,505.4184,M,47.5434,M,1.5,3458*4F
$GPGST,110652.50,0.175,0.008,0.006,356.627,0.008,0.006,0.012*50
$GPRMC,110652.60,A,4811.9130779,N,01136.4282733,E,9.7,266.2,221220,3.6,W,D*2F
$GPGGA,110652.60,4811.9130779,N,01136.4282733,E,4,14,0.8,505.4248,M,47.5434,M,0.6,3458*4E
$GPGST,110652.60,0.248,0.008,0.006,356.380,0.008,0.006,0.011*55
$GPRMC,110652.70,A,4811.9130627,N,01136.4278765,E,9.6,265.0,221220,3.6,W,D*22
$GPGGA,110652.70,4811.9130627,N,01136.4278765,E,4,14,0.8,505.4237,M,47.5434,M,0.7,3458*4A
$GPGST,110652.70,0.248,0.008,0.006,355.915,0.008,0.006,0.011*51
$GPRMC,110652.80,A,4811.9130393,N,01136.4274869,E,9.4,264.2,221220,3.6,W,D*29
$GPGGA,110652.80,4811.9130393,N,01136.4274869,E,4,14,0.8,505.4208,M,47.5434,M,0.8,3458*43
$GPGST,110652.80,0.248,0.008,0.006,355.894,0.008,0.006,0.011*56
$GPRMC,110652.90,A,4811.9130041,N,01136.4271007,E,9.3,261.8,221220,3.6,W,D*29
$GPGGA,110652.90,4811.9130041,N,01136.4271007,E,4,14,0.8,505.4230,M,47.5434,M,0.9,3458*41
$GPGST,110652.90,0.248,0.008,0.006,355.730,0.008,0.006,0.011*56
$GPRMC,110653.00,A,4811.9129577,N,01136.4267199,E,9.3,258.7,221220,3.6,W,D*2D
$GPGGA,110653.00,4811.9129577,N,01136.4267199,E,4,14,0.8,505.4306,M,47.5434,M,1.0,3458*4C
$GPGST,110653.00,0.248,0.008,0.006,355.471,0.008,0.006,0.011*58
$GPRMC,110653.10,A,4811.9129036,N,01136.4263515,E,9.1,256.2,221220,3.6,W,D*21
$GPGGA,110653.10,4811.9129036,N,01136.4263515,E,4,14,0.8,505.4316,M,47.5434,M,1.1,3458*49
$GPGST,110653.10,0.181,0.008,0.006,355.124,0.008,0.006,0.011*5A
$GPRMC,110653.20,A,4811.9128393,N,01136.4259876,E,9.0,254.0,221220,3.6,W,D*2F
$GPGGA,110653.20,4811.9128393,N,01136.4259876,E,4,14,0.8,505.4347,M,47.5434,M,1.2,3458*41
$GPGST,110653.20,0.181,0.008,0.006,355.185,0.008,0.006,0.011*52
$GPRMC,110653.30,A,4811.9127602,N,01136.4256338,E,9.0,250.6,221220,3.6,W,D*20
$GPGGA,110653.30,4811.9127602,N,01136.4256338,E,4,14,0.8,505.4333,M,47.5434,M,1.3,3458*4E
$GPGST,110653.30,0.181,0.008,0.006,355.169,0.008,0.006,0.011*51
$GPRMC,110653.40,A,4811.9126636,N,01136.4252917,E,9.0,245.8,221220,3.6,W,D*28
$GPGGA,110653.40,4811.9126636,N,01136.4252917,E,4,14,0.8,505.4347,M,47.5434,M,1.4,3458*48
$GPGST,110653.40,0.181,0.008,0.006,355.270,0.008,0.006,0.011*5D
$GPRMC,110653.50,A,4811.9125577,N,01136.4249620,E,8.9,242.0,221220,3.6,W,D*2A
$GPGGA,110653.50,4811.9125577,N,01136.4249620,E,4,14,0.8,505.4399,M,47.5434,M,1.5,3458*4F
$GPGST,110653.50,0.181,0.008,0.006,355.569,0.008,0.006,0.011*53
$GPRMC,110653.60,A,4811.9124442,N,01136.4246420,E,8.7,240.1,221220,3.6,W,D*2F
$GPGGA,110653.60,4811.9124442,N,01136.4246420,E,4,14,0.8,505.4518,M,47.5434,M,0.6,3458*4A
$GPGST,110653.60,0.359,0.008,0.006,356.013,0.008,0.006,0.011*5C
$GPRMC,110653.70,A,4811.9123245,N,01136.4243352,E,8.5,238.4,221220,3.6,W,D*27
$GPGGA,110653.70,4811.9123245,N,01136.4243352,E,4,14,0.8,505.4603,M,47.5434,M,0.7,3458*42
$GPGST,110653.70,0.359,0.008,0.006,356.093,0.008,0.006,0.011*55
$GPRMC,110653.80,A,4811.9121955,N,01136.4240450,E,8.4,235.4,221220,3.6,W,D*2A
$GPGGA,110653.80,4811.9121955,N,01136.4240450,E,4,14,0.8,505.4671,M,47.5434,M,0.8,3458*49
$GPGST,110653.80,0.359,0.008,0.006,355.835,0.008,0.006,0.011*5D
$GPRMC,110653.90,A,4811.9120557,N,01136.4237715,E,8.2,231.2,221220,3.6,W,D*22
$GPGGA,110653.90,4811.9120557,N,01136.4237715,E,4,14,0.8,505.4694,M,47.5434,M,0.9,3458*4F
$GPGST,110653.90,0.359,0.008,0.006,355.571,0.008,0.006,0.011*51
$GPRMC,110654.00,A,4811.9119041,N,01136.4235153,E,8.2,226.8,221220,3.6,W,D*2E
$GPGGA,110654.00,4811.9119041,N,01136.4235153,E,4,14,0.8,505.4695,M,47.5434,M,1.0,3458*46
$GPGST,110654.00,0.359,0.008,0.006,355.596,0.008,0.006,0.011*56
$GPRMC,110654.10,A,4811.9117416,N,01136.4232754,E,8.2,222.6,221220,3.6,W,D*2B
$GPGGA,110654.10,4811.9117416,N,01136.4232754,E,4,14,0.8,505.4726,M,47.5434,M,1.1,3458*41
$GPGST,110654.10,0.238,0.008,0.006,355.426,0.008,0.006,0.011*5B
$GPRMC,110654.20,A,4811.9115702,N,01136.4230501,E,8.2,219.1,221220,3.6,W,D*23
$GPGGA,110654.20,4811.9115702,N,01136.4230501,E,4,14,0.8,505.4789,M,47.5434,M,1.2,3458*40
$GPGST,110654.20,0.238,0.008,0.006,355.427,0.008,0.006,0.011*59
$GPRMC,110654.30,A,4811.9113922,N,01136.4228469,E,8.1,215.6,221220,3.6,W,D*26
$GPGGA,110654.30,4811.9113922,N,01136.4228469,E,4,14,0.8,505.4826,M,47.5434,M,1.3,3458*46
$GPGST,110654.30,0.238,0.008,0.006,355.546,0.008,0.006,0.011*5E
$GPRMC,110654.40,A,4811.9112019,N,01136.4226647,E,8.1,210.9,221220,3.6,W,D*2B
$GPGGA,110654.40,4811.9112019,N,01136.4226647,E,4,14,0.8,505.4883,M,47.5434,M,1.4,3458*49
$GPGST,110654.40,0.238,0.008,0.006,355.765,0.008,0.006,0.011*5A
$GPRMC,110654.50,A,4811.9110037,N,01136.4225055,E,8.2,206.1,221220,3.6,W,D*2E
$GPGGA,110654.50,4811.9110037,N,01136.4225055,E,4,14,0.8,505.4978,M,47.5434,M,1.5,3458*44
$GPGST,110654.50,0.238,0.008,0.006,355.794,0.008,0.006,0.011*55
$GPRMC,110654.60,A,4811.9108030,N,01136.4223628,E,8.1,202.7,221220,3.6,W,D*28
$GPGGA,110654.60,4811.9108030,N,01136.4223628,E,4,14,0.8,505.4994,M,47.5435,M,0.6,3458*42
$GPGST,110654.60,0.205,0.008,0.006,355.874,0.008,0.006,0.011*59
$GPRMC,110654.70,A,4811.9105978,N,01136.4222320,E,8.1,201.0,221220,3.6,W,D*29
$GPGGA,110654.70,4811.9105978,N,01136.4222320,E,4,14,0.8,505.5011,M,47.5435,M,0.7,3458*43
$GPGST,110654.70,0.205,0.008,0.006,355.506,0.008,0.006,0.012*53
$GPRMC,110654.80,A,4811.9103855,N,01136.4221242,E,8.1,197.9,221220,3.6,W,D*2D
$GPGGA,110654.80,4811.9103855,N,01136.4221242,E,4,14,0.8,505.5030,M,47.5435,M,0.8,3458*4E
$GPGST,110654.80,0.205,0.009,0.006,355.142,0.009,0.006,0.012*58
$GPRMC,110654.90,A,4811.9101681,N,01136.4220401,E,8.2,192.8,221220,3.6,W,D*2E
$GPGGA,110654.90,4811.9101681,N,01136.4220401,E,4,14,0.8,505.5022,M,47.5435,M,0.9,3458*48
$GPGST,110654.90,0.205,0.009,0.006,355.129,0.009,0.006,0.012*54
$GPRMC,110655.00,A,4811.9099493,N,01136.4219809,E,8.1,188.1,221220,3.6,W,D*28
$GPGGA,110655.00,4811.9099493,N,01136.4219809,E,4,14,0.8,505.5072,M,47.5435,M,1.0,3458*42
$GPGST,110655.00,0.205,0.009,0.006,354.960,0.009,0.006,0.012*58
$GPRMC,110655.10,A,4811.9097269,N,01136.4219464,E,8.1,183.8,221220,3.6,W,D*21
$GPGGA,110655.10,4811.9097269,N,01136.4219464,E,4,14,0.8,505.5118,M,47.5435,M,1.1,3458*45
$GPGST,110655.10,0.143,0.009,0.006,354.462,0.009,0.006,0.012*57
$GPRMC,110655.20,A,4811.9095027,N,01136.4219328,E,8.1,180.0,221220,3.6,W,D*2C
$GPGGA,110655.20,4811.9095027,N,01136.4219328,E,4,14,0.8,505.5082,M,47.5435,M,1.2,3458*42
$GPGST,110655.20,0.143,0.009,0.006,354.316,0.009,0.006,0.012*50
$GPRMC,110655.30,A,4811.9092840,N,01136.4219420,E,8.0,176.5,221220,3.6,W,D*21
$GPGGA,110655.30,4811.9092840,N,01136.4219420,E,4,14,0.8,505.5090,M,47.5435,M,1.3,3458*40
$GPGST,110655.30,0.143,0.009,0.006,354.287,0.009,0.006,0.012*58
$GPRMC,110655.40,A,4811.9090626,N,01136.4219720,E,7.9,172.7,221220,3.6,W,D*29
$GPGGA,110655.40,4811.9090626,N,01136.4219720,E,4,14,0.8,505.4950,M,47.5435,M,1.4,3458*4B
$GPGST,110655.40,0.143,0.009,0.006,354.449,0.009,0.006,0.012*5B
$GPRMC,110655.50,A,4811.9088398,N,01136.4220248,E,8.2,169.2,221220,3.6,W,D*2B
$GPGGA,110655.50,4811.9088398,N,01136.4220248,E,4,14,0.8,505.4855,M,47.5435,M,1.5,3458*47
$GPGST,110655.50,0.143,0.009,0.006,354.769,0.009,0.006,0.012*5B
$GPRMC,110655.60,A,4811.9086165,N,01136.4221051,E,8.4,165.0,221220,3.6,W,D*25
$GPGGA,110655.60,4811.9086165,N,01136.4221051,E,4,13,0.8,505.4806,M,47.5435,M,0.6,3458*42
$GPGST,110655.60,0.290,0.009,0.006,354.964,0.009,0.006,0.012*56
$GPRMC,110655.70,A,4811.9083943,N,01136.4222106,E,8.5,160.6,221220,3.6,W,D*2F
$GPGGA,110655.70,4811.9083943,N,01136.4222106,E,4,13,0.8,505.4709,M,47.5435,M,0.7,3458*4B
$GPGST,110655.70,0.290,0.009,0.006,355.010,0.009,0.006,0.012*5C
$GPRMC,110655.80,A,4811.9081751,N,01136.4223442,E,8.7,156.1,221220,3.6,W,D*2B
$GPGGA,110655.80,4811.9081751,N,01136.4223442,E,4,13,0.8,505.4686,M,47.5435,M,0.8,3458*46
$GPGST,110655.80,0.290,0.009,0.006,354.502,0.009,0.006,0.012*54
$GPRMC,110655.90,A,4811.9079595,N,01136.4225001,E,8.8,152.1,221220,3.6,W,D*29
$GPGGA,110655.90,4811.9079595,N,01136.4225001,E,4,13,0.8,505.4633,M,47.5435,M,0.9,3458*40
$GPGST,110655.90,0.290,0.009,0.006,354.142,0.009,0.006,0.012*55
$GPRMC,110656.00,A,4811.9077489,N,01136.4226797,E,8.8,148.6,221220,3.6,W,D*26
$GPGGA,110656.00,4811.9077489,N,01136.4226797,E,4,13,0.8,505.4592,M,47.5435,M,1.0,3458*43
$GPGST,110656.00,0.290,0.009,0.006,353.748,0.009,0.006,0.013*55
$GPRMC,110656.10,A,4811.9075441,N,01136.4228837,E,9.0,144.7,221220,3.6,W,D*2E
$GPGGA,110656.10,4811.9075441,N,01136.4228837,E,4,13,0.8,505.4502,M,47.5435,M,1.1,3458*47
$GPGST,110656.10,0.195,0.009,0.006,353.364,0.009,0.006,0.013*58
$GPRMC,110656.20,A,4811.9073441,N,01136.4231079,E,9.1,141.1,221220,3.6,W,D*23
$GPGGA,110656.20,4811.9073441,N,01136.4231079,E,4,13,0.8,505.4418,M,47.5435,M,1.2,3458*41
$GPGST,110656.20,0.195,0.009,0.006,352.562,0.009,0.006,0.013*5A
$GPRMC,110656.30,A,4811.9071479,N,01136.4233563,E,9.3,138.1,221220,3.6,W,D*2B
$GPGGA,110656.30,4811.9071479,N,01136.4233563,E,4,13,0.8,505.4412,M,47.5435,M,1.3,3458*4E
$GPGST,110656.30,0.195,0.009,0.006,352.257,0.009,0.006,0.013*5A
$GPRMC,110656.40,A,4811.9069611,N,01136.4236300,E,9.6,134.3,221220,3.6,W,D*24
$GPGGA,110656.40,4811.9069611,N,01136.4236300,E,4,13,0.8,505.4322,M,47.5435,M,1.4,3458*49
$GPGST,110656.40,0.195,0.009,0.006,352.435,0.009,0.006,0.013*5F
$GPRMC,110656.50,A,4811.9067806,N,01136.4239289,E,9.8,130.2,221220,3.6,W,D*27
$GPGGA,110656.50,4811.9067806,N,01136.4239289,E,4,13,0.8,505.4283,M,47.5435,M,1.5,3458*4A
$GPGST,110656.50,0.195,0.009,0.006,352.454,0.009,0.006,0.013*59
$GPRMC,110656.60,A,4811.9066085,N,01136.4242552,E,10.2,126.6,221220,3.6,W,D*1A
$GPGGA,110656.60,4811.9066085,N,01136.4242552,E,4,13,0.8,505.4201,M,47.5434,M,0.6,3458*4F
$GPGST,110656.60,0.259,0.009,0.006,353.052,0.009,0.006,0.013*5A
$GPRMC,110656.70,A,4811.9064441,N,01136.4246011,E,10.4,123.5,221220,3.6,W,D*13
$GPGGA,110656.70,4811.9064441,N,01136.4246011,E,4,13,0.8,505.4144,M,47.5434,M,0.7,3458*45
$GPGST,110656.70,0.259,0.009,0.006,352.982,0.009,0.006,0.013*5E
$GPRMC,110656.80,A,4811.9062804,N,01136.4249627,E,10.7,122.1,221220,3.6,W,D*1D
$GPGGA,110656.80,4811.9062804,N,01136.4249627,E,4,13,0.8,505.4116,M,47.5434,M,0.8,3458*45
$GPGST,110656.80,0.259,0.009,0.006,352.893,0.009,0.006,0.013*50
$GPRMC,110656.90,A,4811.9061189,N,01136.4253446,E,11.0,121.5,221220,3.6,W,D*1C
$GPGGA,110656.90,4811.9061189,N,01136.4253446,E,4,13,0.8,505.4162,M,47.5434,M,0.9,3458*47
$GPGST,110656.90,0.259,0.009,0.006,352.941,0.009,0.006,0.013*5F
$GPRMC,110657.00,A,4811.9059619,N,01136.4257441,E,11.4,119.8,221220,3.6,W,D*10
$GPGGA,110657.00,4811.9059619,N,01136.4257441,E,4,13,0.8,505.4138,M,47.5434,M,1.0,3458*4E
$GPGST,110657.00,0.259,0.009,0.006,352.738,0.009,0.006,0.013*57
$GPRMC,110657.10,A,4811.9058142,N,01136.4261641,E,11.6,117.1,221220,3.6,W,D*1B
$GPGGA,110657.10,4811.9058142,N,01136.4261641,E,4,14,0.8,505.4122,M,47.5434,M,1.1,3458*4D
$GPGST,110657.10,0.168,0.009,0.006,351.621,0.009,0.006,0.013*5D
$GPRMC,110657.20,A,4811.9056742,N,01136.4266002,E,11.9,114.6,221220,3.6,W,D*1D
$GPGGA,110657.20,4811.9056742,N,01136.4266002,E,4,14,0.8,505.4074,M,47.5434,M,1.2,3458*41
$GPGST,110657.20,0.168,0.009,0.006,351.513,0.009,0.006,0.012*5D
$GPRMC,110657.30,A,4811.9055311,N,01136.4270546,E,12.2,113.8,221220,3.6,W,D*1E
$GPGGA,110657.30,4811.9055311,N,01136.4270546,E,4,14,0.8,505.4047,M,47.5434,M,1.3,3458*42
$GPGST,110657.30,0.168,0.009,0.006,351.589,0.009,0.006,0.012*5F
$GPRMC,110657.40,A,4811.9053905,N,01136.4275235,E,12.6,113.7,221220,3.6,W,D*1D
$GPGGA,110657.40,4811.9053905,N,01136.4275235,E,4,14,0.8,505.3967,M,47.5434,M,1.4,3458*41
$GPGST,110657.40,0.168,0.009,0.006,351.923,0.009,0.006,0.013*55
$GPRMC,110657.50,A,4811.9052464,N,01136.4280032,E,12.8,113.6,221220,3.6,W,D*17
$GPGGA,110657.50,4811.9052464,N,01136.4280032,E,4,14,0.8,505.4017,M,47.5434,M,1.5,3458*4C
$GPGST,110657.50,0.168,0.009,0.006,352.191,0.009,0.006,0.013*56
$GPRMC,110657.60,A,4811.9051041,N,01136.4284969,E,13.1,113.4,221220,3.6,W,D*1D
$GPGGA,110657.60,4811.9051041,N,01136.4284969,E,4,14,0.8,505.4096,M,47.5434,M,0.6,3458*47
$GPGST,110657.60,0.249,0.009,0.006,352.578,0.009,0.006,0.013*56
$GPRMC,110657.70,A,4811.9049583,N,01136.4290045,E,13.4,112.9,221220,3.6,W,D*15
$GPGGA,110657.70,4811.9049583,N,01136.4290045,E,4,14,0.8,505.4054,M,47.5434,M,0.7,3458*49
$GPGST,110657.70,0.249,0.009,0.006,352.773,0.009,0.006,0.013*5E
$GPRMC,110657.80,A,4811.9048153,N,01136.4295241,E,13.7,112.3,221220,3.6,W,D*18
$GPGGA,110657.80,4811.9048153,N,01136.4295241,E,4,14,0.8,505.4135,M,47.5434,M,0.8,3458*44
$GPGST,110657.80,0.249,0.009,0.006,352.517,0.009,0.006,0.012*50
$GPRMC,110657.90,A,4811.9046665,N,01136.4300528,E,13.9,112.3,221220,3.6,W,D*1E
$GPGGA,110657.90,4811.9046665,N,01136.4300528,E,4,14,0.8,505.4118,M,47.5434,M,0.9,3458*42
$GPGST,110657.90,0.249,0.009,0.006,352.007,0.009,0.006,0.012*55
$GPRMC,110658.00,A,4811.9045184,N,01136.4305935,E,14.2,112.4,221220,3.6,W,D*1D
$GPGGA,110658.00,4811.9045184,N,01136.4305935,E,4,14,0.8,505.4200,M,47.5434,M,1.0,3458*48
$GPGST,110658.00,0.249,0.009,0.006,351.302,0.009,0.006,0.012*56
$GPRMC,110658.10,A,4811.9043709,N,01136.4311387,E,14.3,111.9,221220,3.6,W,D*10
$GPGGA,110658.10,4811.9043709,N,01136.4311387,E,4,14,0.8,505.4139,M,47.5434,M,1.1,3458*42
$GPGST,110658.10,0.172,0.009,0.006,350.188,0.008,0.006,0.012*5C
$GPRMC,110658.20,A,4811.9042199,N,01136.4316978,E,14.5,111.7,221220,3.6,W,D*18
$GPGGA,110658.20,4811.9042199,N,01136.4316978,E,4,14,0.8,505.4169,M,47.5434,M,1.2,3458*44
$GPGST,110658.20,0.172,0.009,0.006,349.693,0.008,0.006,0.012*5A
$GPRMC,110658.30,A,4811.9040693,N,01136.4322629,E,14.8,111.7,221220,3.6,W,D*17
$GPGGA,110658.30,4811.9040693,N,01136.4322629,E,4,14,0.8,505.4114,M,47.5434,M,1.3,3458*4D
$GPGST,110658.30,0.172,0.009,0.006,349.714,0.009,0.006,0.012*54
$GPRMC,110658.40,A,4811.9039216,N,01136.4328388,E,15.0,111.0,221220,3.6,W,D*1D
$GPGGA,110658.40,4811.9039216,N,01136.4328388,E,4,14,0.8,505.4080,M,47.5434,M,1.4,3458*42
$GPGST,110658.40,0.172,0.009,0.006,349.664,0.009,0.006,0.012*55
$GPRMC,110658.50,A,4811.9037707,N,01136.4334221,E,15.1,110.7,221220,3.6,W,D*1F
$GPGGA,110658.50,4811.9037707,N,01136.4334221,E,4,14,0.8,505.4141,M,47.5434,M,1.5,3458*4A
$GPGST,110658.50,0.172,0.009,0.006,349.732,0.009,0.006,0.012*56
$GPRMC,110658.60,A,4811.9036183,N,01136.4340048,E,15.2,111.2,221220,3.6,W,D*1E
$GPGGA,110658.60,4811.9036183,N,01136.4340048,E,4,14,0.8,505.4023,M,47.5434,M,0.6,3458*4B
$GPGST,110658.60,0.275,0.009,0.006,349.981,0.009,0.006,0.012*57
$GPRMC,110658.70,A,4811.9034666,N,01136.4345868,E,15.1,111.4,221220,3.6,W,D*1B
$GPGGA,110658.70,4811.9034666,N,01136.4345868,E,4,14,0.8,505.4013,M,47.5434,M,0.7,3458*49
$GPGST,110658.70,0.275,0.009,0.006,349.896,0.009,0.006,0.012*51
$GPRMC,110658.80,A,4811.9033196,N,01136.4351760,E,15.1,110.7,221220,3.6,W,D*1B
$GPGGA,110658.80,4811.9033196,N,01136.4351760,E,4,14,0.8,505.3979,M,47.5434,M,0.8,3458*46
$GPGST,110658.80,0.275,0.009,0.006,350.060,0.009,0.006,0.012*57
$GPRMC,110658.90,A,4811.9031736,N,01136.4357688,E,15.2,109.9,221220,3.6,W,D*10
$GPGGA,110658.90,4811.9031736,N,01136.4357688,E,4,14,0.8,505.3903,M,47.5434,M,0.9,3458*44
$GPGST,110658.90,0.275,0.009,0.006,350.104,0.009,0.006,0.012*55
$GPRMC,110659.00,A,4811.9030191,N,01136.4363718,E,15.5,110.4,221220,3.6,W,D*1F
$GPGGA,110659.00,4811.9030191,N,01136.4363718,E,4,14,0.8,505.3893,M,47.5434,M,1.0,3458*49
$GPGST,110659.00,0.275,0.009,0.006,350.038,0.009,0.006,0.012*53
$GPRMC,110659.10,A,4811.9028686,N,01136.4369787,E,15.8,110.8,221220,3.6,W,D*1B
$GPGGA,110659.10,4811.9028686,N,01136.4369787,E,4,15,0.7,505.3935,M,47.5433,M,1.1,3458*49
$GPGST,110659.10,0.208,0.009,0.006,350.432,0.009,0.006,0.012*56
$GPRMC,110659.20,A,4811.9027127,N,01136.4375861,E,15.8,110.8,221220,3.6,W,D*11
$GPGGA,110659.20,4811.9027127,N,01136.4375861,E,4,15,0.7,505.3938,M,47.5433,M,1.2,3458*4D
$GPGST,110659.20,0.208,0.009,0.006,350.892,0.009,0.006,0.012*53
$GPRMC,110659.30,A,4811.9025615,N,01136.4381905,E,15.6,110.8,221220,3.6,W,D*12
$GPGGA,110659.30,4811.9025615,N,01136.4381905,E,4,15,0.7,505.3932,M,47.5433,M,1.3,3458*4B
$GPGST,110659.30,0.208,0.009,0.006,350.952,0.009,0.006,0.012*5F
$GPRMC,110659.40,A,4811.9024109,N,01136.4387960,E,15.5,110.3,221220,3.6,W,D*13
$GPGGA,110659.40,4811.9024109,N,01136.4387960,E,4,15,0.7,505.3848,M,47.5433,M,1.4,3458*49
$GPGST,110659.40,0.208,0.009,0.006,350.759,0.009,0.006,0.012*5D
$GPRMC,110659.50,A,4811.9022598,N,01136.4394019,E,15.6,110.3,221220,3.6,W,D*1E
$GPGGA,110659.50,4811.9022598,N,01136.4394019,E,4,15,0.7,505.3779,M,47.5433,M,1.5,3458*4B
$GPGST,110659.50,0.208,0.008,0.006,350.685,0.008,0.006,0.012*5C
$GPRMC,110659.60,A,4811.9021057,N,01136.4400111,E,15.7,110.7,221220,3.6,W,D*1E
$GPGGA,110659.60,4811.9021057,N,01136.4400111,E,4,15,0.7,505.3849,M,47.5433,M,0.6,3458*40
$GPGST,110659.60,0.222,0.008,0.005,350.738,0.008,0.005,0.011*53
$GPRMC,110659.70,A,4811.9019497,N,01136.4406181,E,15.7,111.1,221220,3.6,W,D*14
$GPGGA,110659.70,4811.9019497,N,01136.4406181,E,4,15,0.7,505.3993,M,47.5433,M,0.7,3458*4A
$GPGST,110659.70,0.222,0.008,0.005,351.017,0.008,0.005,0.011*59
$GPRMC,110659.80,A,4811.9018006,N,01136.4412241,E,15.6,110.6,221220,3.6,W,D*1B
$GPGGA,110659.80,4811.9018006,N,01136.4412241,E,4,15,0.7,505.4061,M,47.5433,M,0.8,3458*4E
$GPGST,110659.80,0.222,0.008,0.005,351.268,0.008,0.005,0.011*5C
$GPRMC,110659.90,A,4811.9016531,N,01136.4418296,E,15.5,109.8,221220,3.6,W,D*10
$GPGGA,110659.90,4811.9016531,N,01136.4418296,E,4,15,0.7,505.4050,M,47.5433,M,0.9,3458*43
$GPGST,110659.90,0.222,0.008,0.005,351.492,0.008,0.005,0.011*5E
$GPRMC,110700.00,A,4811.9015025,N,01136.4424370,E,15.5,109.9,221220,3.6,W,D*10
$GPGGA,110700.00,4811.9015025,N,01136.4424370,E,4,14,0.9,505.4085,M,47.5433,M,1.0,3458*4D
$GPGST,110700.00,0.222,0.008,0.005,351.754,0.008,0.005,0.011*53
$GPRMC,110700.10,A,4811.9013514,N,01136.4430429,E,15.6,110.5,221220,3.6,W,D*19
$GPGGA,110700.10,4811.9013514,N,01136.4430429,E,4,13,0.9,505.4105,M,47.5433,M,1.1,3458*4C
$GPGST,110700.10,0.147,0.008,0.005,351.625,0.008,0.005,0.010*54
$GPRMC,110700.20,A,4811.9012069,N,01136.4436449,E,15.4,109.9,221220,3.6,W,D*12
$GPGGA,110700.20,4811.9012069,N,01136.4436449,E,4,13,0.9,505.4065,M,47.5433,M,1.2,3458*45
$GPGST,110700.20,0.147,0.008,0.005,351.073,0.008,0.005,0.010*52
$GPRMC,110700.30,A,4811.9010637,N,01136.4442380,E,15.1,109.5,221220,3.6,W,D*14
$GPGGA,110700.30,4811.9010637,N,01136.4442380,E,4,13,0.9,505.3978,M,47.5433,M,1.3,3458*49
$GPGST,110700.30,0.147,0.008,0.005,350.832,0.008,0.005,0.011*5E
$GPRMC,110700.40,A,4811.9009174,N,01136.4448220,E,14.9,110.1,221220,3.6,W,D*1F
$GPGGA,110700.40,4811.9009174,N,01136.4448220,E,4,13,0.9,505.3931,M,47.5433,M,1.4,3458*4D
$GPGST,110700.40,0.147,0.008,0.005,350.294,0.008,0.005,0.011*5F
$GPRMC,110700.50,A,4811.9007735,N,01136.4453999,E,14.7,110.7,221220,3.6,W,D*18
$GPGGA,110700.50,4811.9007735,N,01136.4453999,E,4,13,0.9,505.3905,M,47.5433,M,1.5,3458*44
$GPGST,110700.50,0.147,0.008,0.005,349.616,0.008,0.005,0.011*58
$GPRMC,110700.60,A,4811.9006386,N,01136.4459739,E,14.6,109.9,221220,3.6,W,D*1F
$GPGGA,110700.60,4811.9006386,N,01136.4459739,E,4,15,0.7,505.3895,M,47.5432,M,0.6,3458*47
$GPGST,110700.60,0.138,0.008,0.005,348.907,0.008,0.005,0.011*5D
$GPRMC,110700.70,A,4811.9005054,N,01136.4465373,E,14.4,109.2,221220,3.6,W,D*1D
$GPGGA,110700.70,4811.9005054,N,01136.4465373,E,4,15,0.7,505.3879,M,47.5432,M,0.7,3458*4F
$GPGST,110700.70,0.138,0.009,0.005,348.687,0.008,0.005,0.011*5A
$GPRMC,110700.80,A,4811.9003738,N,01136.4470882,E,14.0,109.5,221220,3.6,W,D*1B
$GPGGA,110700.80,4811.9003738,N,01136.4470882,E,4,15,0.7,505.3895,M,47.5432,M,0.8,3458*47
$GPGST,110700.80,0.138,0.009,0.005,348.737,0.009,0.005,0.011*5E
$GPRMC,110700.90,A,4811.9002439,N,01136.4476308,E,13.7,109.8,221220,3.6,W,D*1B
$GPGGA,110700.90,4811.9002439,N,01136.4476308,E,4,15,0.7,505.3971,M,47.5432,M,0.9,3458*40
$GPGST,110700.90,0.138,0.009,0.005,348.942,0.008,0.005,0.011*52
$GPRMC,110701.00,A,4811.9001194,N,01136.4481716,E,13.6,109.3,221220,3.6,W,D*1B
$GPGGA,110701.00,4811.9001194,N,01136.4481716,E,4,15,0.7,505.3991,M,47.5432,M,1.0,3458*4C
$GPGST,110701.00,0.138,0.008,0.005,349.253,0.008,0.005,0.011*51
$GPRMC,110701.10,A,4811.9000002,N,01136.4487046,E,13.5,108.3,221220,3.6,W,D*13
$GPGGA,110701.10,4811.9000002,N,01136.4487046,E,4,14,0.8,505.3976,M,47.5432,M,1.1,3458*40
$GPGST,110701.10,0.080,0.008,0.005,349.721,0.008,0.005,0.011*52
$GPRMC,110701.20,A,4811.8998881,N,01136.4492223,E,13.1,107.5,221220,3.6,W,D*12
$GPGGA,110701.20,4811.8998881,N,01136.4492223,E,4,14,0.8,505.4012,M,47.5432,M,1.2,3458*43
$GPGST,110701.20,0.080,0.008,0.005,349.753,0.008,0.005,0.011*54
$GPRMC,110701.30,A,4811.8997843,N,01136.4497199,E,12.4,106.9,221220,3.6,W,D*1C
$GPGGA,110701.30,4811.8997843,N,01136.4497199,E,4,14,0.8,505.4058,M,47.5432,M,1.3,3458*4B
$GPGST,110701.30,0.080,0.008,0.005,349.956,0.008,0.005,0.010*5F
$GPRMC,110701.40,A,4811.8996899,N,01136.4501957,E,11.7,106.2,221220,3.6,W,D*12
$GPGGA,110701.40,4811.8996899,N,01136.4501957,E,4,14,0.8,505.3866,M,47.5432,M,1.4,3458*4B
$GPGST,110701.40,0.080,0.008,0.005,350.256,0.008,0.005,0.010*5B
$GPRMC,110701.50,A,4811.8996020,N,01136.4506599,E,11.3,105.3,221220,3.6,W,D*16
$GPGGA,110701.50,4811.8996020,N,01136.4506599,E,4,14,0.8,505.3826,M,47.5432,M,1.5,3458*4C
$GPGST,110701.50,0.080,0.008,0.005,350.403,0.008,0.005,0.010*5C
$GPRMC,110701.60,A,4811.8995169,N,01136.4511175,E,11.1,104.8,221220,3.6,W,D*12
$GPGGA,110701.60,4811.8995169,N,01136.4511175,E,4,14,0.8,505.3923,M,47.5432,M,0.6,3458*46
$GPGST,110701.60,0.154,0.008,0.005,350.553,0.008,0.005,0.010*53
$GPRMC,110701.70,A,4811.8994388,N,01136.4515663,E,11.0,104.2,221220,3.6,W,D*10
$GPGGA,110701.70,4811.8994388,N,01136.4515663,E,4,14,0.8,505.4036,M,47.5432,M,0.7,3458*44
$GPGST,110701.70,0.154,0.008,0.005,351.004,0.008,0.005,0.010*54
$GPRMC,110701.80,A,4811.8993724,N,01136.4520041,E,10.7,102.5,221220,3.6,W,D*1D
$GPGGA,110701.80,4811.8993724,N,01136.4520041,E,4,14,0.8,505.4020,M,47.5432,M,0.8,3458*46
$GPGST,110701.80,0.154,0.008,0.005,351.051,0.008,0.005,0.010*5B
$GPRMC,110701.90,A,4811.8993150,N,01136.4524328,E,10.4,100.3,221220,3.6,W,D*16
$GPGGA,110701.90,4811.8993150,N,01136.4524328,E,4,14,0.8,505.3979,M,47.5432,M,0.9,3458*49
$GPGST,110701.90,0.154,0.008,0.005,350.854,0.008,0.005,0.010*56
$GPRMC,110702.00,A,4811.8992648,N,01136.4528581,E,10.2,98.9,221220,3.6,W,D*26
$GPGGA,110702.00,4811.8992648,N,01136.4528581,E,4,14,0.8,505.4060,M,47.5432,M,1.0,3458*4B
$GPGST,110702.00,0.154,0.008,0.005,350.577,0.008,0.005,0.010*50
$GPRMC,110702.10,A,4811.8992235,N,01136.4532738,E,10.1,97.8,221220,3.6,W,D*2F
$GPGGA,110702.10,4811.8992235,N,01136.4532738,E,4,14,0.8,505.4090,M,47.5432,M,1.1,3458*41
$GPGST,110702.10,0.108,0.008,0.005,350.129,0.007,0.005,0.010*58
$GPRMC,110702.20,A,4811.8991906,N,01136.4536800,E,9.8,96.3,221220,3.6,W,D*1F
$GPGGA,110702.20,4811.8991906,N,01136.4536800,E,4,14,0.8,505.4112,M,47.5432,M,1.2,3458*42
$GPGST,110702.20,0.108,0.008,0.005,349.966,0.007,0.005,0.010*50
$GPRMC,110702.30,A,4811.8991625,N,01136.4540741,E,9.4,95.1,221220,3.6,W,D*16
$GPGGA,110702.30,4811.8991625,N,01136.4540741,E,4,14,0.8,505.4109,M,47.5432,M,1.3,3458*4D
$GPGST,110702.30,0.108,0.008,0.005,350.034,0.007,0.005,0.010*57
$GPRMC,110702.40,A,4811.8991446,N,01136.4544557,E,9.1,93.7,221220,3.6,W,D*12
$GPGGA,110702.40,4811.8991446,N,01136.4544557,E,4,14,0.8,505.4145,M,47.5432,M,1.4,3458*43
$GPGST,110702.40,0.108,0.008,0.005,350.319,0.008,0.005,0.010*53
$GPRMC,110702.50,A,4811.8991373,N,01136.4548256,E,8.8,91.0,221220,3.6,W,D*15
$GPGGA,110702.50,4811.8991373,N,01136.4548256,E,4,14,0.8,505.4216,M,47.5432,M,1.5,3458*4D
$GPGST,110702.50,0.108,0.008,0.005,350.498,0.008,0.005,0.010*5C
$GPRMC,110702.60,A,4811.8991429,N,01136.4551849,E,8.5,87.5,221220,3.6,W,D*1D
$GPGGA,110702.60,4811.8991429,N,01136.4551849,E,4,14,0.8,505.4275,M,47.5432,M,0.6,3458*4D
$GPGST,110702.60,0.181,0.008,0.005,350.715,0.008,0.005,0.010*58
$GPRMC,110702.70,A,4811.8991563,N,01136.4555374,E,8.4,84.7,221220,3.6,W,D*12
$GPGGA,110702.70,4811.8991563,N,01136.4555374,E,4,14,0.8,505.4267,M,47.5432,M,0.7,3458*40
$GPGST,110702.70,0.181,0.008,0.005,350.769,0.008,0.005,0.010*52
$GPRMC,110702.80,A,4811.8991780,N,01136.4558828,E,8.3,83.1,221220,3.6,W,D*1B
$GPGGA,110702.80,4811.8991780,N,01136.4558828,E,4,14,0.8,505.4276,M,47.5432,M,0.8,3458*40
$GPGST,110702.80,0.181,0.008,0.005,350.564,0.008,0.005,0.010*52
$GPRMC,110702.90,A,4811.8992114,N,01136.4562269,E,8.3,80.8,221220,3.6,W,D*1E
$GPGGA,110702.90,4811.8992114,N,01136.4562269,E,4,14,0.8,505.4287,M,47.5432,M,0.9,3458*40
$GPGST,110702.90,0.181,0.008,0.005,350.339,0.008,0.005,0.010*5D
$GPRMC,110703.00,A,4811.8992554,N,01136.4565678,E,8.4,77.7,221220,3.6,W,D*15
$GPGGA,110703.00,4811.8992554,N,01136.4565678,E,4,14,0.8,505.4353,M,47.5432,M,1.0,3458*4B
$GPGST,110703.00,0.181,0.008,0.005,350.268,0.008,0.005,0.010*50
$GPRMC,110703.10,A,4811.8993129,N,01136.4569027,E,8.4,74.4,221220,3.6,W,D*1B
$GPGGA,110703.10,4811.8993129,N,01136.4569027,E,4,14,0.8,505.4396,M,47.5431,M,1.1,3458*4E
$GPGST,110703.10,0.111,0.008,0.005,349.918,0.007,0.005,0.010*53
$GPRMC,110703.20,A,4811.8993815,N,01136.4572256,E,8.2,70.9,221220,3.6,W,D*1F
$GPGGA,110703.20,4811.8993815,N,01136.4572256,E,4,14,0.8,505.4453,M,47.5431,M,1.2,3458*48
$GPGST,110703.20,0.111,0.008,0.005,349.964,0.007,0.005,0.010*5B
$GPRMC,110703.30,A,4811.8994576,N,01136.4575418,E,8.1,68.3,221220,3.6,W,D*1A
$GPGGA,110703.30,4811.8994576,N,01136.4575418,E,4,14,0.8,505.4474,M,47.5431,M,1.3,3458*49
$GPGST,110703.30,0.111,0.008,0.005,350.218,0.008,0.005,0.010*5D
$GPRMC,110703.40,A,4811.8995420,N,01136.4578484,E,8.0,66.3,221220,3.6,W,D*19
$GPGGA,110703.40,4811.8995420,N,01136.4578484,E,4,14,0.8,505.4483,M,47.5431,M,1.4,3458*4A
$GPGST,110703.40,0.111,0.008,0.005,350.198,0.008,0.005,0.010*51
$GPRMC,110703.50,A,4811.8996405,N,01136.4581457,E,7.9,62.7,221220,3.6,W,D*12
$GPGGA,110703.50,4811.8996405,N,01136.4581457,E,4,14,0.8,505.4513,M,47.5431,M,1.5,3458*4E
$GPGST,110703.50,0.111,0.008,0.005,350.280,0.008,0.005,0.010*5A
$GPRMC,110703.60,A,4811.8997528,N,01136.4584322,E,8.0,58.1,221220,3.6,W,D*17
$GPGGA,110703.60,4811.8997528,N,01136.4584322,E,4,14,0.8,505.4533,M,47.5431,M,0.6,3458*42
$GPGST,110703.60,0.236,0.008,0.005,350.600,0.008,0.005,0.010*53
$GPRMC,110703.70,A,4811.8998760,N,01136.4587069,E,8.0,54.1,221220,3.6,W,D*14
$GPGGA,110703.70,4811.8998760,N,01136.4587069,E,4,14,0.8,505.4565,M,47.5431,M,0.7,3458*4F
$GPGST,110703.70,0.236,0.008,0.005,350.758,0.008,0.005,0.010*5E
$GPRMC,110703.80,A,4811.9000080,N,01136.4589709,E,8.0,51.1,221220,3.6,W,D*11
$GPGGA,110703.80,4811.9000080,N,01136.4589709,E,4,14,0.8,505.4564,M,47.5431,M,0.8,3458*41
$GPGST,110703.80,0.236,0.008,0.005,350.794,0.008,0.005,0.010*51
$GPRMC,110703.90,A,4811.9001488,N,01136.4592261,E,8.0,48.8,221220,3.6,W,D*1D
$GPGGA,110703.90,4811.9001488,N,01136.4592261,E,4,14,0.8,505.4595,M,47.5431,M,0.9,3458*43
$GPGST,110703.90,0.236,0.008,0.005,350.560,0.008,0.005,0.010*59
$GPRMC,110704.00,A,4811.9002977,N,01136.4594698,E,8.0,46.3,221220,3.6,W,D*1C
$GPGGA,110704.00,4811.9002977,N,01136.4594698,E,4,14,0.8,505.4623,M,47.5431,M,1.0,3458*41
$GPGST,110704.00,0.236,0.008,0.005,350.220,0.008,0.005,0.010*54
$GPRMC,110704.10,A,4811.9004597,N,01136.4596999,E,8.0,42.5,221220,3.6,W,D*17
$GPGGA,110704.10,4811.9004597,N,01136.4596999,E,4,14,0.8,505.4685,M,47.5431,M,1.1,3458*45
$GPGST,110704.10,0.160,0.008,0.005,350.143,0.007,0.005,0.010*5C
$GPRMC,110704.20,A,4811.9006314,N,01136.4599163,E,8.2,38.4,221220,3.6,W,D*17
$GPGGA,110704.20,4811.9006314,N,01136.4599163,E,4,14,0.8,505.4751,M,47.5431,M,1.2,3458*40
$GPGST,110704.20,0.160,0.008,0.005,350.334,0.007,0.005,0.010*5D
$GPRMC,110704.30,A,4811.9008102,N,01136.4601181,E,8.2,35.1,221220,3.6,W,D*1B
$GPGGA,110704.30,4811.9008102,N,01136.4601181,E,4,14,0.8,505.4757,M,47.5431,M,1.3,3458*43
$GPGST,110704.30,0.160,0.008,0.005,350.383,0.007,0.005,0.010*50
$GPRMC,110704.40,A,4811.9009955,N,01136.4603075,E,8.1,32.6,221220,3.6,W,D*1C
$GPGGA,110704.40,4811.9009955,N,01136.4603075,E,4,14,0.8,505.4781,M,47.5431,M,1.4,3458*4B
$GPGST,110704.40,0.160,0.008,0.005,350.359,0.007,0.005,0.010*50
$GPRMC,110704.50,A,4811.9011908,N,01136.4604855,E,8.2,30.0,221220,3.6,W,D*16
$GPGGA,110704.50,4811.9011908,N,01136.4604855,E,4,14,0.8,505.4807,M,47.5431,M,1.5,3458*46
$GPGST,110704.50,0.160,0.008,0.005,350.582,0.008,0.005,0.010*5E
$GPRMC,110704.60,A,4811.9013950,N,01136.4606448,E,8.4,26.5,221220,3.6,W,D*1C
$GPGGA,110704.60,4811.9013950,N,01136.4606448,E,4,14,0.8,505.4839,M,47.5431,M,0.6,3458*47
$GPGST,110704.60,0.162,0.008,0.005,350.775,0.008,0.005,0.010*55
$GPRMC,110704.70,A,4811.9016076,N,01136.4607882,E,8.5,22.5,221220,3.6,W,D*1B
$GPGGA,110704.70,4811.9016076,N,01136.4607882,E,4,14,0.8,505.4806,M,47.5431,M,0.7,3458*48
$GPGST,110704.70,0.162,0.008,0.005,350.642,0.008,0.005,0.010*51
$GPRMC,110704.80,A,4811.9018246,N,01136.4609126,E,8.5,19.2,221220,3.6,W,D*1D
$GPGGA,110704.80,4811.9018246,N,01136.4609126,E,4,14,0.8,505.4798,M,47.5431,M,0.8,3458*46
$GPGST,110704.80,0.162,0.008,0.005,350.557,0.008,0.005,0.010*59
$GPRMC,110704.90,A,4811.9020455,N,01136.4610214,E,8.5,16.3,221220,3.6,W,D*17
$GPGGA,110704.90,4811.9020455,N,01136.4610214,E,4,14,0.8,505.4789,M,47.5431,M,0.9,3458*43
$GPGST,110704.90,0.162,0.008,0.005,350.470,0.008,0.005,0.010*5C
$GPRMC,110705.00,A,4811.9022688,N,01136.4611084,E,8.4,13.2,221220,3.6,W,D*10
$GPGGA,110705.00,4811.9022688,N,01136.4611084,E,4,14,0.8,505.4838,M,47.5431,M,1.0,3458*4C
$GPGST,110705.00,0.162,0.008,0.005,350.273,0.008,0.005,0.010*51
$GPRMC,110705.10,A,4811.9024980,N,01136.4611726,E,8.4,9.1,221220,3.6,W,D*27
$GPGGA,110705.10,4811.9024980,N,01136.4611726,E,4,14,0.8,505.4934,M,47.5431,M,1.1,3458*4F
$GPGST,110705.10,0.107,0.008,0.005,350.014,0.007,0.005,0.010*5F
$GPRMC,110705.20,A,4811.9027313,N,01136.4612125,E,8.5,4.8,221220,3.6,W,D*24
$GPGGA,110705.20,4811.9027313,N,01136.4612125,E,4,14,0.8,505.4927,M,47.5431,M,1.2,3458*48
$GPGST,110705.20,0.107,0.008,0.005,350.038,0.007,0.005,0.010*52
$GPRMC,110705.30,A,4811.9029632,N,01136.4612293,E,8.5,0.8,221220,3.6,W,D*27
$GPGGA,110705.30,4811.9029632,N,01136.4612293,E,4,14,0.8,505.4837,M,47.5431,M,1.3,3458*4E
$GPGST,110705.30,0.107,0.008,0.005,350.220,0.007,0.005,0.010*58
$GPRMC,110705.40,A,4811.9031974,N,01136.4612196,E,8.4,356.7,221220,3.6,W,D*2C
$GPGGA,110705.40,4811.9031974,N,01136.4612196,E,4,14,0.8,505.4787,M,47.5431,M,1.4,3458*48
$GPGST,110705.40,0.107,0.008,0.005,350.345,0.008,0.005,0.010*52
$GPRMC,110705.50,A,4811.9034335,N,01136.4611839,E,8.6,352.3,221220,3.6,W,D*2A
$GPGGA,110705.50,4811.9034335,N,01136.4611839,E,4,14,0.8,505.4690,M,47.5431,M,1.5,3458*4A
$GPGST,110705.50,0.107,0.008,0.005,350.463,0.008,0.005,0.010*50
$GPRMC,110705.60,A,4811.9036697,N,01136.4611236,E,8.7,348.4,221220,3.6,W,D*2E
$GPGGA,110705.60,4811.9036697,N,01136.4611236,E,4,14,0.8,505.4713,M,47.5431,M,0.6,3458*4B
$GPGST,110705.60,0.187,0.008,0.005,350.762,0.008,0.005,0.010*59
$GPRMC,110705.70,A,4811.9039038,N,01136.4610429,E,8.8,345.0,221220,3.6,W,D*2C
$GPGGA,110705.70,4811.9039038,N,01136.4610429,E,4,14,0.8,505.4649,M,47.5431,M,0.7,3458*40
$GPGST,110705.70,0.187,0.008,0.005,350.717,0.008,0.005,0.010*5A
$GPRMC,110705.80,A,4811.9041352,N,01136.4609414,E,8.8,342.0,221220,3.6,W,D*22
$GPGGA,110705.80,4811.9041352,N,01136.4609414,E,4,14,0.8,505.4647,M,47.5431,M,0.8,3458*48
$GPGST,110705.80,0.187,0.008,0.005,350.537,0.008,0.005,0.010*55
$GPRMC,110705.90,A,4811.9043645,N,01136.4608166,E,8.8,338.5,221220,3.6,W,D*2B
$GPGGA,110705.90,4811.9043645,N,01136.4608166,E,4,14,0.8,505.4625,M,47.5431,M,0.9,3458*4C
$GPGST,110705.90,0.187,0.008,0.005,350.446,0.008,0.005,0.010*53
$GPRMC,110706.00,A,4811.9045870,N,01136.4606634,E,8.9,334.0,221220,3.6,W,D*29
$GPGGA,110706.00,4811.9045870,N,01136.4606634,E,4,14,0.8,505.4592,M,47.5431,M,1.0,3458*41
$GPGST,110706.00,0.187,0.008,0.005,350.263,0.008,0.005,0.010*58
$GPRMC,110706.10,A,4811.9048049,N,01136.4604814,E,9.1,328.8,221220,3.6,W,D*25
$GPGGA,110706.10,4811.9048049,N,01136.4604814,E,4,15,0.8,505.4568,M,47.5431,M,1.1,3458*44
$GPGST,110706.10,0.112,0.007,0.005,350.331,0.007,0.005,0.010*53
$GPRMC,110706.20,A,4811.9050142,N,01136.4602752,E,9.2,324.4,221220,3.6,W,D*2D
$GPGGA,110706.20,4811.9050142,N,01136.4602752,E,4,15,0.8,505.4558,M,47.5431,M,1.2,3458*4F
$GPGST,110706.20,0.112,0.007,0.005,350.184,0.007,0.005,0.010*5C
$GPRMC,110706.30,A,4811.9052167,N,01136.4600523,E,9.2,321.3,221220,3.6,W,D*2D
$GPGGA,110706.30,4811.9052167,N,01136.4600523,E,4,15,0.8,505.4470,M,47.5431,M,1.3,3458*47
$GPGST,110706.30,0.112,0.007,0.005,350.241,0.007,0.005,0.010*57
$GPRMC,110706.40,A,4811.9054167,N,01136.4598085,E,9.3,319.1,221220,3.6,W,D*2F
$GPGGA,110706.40,4811.9054167,N,01136.4598085,E,4,15,0.8,505.4391,M,47.5431,M,1.4,3458*42
$GPGST,110706.40,0.112,0.007,0.005,350.453,0.007,0.005,0.010*55
$GPRMC,110706.50,A,4811.9056141,N,01136.4595394,E,9.7,316.5,221220,3.6,W,D*29
$GPGGA,110706.50,4811.9056141,N,01136.4595394,E,4,15,0.8,505.4383,M,47.5431,M,1.5,3458*49
$GPGST,110706.50,0.112,0.008,0.005,350.623,0.007,0.005,0.010*5E
$GPRMC,110706.60,A,4811.9058036,N,01136.4592389,E,10.1,312.4,221220,3.6,W,D*15
$GPGGA,110706.60,4811.9058036,N,01136.4592389,E,4,15,0.8,505.4430,M,47.5431,M,0.6,3458*43
$GPGST,110706.60,0.218,0.008,0.005,351.008,0.007,0.005,0.010*5A
$GPRMC,110706.70,A,4811.9059837,N,01136.4589130,E,10.4,307.9,221220,3.6,W,D*1A
$GPGGA,110706.70,4811.9059837,N,01136.4589130,E,4,15,0.8,505.4429,M,47.5431,M,0.7,3458*49
$GPGST,110706.70,0.218,0.008,0.005,351.012,0.007,0.005,0.010*50
$GPRMC,110706.80,A,4811.9061518,N,01136.4585633,E,10.6,304.1,221220,3.6,W,D*1F
$GPGGA,110706.80,4811.9061518,N,01136.4585633,E,4,15,0.8,505.4413,M,47.5431,M,0.8,3458*43
$GPGST,110706.80,0.218,0.007,0.005,351.162,0.007,0.005,0.010*56
$GPRMC,110706.90,A,4811.9063114,N,01136.4581874,E,10.9,300.7,221220,3.6,W,D*10
$GPGGA,110706.90,4811.9063114,N,01136.4581874,E,4,15,0.8,505.4338,M,47.5431,M,0.9,3458*4E
$GPGST,110706.90,0.218,0.007,0.005,351.928,0.007,0.005,0.010*51
$GPRMC,110707.00,A,4811.9064659,N,01136.4577890,E,11.3,298.3,221220,3.6,W,D*1D
$GPGGA,110707.00,4811.9064659,N,01136.4577890,E,4,15,0.8,505.4328,M,47.5431,M,1.0,3458*45
$GPGST,110707.00,0.218,0.007,0.005,352.883,0.007,0.005,0.010*5A
$GPRMC,110707.10,A,4811.9066214,N,01136.4573761,E,11.6,297.8,221220,3.6,W,D*17
$GPGGA,110707.10,4811.9066214,N,01136.4573761,E,4,15,0.8,505.4292,M,47.5431,M,1.1,3458*4F
$GPGST,110707.10,0.143,0.007,0.005,354.470,0.007,0.005,0.010*50
$GPRMC,110707.20,A,4811.9067772,N,01136.4569483,E,11.9,297.9,221220,3.6,W,D*1A
$GPGGA,110707.20,4811.9067772,N,01136.4569483,E,4,15,0.8,505.4303,M,47.5431,M,1.2,3458*46
$GPGST,110707.20,0.143,0.007,0.005,355.672,0.007,0.005,0.010*52
$GPRMC,110707.30,A,4811.9069270,N,01136.4565057,E,12.1,296.7,221220,3.6,W,D*17
$GPGGA,110707.30,4811.9069270,N,01136.4565057,E,4,15,0.8,505.4261,M,47.5431,M,1.3,3458*4B
$GPGST,110707.30,0.143,0.007,0.005,356.425,0.007,0.005,0.010*50
$GPRMC,110707.40,A,4811.9070735,N,01136.4560504,E,12.3,295.0,221220,3.6,W,D*1C
$GPGGA,110707.40,4811.9070735,N,01136.4560504,E,4,15,0.8,505.4238,M,47.5431,M,1.4,3458*4D
$GPGST,110707.40,0.143,0.007,0.005,357.481,0.007,0.005,0.010*58
$GPRMC,110707.50,A,4811.9072176,N,01136.4555843,E,12.5,294.1,221220,3.6,W,D*10
$GPGGA,110707.50,4811.9072176,N,01136.4555843,E,4,15,0.8,505.4179,M,47.5431,M,1.5,3458*40
$GPGST,110707.50,0.143,0.007,0.005,358.065,0.007,0.005,0.010*58
$GPRMC,110707.60,A,4811.9073584,N,01136.4551039,E,12.7,293.3,221220,3.6,W,D*1D
$GPGGA,110707.60,4811.9073584,N,01136.4551039,E,4,16,0.7,505.4134,M,47.5432,M,0.6,3458*4E
$GPGST,110707.60,0.206,0.007,0.005,358.261,0.007,0.005,0.010*5F
$GPRMC,110707.70,A,4811.9074900,N,01136.4546008,E,13.1,291.2,221220,3.6,W,D*1B
$GPGGA,110707.70,4811.9074900,N,01136.4546008,E,4,16,0.7,505.4169,M,47.5432,M,0.7,3458*45
$GPGST,110707.70,0.206,0.007,0.005,358.145,0.007,0.005,0.010*5B
$GPRMC,110707.80,A,4811.9076124,N,01136.4540767,E,13.6,288.5,221220,3.6,W,D*18
$GPGGA,110707.80,4811.9076124,N,01136.4540767,E,4,16,0.7,505.4187,M,47.5432,M,0.8,3458*41
$GPGST,110707.80,0.206,0.007,0.005,357.919,0.007,0.005,0.010*5A
$GPRMC,110707.90,A,4811.9077388,N,01136.4535421,E,13.9,287.9,221220,3.6,W,D*13
$GPGGA,110707.90,4811.9077388,N,01136.4535421,E,4,16,0.7,505.4168,M,47.5432,M,0.9,3458*46
$GPGST,110707.90,0.206,0.007,0.005,358.038,0.007,0.005,0.010*5E
$GPRMC,110708.00,A,4811.9078785,N,01136.4530169,E,13.9,290.7,221220,3.6,W,D*17
$GPGGA,110708.00,4811.9078785,N,01136.4530169,E,4,16,0.7,505.4152,M,47.5432,M,1.0,3458*4B
$GPGST,110708.00,0.206,0.007,0.005,357.858,0.007,0.005,0.011*58
$GPRMC,110708.10,A,4811.9080167,N,01136.4524739,E,13.9,292.2,221220,3.6,W,D*1A
$GPGGA,110708.10,4811.9080167,N,01136.4524739,E,4,16,0.7,505.4196,M,47.5432,M,1.1,3458*48
$GPGST,110708.10,0.138,0.007,0.006,357.263,0.007,0.006,0.012*56
$GPRMC,110708.20,A,4811.9081589,N,01136.4519197,E,14.4,291.1,221220,3.6,W,D*1A
$GPGGA,110708.20,4811.9081589,N,01136.4519197,E,4,16,0.7,505.4117,M,47.5432,M,1.2,3458*48
$GPGST,110708.20,0.138,0.007,0.006,357.005,0.007,0.006,0.012*57
$GPRMC,110708.30,A,4811.9082964,N,01136.4513538,E,14.7,290.1,221220,3.6,W,D*1E
$GPGGA,110708.30,4811.9082964,N,01136.4513538,E,4,16,0.7,505.4077,M,47.5432,M,1.3,3458*48
$GPGST,110708.30,0.138,0.008,0.006,357.322,0.008,0.006,0.012*50
$GPRMC,110708.40,A,4811.9084326,N,01136.4507745,E,14.9,289.1,221220,3.6,W,D*18
$GPGGA,110708.40,4811.9084326,N,01136.4507745,E,4,16,0.7,505.4056,M,47.5432,M,1.4,3458*4C
$GPGST,110708.40,0.138,0.008,0.006,357.690,0.008,0.006,0.012*5B
$GPRMC,110708.50,A,4811.9085737,N,01136.4501866,E,15.2,289.1,221220,3.6,W,D*1E
$GPGGA,110708.50,4811.9085737,N,01136.4501866,E,4,16,0.7,505.4040,M,47.5432,M,1.5,3458*46
$GPGST,110708.50,0.138,0.008,0.006,357.854,0.008,0.006,0.012*5C
$GPRMC,110708.60,A,4811.9087187,N,01136.4495948,E,15.3,290.1,221220,3.6,W,D*1A
$GPGGA,110708.60,4811.9087187,N,01136.4495948,E,4,16,0.7,505.4063,M,47.5432,M,0.6,3458*48
$GPGST,110708.60,0.330,0.008,0.006,358.431,0.008,0.006,0.012*55
$GPRMC,110708.70,A,4811.9088684,N,01136.4489954,E,15.5,290.7,221220,3.6,W,D*10
$GPGGA,110708.70,4811.9088684,N,01136.4489954,E,4,16,0.7,505.3974,M,47.5432,M,0.7,3458*4B
$GPGST,110708.70,0.330,0.008,0.006,359.076,0.008,0.006,0.012*52
$GPRMC,110708.80,A,4811.9090213,N,01136.4483874,E,15.7,290.9,221220,3.6,W,D*19
$GPGGA,110708.80,4811.9090213,N,01136.4483874,E,4,16,0.7,505.3959,M,47.5432,M,0.8,3458*4E
$GPGST,110708.80,0.330,0.008,0.006,359.286,0.008,0.006,0.012*50
$GPRMC,110708.90,A,4811.9091710,N,01136.4477708,E,15.9,290.3,221220,3.6,W,D*14
$GPGGA,110708.90,4811.9091710,N,01136.4477708,E,4,16,0.7,505.4005,M,47.5432,M,0.9,3458*41
$GPGST,110708.90,0.330,0.008,0.006,359.377,0.008,0.006,0.012*5E
$GPRMC,110709.00,A,4811.9093261,N,01136.4471541,E,16.0,290.2,221220,3.6,W,D*1F
$GPGGA,110709.00,4811.9093261,N,01136.4471541,E,4,16,0.7,505.3951,M,47.5432,M,1.0,3458*46
$GPGST,110709.00,0.330,0.007,0.006,359.806,0.007,0.006,0.012*5B
$GPRMC,110709.10,A,4811.9094808,N,01136.4465350,E,16.0,290.7,221220,3.6,W,D*1A
$GPGGA,110709.10,4811.9094808,N,01136.4465350,E,4,16,0.7,505.3959,M,47.5432,M,1.1,3458*4F
$GPGST,110709.10,0.213,0.007,0.006,359.957,0.007,0.006,0.012*5F
$GPRMC,110709.20,A,4811.9096344,N,01136.4459170,E,15.9,290.5,221220,3.6,W,D*1F
$GPGGA,110709.20,4811.9096344,N,01136.4459170,E,4,16,0.7,505.4060,M,47.5432,M,1.2,3458*45
$GPGST,110709.20,0.213,0.007,0.006,359.764,0.007,0.006,0.012*52
$GPRMC,110709.30,A,4811.9097961,N,01136.4453031,E,15.9,291.1,221220,3.6,W,D*19
$GPGGA,110709.30,4811.9097961,N,01136.4453031,E,4,16,0.7,505.3972,M,47.5432,M,1.3,3458*4A
$GPGST,110709.30,0.213,0.008,0.006,359.805,0.008,0.006,0.012*5B
$GPRMC,110709.40,A,4811.9099568,N,01136.4446893,E,15.9,292.0,221220,3.6,W,D*13
$GPGGA,110709.40,4811.9099568,N,01136.4446893,E,4,16,0.7,505.4045,M,47.5432,M,1.4,3458*4F
$GPGST,110709.40,0.213,0.008,0.006,359.904,0.008,0.006,0.012*5C
$GPRMC,110709.50,A,4811.9101139,N,01136.4440842,E,15.7,291.5,221220,3.6,W,D*10
$GPGGA,110709.50,4811.9101139,N,01136.4440842,E,4,16,0.7,505.4067,M,47.5432,M,1.5,3458*45
$GPGST,110709.50,0.213,0.008,0.006,0.347,0.008,0.006,0.012*5F
$GPRMC,110709.60,A,4811.9102721,N,01136.4434801,E,15.5,291.2,221220,3.6,W,D*1E
$GPGGA,110709.60,4811.9102721,N,01136.4434801,E,4,16,0.7,505.3970,M,47.5433,M,0.6,3458*45
$GPGST,110709.60,0.195,0.008,0.006,0.510,0.008,0.006,0.012*55
$GPRMC,110709.70,A,4811.9104275,N,01136.4428761,E,15.5,291.1,221220,3.6,W,D*1A
$GPGGA,110709.70,4811.9104275,N,01136.4428761,E,4,16,0.7,505.3911,M,47.5433,M,0.7,3458*44
$GPGST,110709.70,0.195,0.008,0.006,0.223,0.008,0.006,0.012*53
$GPRMC,110709.80,A,4811.9105852,N,01136.4422727,E,15.6,291.1,221220,3.6,W,D*10
$GPGGA,110709.80,4811.9105852,N,01136.4422727,E,4,16,0.7,505.3963,M,47.5433,M,0.8,3458*47
$GPGST,110709.80,0.195,0.008,0.006,0.098,0.008,0.006,0.012*5E
$GPRMC,110709.90,A,4811.9107416,N,01136.4416718,E,15.5,291.3,221220,3.6,W,D*15
$GPGGA,110709.90,4811.9107416,N,01136.4416718,E,4,16,0.7,505.3972,M,47.5433,M,0.9,3458*42
$GPGST,110709.90,0.195,0.008,0.006,359.697,0.008,0.006,0.012*59
$GPRMC,110710.00,A,4811.9108994,N,01136.4410751,E,15.4,291.5,221220,3.6,W,D*10
$GPGGA,110710.00,4811.9108994,N,01136.4410751,E,4,16,0.7,505.3980,M,47.5433,M,1.0,3458*45
$GPGST,110710.00,0.195,0.007,0.005,0.226,0.007,0.005,0.011*5A
$GPRMC,110710.10,A,4811.9110547,N,01136.4404820,E,15.3,291.6,221220,3.6,W,D*12
$GPGGA,110710.10,4811.9110547,N,01136.4404820,E,4,16,0.7,505.3994,M,47.5433,M,1.1,3458*47
$GPGST,110710.10,0.140,0.007,0.005,0.720,0.007,0.005,0.010*51
$GPRMC,110710.20,A,4811.9112060,N,01136.4398880,E,15.3,291.1,221220,3.6,W,D*1C
$GPGGA,110710.20,4811.9112060,N,01136.4398880,E,4,16,0.7,505.3966,M,47.5433,M,1.2,3458*40
$GPGST,110710.20,0.140,0.007,0.005,0.721,0.007,0.005,0.010*53
$GPRMC,110710.30,A,4811.9113605,N,01136.4392974,E,15.2,291.0,221220,3.6,W,D*19
$GPGGA,110710.30,4811.9113605,N,01136.4392974,E,4,16,0.7,505.3851,M,47.5433,M,1.3,3458*41
$GPGST,110710.30,0.140,0.007,0.005,1.166,0.007,0.005,0.010*56
$GPRMC,110710.40,A,4811.9115134,N,01136.4387101,E,15.2,291.5,221220,3.6,W,D*16
$GPGGA,110710.40,4811.9115134,N,01136.4387101,E,4,16,0.7,505.3895,M,47.5433,M,1.4,3458*44
$GPGST,110710.40,0.140,0.007,0.005,1.389,0.007,0.005,0.010*52
$GPRMC,110710.50,A,4811.9116662,N,01136.4381323,E,15.0,291.7,221220,3.6,W,D*14
$GPGGA,110710.50,4811.9116662,N,01136.4381323,E,4,16,0.7,505.3903,M,47.5433,M,1.5,3458*49
$GPGST,110710.50,0.140,0.007,0.005,1.744,0.007,0.005,0.010*56
$GPRMC,110710.60,A,4811.9118139,N,01136.4375652,E,14.6,291.5,221220,3.6,W,D*1D
$GPGGA,110710.60,4811.9118139,N,01136.4375652,E,4,16,0.7,505.3831,M,47.5433,M,0.6,3458*47
$GPGST,110710.60,0.351,0.007,0.005,2.615,0.007,0.005,0.010*51
$GPRMC,110710.70,A,4811.9119557,N,01136.4370077,E,14.2,290.8,221220,3.6,W,D*1D
$GPGGA,110710.70,4811.9119557,N,01136.4370077,E,4,16,0.7,505.3777,M,47.5433,M,0.7,3458*43
$GPGST,110710.70,0.351,0.007,0.005,2.775,0.007,0.005,0.010*57
$GPRMC,110710.80,A,4811.9120943,N,01136.4364553,E,14.0,290.2,221220,3.6,W,D*1F
$GPGGA,110710.80,4811.9120943,N,01136.4364553,E,4,16,0.7,505.3783,M,47.5433,M,0.8,3458*4D
$GPGST,110710.80,0.351,0.007,0.005,2.196,0.007,0.005,0.010*53
$GPRMC,110710.90,A,4811.9122298,N,01136.4359102,E,13.9,290.3,221220,3.6,W,D*10
$GPGGA,110710.90,4811.9122298,N,01136.4359102,E,4,16,0.7,505.3795,M,47.5433,M,0.9,3458*4B
$GPGST,110710.90,0.351,0.007,0.005,1.645,0.007,0.005,0.010*58
$GPRMC,110711.00,A,4811.9123565,N,01136.4353821,E,13.5,289.7,221220,3.6,W,D*1E
$GPGGA,110711.00,4811.9123565,N,01136.4353821,E,4,16,0.7,505.3924,M,47.5433,M,1.0,3458*49
$GPGST,110711.00,0.351,0.007,0.005,1.483,0.007,0.005,0.010*58
$GPRMC,110711.10,A,4811.9124752,N,01136.4348681,E,12.9,288.8,221220,3.6,W,D*13
$GPGGA,110711.10,4811.9124752,N,01136.4348681,E,4,16,0.7,505.3988,M,47.5433,M,1.1,3458*40
$GPGST,110711.10,0.215,0.006,0.005,1.406,0.006,0.005,0.010*55
$GPRMC,110711.20,A,4811.9125843,N,01136.4343603,E,12.6,287.6,221220,3.6,W,D*11
$GPGGA,110711.20,4811.9125843,N,01136.4343603,E,4,16,0.7,505.4009,M,47.5433,M,1.2,3458*48
$GPGST,110711.20,0.215,0.006,0.005,1.432,0.006,0.005,0.010*51
$GPRMC,110711.30,A,4811.9126854,N,01136.4338614,E,12.4,286.3,221220,3.6,W,D*19
$GPGGA,110711.30,4811.9126854,N,01136.4338614,E,4,16,0.7,505.3963,M,47.5433,M,1.3,3458*45
$GPGST,110711.30,0.215,0.007,0.005,1.632,0.006,0.005,0.010*53
$GPRMC,110711.40,A,4811.9127844,N,01136.4333720,E,12.2,286.0,221220,3.6,W,D*16
$GPGGA,110711.40,4811.9127844,N,01136.4333720,E,4,16,0.7,505.3935,M,47.5433,M,1.4,3458*4B
$GPGST,110711.40,0.215,0.007,0.005,1.844,0.007,0.005,0.010*5A
$GPRMC,110711.50,A,4811.9128695,N,01136.4328878,E,11.9,285.0,221220,3.6,W,D*19
$GPGGA,110711.50,4811.9128695,N,01136.4328878,E,4,16,0.7,505.4056,M,47.5433,M,1.5,3458*45
$GPGST,110711.50,0.215,0.007,0.005,1.739,0.007,0.005,0.010*5E
$GPRMC,110711.60,A,4811.9129397,N,01136.4324121,E,11.6,281.8,221220,3.6,W,D*16
$GPGGA,110711.60,4811.9129397,N,01136.4324121,E,4,16,0.7,505.4115,M,47.5434,M,0.6,3458*4A
$GPGST,110711.60,0.261,0.007,0.005,2.061,0.007,0.005,0.010*57
$GPRMC,110711.70,A,4811.9129974,N,01136.4319503,E,11.2,279.1,221220,3.6,W,D*10
$GPGGA,110711.70,4811.9129974,N,01136.4319503,E,4,16,0.7,505.4023,M,47.5434,M,0.7,3458*43
$GPGST,110711.70,0.261,0.007,0.005,2.028,0.007,0.005,0.010*5B
$GPRMC,110711.80,A,4811.9130473,N,01136.4314969,E,10.8,277.9,221220,3.6,W,D*1D
$GPGGA,110711.80,4811.9130473,N,01136.4314969,E,4,16,0.7,505.3990,M,47.5434,M,0.8,3458*4A
$GPGST,110711.80,0.261,0.007,0.005,1.687,0.007,0.005,0.010*54
$GPRMC,110711.90,A,4811.9130941,N,01136.4310480,E,10.7,277.7,221220,3.6,W,D*1F
$GPGGA,110711.90,4811.9130941,N,01136.4310480,E,4,16,0.7,505.3959,M,47.5434,M,0.9,3458*4D
$GPGST,110711.90,0.261,0.007,0.005,1.479,0.007,0.005,0.010*56
$GPRMC,110712.00,A,4811.9131280,N,01136.4306040,E,10.7,276.5,221220,3.6,W,D*1E
$GPGGA,110712.00,4811.9131280,N,01136.4306040,E,4,16,0.7,505.4033,M,47.5434,M,1.0,3458*45
$GPGST,110712.00,0.261,0.007,0.005,1.320,0.007,0.005,0.010*57
$GPRMC,110712.10,A,4811.9131478,N,01136.4301703,E,10.4,273.2,221220,3.6,W,D*18
$GPGGA,110712.10,4811.9131478,N,01136.4301703,E,4,16,0.7,505.4079,M,47.5434,M,1.1,3458*4D
$GPGST,110712.10,0.175,0.006,0.005,1.335,0.006,0.005,0.010*54
$GPRMC,110712.20,A,4811.9131574,N,01136.4297450,E,10.1,270.4,221220,3.6,W,D*1D
$GPGGA,110712.20,4811.9131574,N,01136.4297450,E,4,16,0.7,505.4125,M,47.5434,M,1.2,3458*43
$GPGST,110712.20,0.175,0.006,0.005,1.404,0.006,0.005,0.010*52
$GPRMC,110712.30,A,4811.9131549,N,01136.4293262,E,10.0,268.4,221220,3.6,W,D*19
$GPGGA,110712.30,4811.9131549,N,01136.4293262,E,4,16,0.7,505.4113,M,47.5434,M,1.3,3458*4B
$GPGST,110712.30,0.175,0.006,0.005,1.534,0.006,0.005,0.010*51
$GPRMC,110712.40,A,4811.9131437,N,01136.4289093,E,9.9,266.4,221220,3.6,W,D*2E
$GPGGA,110712.40,4811.9131437,N,01136.4289093,E,4,16,0.7,505.4117,M,47.5434,M,1.4,3458*40
$GPGST,110712.40,0.175,0.006,0.005,1.673,0.006,0.005,0.010*56
$GPRMC,110712.50,A,4811.9131226,N,01136.4284927,E,10.0,264.6,221220,3.6,W,D*13
$GPGGA,110712.50,4811.9131226,N,01136.4284927,E,4,16,0.7,505.4128,M,47.5434,M,1.5,3458*41
$GPGST,110712.50,0.175,0.006,0.005,1.610,0.006,0.005,0.010*52
$GPRMC,110712.60,A,4811.9130884,N,01136.4280780,E,10.1,262.2,221220,3.6,W,D*17
$GPGGA,110712.60,4811.9130884,N,01136.4280780,E,4,16,0.7,505.4210,M,47.5434,M,0.6,3458*4C
$GPGST,110712.60,0.147,0.007,0.005,2.137,0.007,0.005,0.010*51
$GPRMC,110712.70,A,4811.9130401,N,01136.4276747,E,10.0,258.7,221220,3.6,W,D*18
$GPGGA,110712.70,4811.9130401,N,01136.4276747,E,4,16,0.7,505.4255,M,47.5434,M,0.7,3458*4E
$GPGST,110712.70,0.147,0.007,0.005,2.362,0.007,0.005,0.010*52
$GPRMC,110712.80,A,4811.9129774,N,01136.4272839,E,9.7,255.0,221220,3.6,W,D*29
$GPGGA,110712.80,4811.9129774,N,01136.4272839,E,4,16,0.7,505.4269,M,47.5434,M,0.8,3458*4A
$GPGST,110712.80,0.147,0.007,0.005,2.052,0.007,0.005,0.010*5D
$GPRMC,110712.90,A,4811.9129027,N,01136.4269057,E,9.5,251.6,221220,3.6,W,D*23
$GPGGA,110712.90,4811.9129027,N,01136.4269057,E,4,16,0.7,505.4302,M,47.5434,M,0.9,3458*4D
$GPGST,110712.90,0.147,0.006,0.005,1.823,0.006,0.005,0.010*51
$GPRMC,110713.00,A,4811.9128179,N,01136.4265420,E,9.2,248.9,221220,3.6,W,D*28
$GPGGA,110713.00,4811.9128179,N,01136.4265420,E,4,16,0.7,505.4358,M,47.5434,M,1.0,3458*41
$GPGST,110713.00,0.147,0.006,0.005,1.917,0.006,0.005,0.010*5F
$GPRMC,110713.10,A,4811.9127219,N,01136.4261911,E,9.0,246.3,221220,3.6,W,D*2E
$GPGGA,110713.10,4811.9127219,N,01136.4261911,E,4,16,0.7,505.4357,M,47.5434,M,1.1,3458*4F
$GPGST,110713.10,0.124,0.006,0.005,1.864,0.006,0.005,0.010*5E
$GPRMC,110713.20,A,4811.9126096,N,01136.4258538,E,9.0,242.3,221220,3.6,W,D*20
$GPGGA,110713.20,4811.9126096,N,01136.4258538,E,4,16,0.7,505.4351,M,47.5434,M,1.2,3458*40
$GPGST,110713.20,0.124,0.006,0.005,1.709,0.006,0.005,0.010*59
$GPRMC,110713.30,A,4811.9124863,N,01136.4255311,E,9.0,238.2,221220,3.6,W,D*2D
$GPGGA,110713.30,4811.9124863,N,01136.4255311,E,4,16,0.7,505.4371,M,47.5434,M,1.3,3458*42
$GPGST,110713.30,0.124,0.006,0.005,1.488,0.006,0.005,0.010*52
$GPRMC,110713.40,A,4811.9123545,N,01136.4252211,E,8.8,235.5,221220,3.6,W,D*21
$GPGGA,110713.40,4811.9123545,N,01136.4252211,E,4,16,0.7,505.4400,M,47.5434,M,1.4,3458*4B
$GPGST,110713.40,0.124,0.006,0.005,1.321,0.006,0.005,0.010*51
$GPRMC,110713.50,A,4811.9122149,N,01136.4249225,E,8.7,233.5,221220,3.6,W,D*2D
$GPGGA,110713.50,4811.9122149,N,01136.4249225,E,4,16,0.7,505.4487,M,47.5434,M,1.5,3458*40
$GPGST,110713.50,0.124,0.006,0.005,1.160,0.006,0.005,0.010*57
$GPRMC,110713.60,A,4811.9120645,N,01136.4246405,E,8.7,230.3,221220,3.6,W,D*29
$GPGGA,110713.60,4811.9120645,N,01136.4246405,E,4,16,0.7,505.4570,M,47.5434,M,0.6,3458*4A
$GPGST,110713.60,0.178,0.006,0.005,1.350,0.006,0.005,0.010*5C
$GPRMC,110713.70,A,4811.9119037,N,01136.4243799,E,8.6,225.8,221220,3.6,W,D*2C
$GPGGA,110713.70,4811.9119037,N,01136.4243799,E,4,16,0.7,505.4611,M,47.5434,M,0.7,3458*44
$GPGST,110713.70,0.178,0.007,0.005,1.283,0.007,0.005,0.010*52
$GPRMC,110713.80,A,4811.9117330,N,01136.4241430,E,8.4,220.9,221220,3.6,W,D*2D
$GPGGA,110713.80,4811.9117330,N,01136.4241430,E,4,16,0.7,505.4629,M,47.5434,M,0.8,3458*47
$GPGST,110713.80,0.178,0.007,0.005,1.337,0.007,0.005,0.010*53
$GPRMC,110713.90,A,4811.9115556,N,01136.4239240,E,8.3,217.0,221220,3.6,W,D*2C
$GPGGA,110713.90,4811.9115556,N,01136.4239240,E,4,16,0.7,505.4687,M,47.5434,M,0.9,3458*49
$GPGST,110713.90,0.178,0.007,0.005,1.662,0.007,0.005,0.010*57
$GPRMC,110714.00,A,4811.9113739,N,01136.4237198,E,8.2,214.7,221220,3.6,W,D*22
$GPGGA,110714.00,4811.9113739,N,01136.4237198,E,4,16,0.7,505.4726,M,47.5434,M,1.0,3458*40
$GPGST,110714.00,0.178,0.007,0.005,1.578,0.007,0.005,0.010*51
$GPRMC,110714.10,A,4811.9111872,N,01136.4235331,E,8.1,212.3,221220,3.6,W,D*23
$GPGGA,110714.10,4811.9111872,N,01136.4235331,E,4,16,0.7,505.4742,M,47.5434,M,1.1,3458*43
$GPGST,110714.10,0.160,0.007,0.005,1.231,0.006,0.005,0.010*52
$GPRMC,110714.20,A,4811.9109926,N,01136.4233675,E,8.0,208.3,221220,3.6,W,D*20
$GPGGA,110714.20,4811.9109926,N,01136.4233675,E,4,16,0.7,505.4796,M,47.5434,M,1.2,3458*40
$GPGST,110714.20,0.160,0.006,0.005,1.178,0.006,0.005,0.010*5E
$GPRMC,110714.30,A,4811.9107928,N,01136.4232246,E,8.0,203.7,221220,3.6,W,D*2B
$GPGGA,110714.30,4811.9107928,N,01136.4232246,E,4,16,0.7,505.4808,M,47.5434,M,1.3,3458*4D
$GPGST,110714.30,0.160,0.006,0.005,1.046,0.006,0.005,0.010*53
$GPRMC,110714.40,A,4811.9105855,N,01136.4230993,E,8.0,199.8,221220,3.6,W,D*2B
$GPGGA,110714.40,4811.9105855,N,01136.4230993,E,4,16,0.7,505.4851,M,47.5434,M,1.4,3458*49
$GPGST,110714.40,0.160,0.006,0.005,0.899,0.006,0.005,0.010*5F
$GPRMC,110714.50,A,4811.9103734,N,01136.4229882,E,8.1,197.2,221220,3.6,W,D*28
$GPGGA,110714.50,4811.9103734,N,01136.4229882,E,4,16,0.7,505.4880,M,47.5434,M,1.5,3458*42
$GPGST,110714.50,0.160,0.006,0.005,1.132,0.006,0.005,0.010*57
$GPRMC,110714.60,A,4811.9101567,N,01136.4228964,E,8.2,194.5,221220,3.6,W,D*22
$GPGGA,110714.60,4811.9101567,N,01136.4228964,E,4,16,0.7,505.4855,M,47.5434,M,0.6,3458*45
$GPGST,110714.60,0.156,0.007,0.005,1.501,0.007,0.005,0.010*55
$GPRMC,110714.70,A,4811.9099335,N,01136.4228309,E,8.2,189.9,221220,3.6,W,D*23
$GPGGA,110714.70,4811.9099335,N,01136.4228309,E,4,16,0.7,505.4910,M,47.5434,M,0.7,3458*45
$GPGST,110714.70,0.156,0.007,0.005,1.641,0.007,0.005,0.010*53
$GPRMC,110714.80,A,4811.9097043,N,01136.4227969,E,8.4,184.0,221220,3.6,W,D*21
$GPGGA,110714.80,4811.9097043,N,01136.4227969,E,4,16,0.7,505.4923,M,47.5434,M,0.8,3458*4A
$GPGST,110714.80,0.156,0.007,0.005,1.892,0.007,0.005,0.010*5C
$GPRMC,110714.90,A,4811.9094700,N,01136.4227893,E,8.6,178.7,221220,3.6,W,D*21
$GPGGA,110714.90,4811.9094700,N,01136.4227893,E,4,16,0.7,505.4903,M,47.5434,M,0.9,3458*4F
$GPGST,110714.90,0.156,0.006,0.005,1.624,0.006,0.005,0.010*5E
$GPRMC,110715.00,A,4811.9092339,N,01136.4228024,E,8.7,175.4,221220,3.6,W,D*25
$GPGGA,110715.00,4811.9092339,N,01136.4228024,E,4,16,0.7,505.4886,M,47.5434,M,1.0,3458*40
$GPGST,110715.00,0.156,0.006,0.005,1.258,0.006,0.005,0.010*59
$GPRMC,110715.10,A,4811.9089985,N,01136.4228367,E,8.6,172.6,221220,3.6,W,D*23
$GPGGA,110715.10,4811.9089985,N,01136.4228367,E,4,15,0.8,505.4810,M,47.5435,M,1.1,3458*41
$GPGST,110715.10,0.098,0.006,0.005,0.805,0.006,0.005,0.010*58
$GPRMC,110715.20,A,4811.9087590,N,01136.4228927,E,8.8,169.4,221220,3.6,W,D*2E
$GPGGA,110715.20,4811.9087590,N,01136.4228927,E,4,15,0.8,505.4760,M,47.5435,M,1.2,3458*41
$GPGST,110715.20,0.098,0.006,0.005,0.730,0.006,0.005,0.010*52
$GPRMC,110715.30,A,4811.9085187,N,01136.4229775,E,9.0,165.5,221220,3.6,W,D*23
$GPGGA,110715.30,4811.9085187,N,01136.4229775,E,4,15,0.8,505.4705,M,47.5435,M,1.3,3458*4A
$GPGST,110715.30,0.098,0.006,0.005,1.016,0.006,0.005,0.010*51
$GPRMC,110715.40,A,4811.9082801,N,01136.4230963,E,9.2,160.1,221220,3.6,W,D*26
$GPGGA,110715.40,4811.9082801,N,01136.4230963,E,4,15,0.8,505.4626,M,47.5435,M,1.4,3458*4B
$GPGST,110715.40,0.098,0.006,0.005,0.674,0.006,0.005,0.010*55
$GPRMC,110715.50,A,4811.9080436,N,01136.4232416,E,9.4,155.2,221220,3.6,W,D*23
$GPGGA,110715.50,4811.9080436,N,01136.4232416,E,4,15,0.8,505.4601,M,47.5435,M,1.5,3458*49
$GPGST,110715.50,0.098,0.006,0.005,359.992,0.006,0.005,0.010*5C
$GPRMC,110715.60,A,4811.9078095,N,01136.4234065,E,9.5,152.4,221220,3.6,W,D*2C
$GPGGA,110715.60,4811.9078095,N,01136.4234065,E,4,15,0.8,505.4577,M,47.5434,M,0.6,3458*47
$GPGST,110715.60,0.246,0.007,0.005,359.725,0.007,0.005,0.010*5C
$GPRMC,110715.70,A,4811.9075774,N,01136.4235896,E,9.5,150.4,221220,3.6,W,D*2F
$GPGGA,110715.70,4811.9075774,N,01136.4235896,E,4,15,0.8,505.4551,M,47.5434,M,0.7,3458*43
$GPGST,110715.70,0.246,0.007,0.005,359.283,0.007,0.005,0.010*54
$GPRMC,110715.80,A,4811.9073497,N,01136.4237980,E,9.7,147.4,221220,3.6,W,D*28
$GPGGA,110715.80,4811.9073497,N,01136.4237980,E,4,15,0.8,505.4454,M,47.5434,M,0.8,3458*4B
$GPGST,110715.80,0.246,0.007,0.005,358.687,0.007,0.005,0.010*5A
$GPRMC,110715.90,A,4811.9071255,N,01136.4240410,E,10.0,142.7,221220,3.6,W,D*1E
$GPGGA,110715.90,4811.9071255,N,01136.4240410,E,4,15,0.8,505.4382,M,47.5434,M,0.9,3458*49
$GPGST,110715.90,0.246,0.007,0.005,358.412,0.007,0.005,0.010*55
$GPRMC,110716.00,A,4811.9069065,N,01136.4243180,E,10.5,137.9,221220,3.6,W,D*1A
$GPGGA,110716.00,4811.9069065,N,01136.4243180,E,4,15,0.8,505.4343,M,47.5434,M,1.0,3458*41
$GPGST,110716.00,0.246,0.007,0.005,358.284,0.007,0.005,0.010*56
$GPRMC,110716.10,A,4811.9066939,N,01136.4246259,E,10.9,134.0,221220,3.6,W,D*10
$GPGGA,110716.10,4811.9066939,N,01136.4246259,E,4,15,0.8,505.4261,M,47.5434,M,1.1,3458*4D
$GPGST,110716.10,0.176,0.006,0.005,357.881,0.006,0.005,0.010*57
$GPRMC,110716.20,A,4811.9064869,N,01136.4249521,E,11.1,131.5,221220,3.6,W,D*1B
$GPGGA,110716.20,4811.9064869,N,01136.4249521,E,4,15,0.8,505.4228,M,47.5434,M,1.2,3458*41
$GPGST,110716.20,0.176,0.007,0.005,358.069,0.007,0.005,0.010*55
$GPRMC,110716.30,A,4811.9062847,N,01136.4252957,E,11.2,129.9,221220,3.6,W,D*11
$GPGGA,110716.30,4811.9062847,N,01136.4252957,E,4,15,0.8,505.4196,M,47.5434,M,1.3,3458*4A
$GPGST,110716.30,0.176,0.007,0.005,358.337,0.007,0.005,0.010*5C
$GPRMC,110716.40,A,4811.9060929,N,01136.4256709,E,11.5,126.9,221220,3.6,W,D*14
$GPGGA,110716.40,4811.9060929,N,01136.4256709,E,4,15,0.8,505.4245,M,47.5434,M,1.4,3458*4D
$GPGST,110716.40,0.176,0.006,0.005,358.222,0.006,0.005,0.010*5E
$GPRMC,110716.50,A,4811.9059198,N,01136.4260794,E,11.9,121.4,221220,3.6,W,D*1A
$GPGGA,110716.50,4811.9059198,N,01136.4260794,E,4,15,0.8,505.4200,M,47.5434,M,1.5,3458*45
$GPGST,110716.50,0.176,0.006,0.005,358.258,0.006,0.005,0.010*52
$GPRMC,110716.60,A,4811.9057611,N,01136.4265097,E,12.1,116.6,221220,3.6,W,D*1D
$GPGGA,110716.60,4811.9057611,N,01136.4265097,E,4,15,0.8,505.4151,M,47.5434,M,0.6,3458*4A
$GPGST,110716.60,0.218,0.007,0.005,358.773,0.007,0.005,0.010*56
$GPRMC,110716.70,A,4811.9056045,N,01136.4269602,E,12.4,115.0,221220,3.6,W,D*1C
$GPGGA,110716.70,4811.9056045,N,01136.4269602,E,4,15,0.8,505.4065,M,47.5434,M,0.7,3458*4C
$GPGST,110716.70,0.218,0.007,0.005,358.900,0.007,0.005,0.010*5D
$GPRMC,110716.80,A,4811.9054444,N,01136.4274261,E,12.8,115.8,221220,3.6,W,D*1D
$GPGGA,110716.80,4811.9054444,N,01136.4274261,E,4,15,0.8,505.4026,M,47.5434,M,0.8,3458*41
$GPGST,110716.80,0.218,0.007,0.005,358.917,0.007,0.005,0.010*54
$GPRMC,110716.90,A,4811.9052791,N,01136.4279029,E,13.2,116.8,221220,3.6,W,D*1A
$GPGGA,110716.90,4811.9052791,N,01136.4279029,E,4,15,0.8,505.4082,M,47.5434,M,0.9,3458*41
$GPGST,110716.90,0.218,0.007,0.005,359.019,0.007,0.005,0.010*53
$GPRMC,110717.00,A,4811.9051141,N,01136.4283953,E,13.4,116.8,221220,3.6,W,D*1D
$GPGGA,110717.00,4811.9051141,N,01136.4283953,E,4,15,0.8,505.4132,M,47.5434,M,1.0,3458*42
$GPGST,110717.00,0.218,0.007,0.005,358.627,0.007,0.005,0.010*51
$GPRMC,110717.10,A,4811.9049565,N,01136.4289074,E,13.8,114.9,221220,3.6,W,D*1E
$GPGGA,110717.10,4811.9049565,N,01136.4289074,E,4,15,0.8,505.4197,M,47.5434,M,1.1,3458*40
$GPGST,110717.10,0.143,0.006,0.005,358.165,0.006,0.005,0.010*5C
$GPRMC,110717.20,A,4811.9048098,N,01136.4294453,E,14.1,111.9,221220,3.6,W,D*1D
$GPGGA,110717.20,4811.9048098,N,01136.4294453,E,4,15,0.8,505.4193,M,47.5434,M,1.2,3458*4F
$GPGST,110717.20,0.143,0.006,0.005,358.433,0.006,0.005,0.010*59
$GPRMC,110717.30,A,4811.9046666,N,01136.4299996,E,14.5,109.8,221220,3.6,W,D*10
$GPGGA,110717.30,4811.9046666,N,01136.4299996,E,4,15,0.8,505.4156,M,47.5434,M,1.3,3458*46
$GPGST,110717.30,0.143,0.006,0.005,358.440,0.006,0.005,0.010*5C
$GPRMC,110717.40,A,4811.9045240,N,01136.4305681,E,14.8,109.7,221220,3.6,W,D*1B
$GPGGA,110717.40,4811.9045240,N,01136.4305681,E,4,15,0.8,505.4131,M,47.5434,M,1.4,3458*49
$GPGST,110717.40,0.143,0.006,0.005,358.554,0.006,0.005,0.010*5F
$GPRMC,110717.50,A,4811.9043734,N,01136.4311413,E,15.0,110.7,221220,3.6,W,D*17
$GPGGA,110717.50,4811.9043734,N,01136.4311413,E,4,15,0.8,505.4251,M,47.5434,M,1.5,3458*40
$GPGST,110717.50,0.143,0.006,0.005,358.815,0.006,0.005,0.010*56
$GPRMC,110717.60,A,4811.9042215,N,01136.4317263,E,15.2,111.6,221220,3.6,W,D*16
$GPGGA,110717.60,4811.9042215,N,01136.4317263,E,4,15,0.8,505.4188,M,47.5434,M,0.6,3458*46
$GPGST,110717.60,0.247,0.007,0.005,358.936,0.007,0.005,0.010*52
$GPRMC,110717.70,A,4811.9040645,N,01136.4323226,E,15.6,111.7,221220,3.6,W,D*17
$GPGGA,110717.70,4811.9040645,N,01136.4323226,E,4,15,0.8,505.4130,M,47.5434,M,0.7,3458*40
$GPGST,110717.70,0.247,0.007,0.005,359.447,0.007,0.005,0.010*59
$GPRMC,110717.80,A,4811.9039113,N,01136.4329351,E,15.9,110.9,221220,3.6,W,D*19
$GPGGA,110717.80,4811.9039113,N,01136.4329351,E,4,15,0.8,505.4093,M,47.5434,M,0.8,3458*49
$GPGST,110717.80,0.247,0.007,0.005,359.356,0.007,0.005,0.010*51
$GPRMC,110717.90,A,4811.9037631,N,01136.4335613,E,16.2,109.5,221220,3.6,W,D*13
$GPGGA,110717.90,4811.9037631,N,01136.4335613,E,4,15,0.8,505.4062,M,47.5434,M,0.9,3458*40
$GPGST,110717.90,0.247,0.007,0.005,358.766,0.007,0.005,0.010*56
$GPRMC,110718.00,A,4811.9036099,N,01136.4341891,E,16.3,109.3,221220,3.6,W,D*10
$GPGGA,110718.00,4811.9036099,N,01136.4341891,E,4,15,0.8,505.4049,M,47.5434,M,1.0,3458*45
$GPGST,110718.00,0.247,0.007,0.005,358.691,0.007,0.005,0.010*59
$GPRMC,110718.10,A,4811.9034534,N,01136.4348156,E,16.2,110.4,221220,3.6,W,D*14
$GPGGA,110718.10,4811.9034534,N,01136.4348156,E,4,15,0.8,505.3979,M,47.5433,M,1.1,3458*44
$GPGST,110718.10,0.178,0.007,0.005,358.653,0.007,0.005,0.010*59
$GPRMC,110718.20,A,4811.9033004,N,01136.4354458,E,16.2,110.3,221220,3.6,W,D*17
$GPGGA,110718.20,4811.9033004,N,01136.4354458,E,4,15,0.8,505.3897,M,47.5433,M,1.2,3458*42
$GPGST,110718.20,0.178,0.007,0.005,358.611,0.007,0.005,0.010*5C
$GPRMC,110718.30,A,4811.9031472,N,01136.4360855,E,16.3,109.6,221220,3.6,W,D*1B
$GPGGA,110718.30,4811.9031472,N,01136.4360855,E,4,15,0.8,505.3817,M,47.5433,M,1.3,3458*4B
$GPGST,110718.30,0.178,0.007,0.005,358.636,0.007,0.005,0.010*58
$GPRMC,110718.40,A,4811.9029913,N,01136.4367342,E,16.7,109.5,221220,3.6,W,D*12
$GPGGA,110718.40,4811.9029913,N,01136.4367342,E,4,15,0.8,505.3860,M,47.5433,M,1.4,3458*42
$GPGST,110718.40,0.178,0.007,0.005,358.671,0.007,0.005,0.010*5C
$GPRMC,110718.50,A,4811.9028366,N,01136.4373861,E,16.8,109.5,221220,3.6,W,D*1A
$GPGGA,110718.50,4811.9028366,N,01136.4373861,E,4,15,0.8,505.3945,M,47.5433,M,1.5,3458*42
$GPGST,110718.50,0.178,0.007,0.005,358.861,0.007,0.005,0.010*52
$GPRMC,110718.60,A,4811.9026838,N,01136.4380280,E,16.6,109.5,221220,3.6,W,D*10
$GPGGA,110718.60,4811.9026838,N,01136.4380280,E,4,15,0.8,505.4004,M,47.5433,M,0.6,3458*4F
$GPGST,110718.60,0.266,0.007,0.005,358.971,0.007,0.005,0.010*5D
$GPRMC,110718.70,A,4811.9025350,N,01136.4386582,E,16.1,109.5,221220,3.6,W,D*13
$GPGGA,110718.70,4811.9025350,N,01136.4386582,E,4,15,0.8,505.3873,M,47.5433,M,0.7,3458*45
$GPGST,110718.70,0.266,0.007,0.005,359.218,0.007,0.005,0.010*59
$GPRMC,110718.80,A,4811.9023886,N,01136.4392861,E,15.8,109.2,221220,3.6,W,D*12
$GPGGA,110718.80,4811.9023886,N,01136.4392861,E,4,15,0.8,505.3759,M,47.5433,M,0.8,3458*41
$GPGST,110718.80,0.266,0.007,0.005,359.417,0.007,0.005,0.010*5F
$GPRMC,110718.90,A,4811.9022399,N,01136.4399142,E,15.9,109.3,221220,3.6,W,D*14
$GPGGA,110718.90,4811.9022399,N,01136.4399142,E,4,15,0.8,505.3784,M,47.5433,M,0.9,3458*46
$GPGST,110718.90,0.266,0.007,0.005,359.287,0.007,0.005,0.010*51
$GPRMC,110719.00,A,4811.9020877,N,01136.4405451,E,16.1,109.8,221220,3.6,W,D*10
$GPGGA,110719.00,4811.9020877,N,01136.4405451,E,4,15,0.8,505.3923,M,47.5433,M,1.0,3458*49
$GPGST,110719.00,0.266,0.007,0.005,359.117,0.007,0.005,0.010*53
$GPRMC,110719.10,A,4811.9019387,N,01136.4411739,E,16.2,109.9,221220,3.6,W,D*15
$GPGGA,110719.10,4811.9019387,N,01136.4411739,E,4,15,0.8,505.4003,M,47.5433,M,1.1,3458*43
$GPGST,110719.10,0.185,0.007,0.005,358.629,0.007,0.005,0.010*57
$GPRMC,110719.20,A,4811.9017912,N,01136.4418057,E,16.1,109.3,221220,3.6,W,D*11
$GPGGA,110719.20,4811.9017912,N,01136.4418057,E,4,15,0.8,505.4015,M,47.5433,M,1.2,3458*4A
$GPGST,110719.20,0.185,0.007,0.005,358.445,0.007,0.005,0.010*5C
$GPRMC,110719.30,A,4811.9016427,N,01136.4424348,E,16.1,109.2,221220,3.6,W,D*19
$GPGGA,110719.30,4811.9016427,N,01136.4424348,E,4,15,0.8,505.3999,M,47.5433,M,1.3,3458*48
$GPGST,110719.30,0.185,0.007,0.005,358.676,0.007,0.005,0.010*5F
$GPRMC,110719.40,A,4811.9014932,N,01136.4430617,E,16.0,109.7,221220,3.6,W,D*1B
$GPGGA,110719.40,4811.9014932,N,01136.4430617,E,4,15,0.8,505.3975,M,47.5433,M,1.4,3458*4B
$GPGST,110719.40,0.185,0.007,0.005,358.891,0.007,0.005,0.010*5F
$GPRMC,110719.50,A,4811.9013468,N,01136.4436843,E,15.9,109.7,221220,3.6,W,D*1C
$GPGGA,110719.50,4811.9013468,N,01136.4436843,E,4,15,0.8,505.3976,M,47.5433,M,1.5,3458*44
$GPGST,110719.50,0.185,0.007,0.005,359.226,0.007,0.005,0.010*59
$GPRMC,110719.60,A,4811.9012008,N,01136.4442958,E,15.6,109.5,221220,3.6,W,D*19
$GPGGA,110719.60,4811.9012008,N,01136.4442958,E,4,15,0.8,505.3972,M,47.5433,M,0.6,3458*4A
$GPGST,110719.60,0.346,0.007,0.005,359.379,0.007,0.005,0.010*5C
$GPRMC,110719.70,A,4811.9010572,N,01136.4449054,E,15.4,109.4,221220,3.6,W,D*1F
$GPGGA,110719.70,4811.9010572,N,01136.4449054,E,4,15,0.8,505.3918,M,47.5433,M,0.7,3458*42
$GPGST,110719.70,0.346,0.007,0.005,359.226,0.007,0.005,0.010*56
$GPRMC,110719.80,A,4811.9009120,N,01136.4455143,E,15.5,109.4,221220,3.6,W,D*10
$GPGGA,110719.80,4811.9009120,N,01136.4455143,E,4,15,0.8,505.3843,M,47.5433,M,0.8,3458*4C
$GPGST,110719.80,0.346,0.007,0.005,359.165,0.007,0.005,0.010*5D
$GPRMC,110719.90,A,4811.9007676,N,01136.4461208,E,15.5,109.6,221220,3.6,W,D*12
$GPGGA,110719.90,4811.9007676,N,01136.4461208,E,4,15,0.8,505.3863,M,47.5433,M,0.9,3458*4F
$GPGST,110719.90,0.346,0.007,0.005,359.038,0.007,0.005,0.010*55
$GPRMC,110720.00,A,4811.9006220,N,01136.4467211,E,15.4,109.9,221220,3.6,W,D*17
$GPGGA,110720.00,4811.9006220,N,01136.4467211,E,4,15,0.8,505.3934,M,47.5433,M,1.0,3458*4F
$GPGST,110720.00,0.346,0.007,0.005,359.222,0.007,0.005,0.010*5F
$GPRMC,110720.10,A,4811.9004793,N,01136.4473084,E,15.0,110.0,221220,3.6,W,D*17
$GPGGA,110720.10,4811.9004793,N,01136.4473084,E,4,15,0.8,505.4002,M,47.5432,M,1.1,3458*41
$GPGST,110720.10,0.231,0.007,0.005,359.263,0.007,0.005,0.010*5A
$GPRMC,110720.20,A,4811.9003396,N,01136.4478902,E,14.7,109.9,221220,3.6,W,D*19
$GPGGA,110720.20,4811.9003396,N,01136.4478902,E,4,15,0.8,505.4045,M,47.5432,M,1.2,3458*48
$GPGST,110720.20,0.231,0.006,0.005,358.933,0.006,0.005,0.010*56
$GPRMC,110720.30,A,4811.9002056,N,01136.4484694,E,14.6,109.1,221220,3.6,W,D*1C
$GPGGA,110720.30,4811.9002056,N,01136.4484694,E,4,15,0.8,505.3981,M,47.5432,M,1.3,3458*43
$GPGST,110720.30,0.231,0.006,0.005,358.495,0.006,0.005,0.010*56
$GPRMC,110720.40,A,4811.9000799,N,01136.4490399,E,14.4,108.0,221220,3.6,W,D*12
$GPGGA,110720.40,4811.9000799,N,01136.4490399,E,4,15,0.8,505.3988,M,47.5432,M,1.4,3458*41
$GPGST,110720.40,0.231,0.006,0.005,358.278,0.006,0.005,0.010*54
$GPRMC,110720.50,A,4811.8999694,N,01136.4495879,E,13.8,106.5,221220,3.6,W,D*17
$GPGGA,110720.50,4811.8999694,N,01136.4495879,E,4,15,0.8,505.4125,M,47.5432,M,1.5,3458*4D
$GPGST,110720.50,0.231,0.007,0.005,357.108,0.007,0.005,0.011*5F
$GPRMC,110720.60,A,4811.8998676,N,01136.4501173,E,13.0,105.1,221220,3.6,W,D*19
$GPGGA,110720.60,4811.8998676,N,01136.4501173,E,4,16,0.7,505.3983,M,47.5432,M,0.6,3458*41
$GPGST,110720.60,0.164,0.007,0.006,357.155,0.007,0.006,0.012*54
$GPRMC,110720.70,A,4811.8997780,N,01136.4506329,E,12.5,103.9,221220,3.6,W,D*1F
$GPGGA,110720.70,4811.8997780,N,01136.4506329,E,4,16,0.7,505.3880,M,47.5432,M,0.7,3458*4E
$GPGST,110720.70,0.164,0.007,0.006,357.522,0.007,0.006,0.012*51
$GPRMC,110720.80,A,4811.8996958,N,01136.4511347,E,12.2,102.9,221220,3.6,W,D*12
$GPGGA,110720.80,4811.8996958,N,01136.4511347,E,4,16,0.7,505.3962,M,47.5432,M,0.8,3458*47
$GPGST,110720.80,0.164,0.007,0.006,357.933,0.007,0.006,0.012*52
$GPRMC,110720.90,A,4811.8996245,N,01136.4516282,E,11.9,101.6,221220,3.6,W,D*1F
$GPGGA,110720.90,4811.8996245,N,01136.4516282,E,4,16,0.7,505.3920,M,47.5432,M,0.9,3458*49
$GPGST,110720.90,0.164,0.007,0.006,358.560,0.007,0.006,0.012*56
$GPRMC,110721.00,A,4811.8995637,N,01136.4521038,E,11.6,100.0,221220,3.6,W,D*1A
$GPGGA,110721.00,4811.8995637,N,01136.4521038,E,4,16,0.7,505.3967,M,47.5432,M,1.0,3458*4F
$GPGST,110721.00,0.164,0.007,0.006,358.924,0.007,0.006,0.012*52
$GPRMC,110721.10,A,4811.8995180,N,01136.4525723,E,11.2,97.7,221220,3.6,W,D*25
$GPGGA,110721.10,4811.8995180,N,01136.4525723,E,4,15,0.8,505.3989,M,47.5432,M,1.1,3458*41
$GPGST,110721.10,0.098,0.007,0.006,358.509,0.007,0.006,0.012*52
$GPRMC,110721.20,A,4811.8994872,N,01136.4530288,E,10.9,94.6,221220,3.6,W,D*2B
$GPGGA,110721.20,4811.8994872,N,01136.4530288,E,4,15,0.8,505.3989,M,47.5432,M,1.2,3458*44
$GPGST,110721.20,0.098,0.007,0.006,358.354,0.007,0.006,0.012*5F
$GPRMC,110721.30,A,4811.8994741,N,01136.4534759,E,10.6,91.2,221220,3.6,W,D*26
$GPGGA,110721.30,4811.8994741,N,01136.4534759,E,4,15,0.8,505.4069,M,47.5432,M,1.3,3458*46
$GPGST,110721.30,0.098,0.007,0.006,358.341,0.007,0.006,0.012*5A
$GPRMC,110721.40,A,4811.8994754,N,01136.4539143,E,10.4,87.9,221220,3.6,W,D*2B
$GPGGA,110721.40,4811.8994754,N,01136.4539143,E,4,15,0.8,505.4139,M,47.5432,M,1.4,3458*46
$GPGST,110721.40,0.098,0.007,0.006,358.429,0.007,0.006,0.012*54
$GPRMC,110721.50,A,4811.8994907,N,01136.4543373,E,10.2,85.2,221220,3.6,W,D*21
$GPGGA,110721.50,4811.8994907,N,01136.4543373,E,4,15,0.8,505.4148,M,47.5432,M,1.5,3458*44
$GPGST,110721.50,0.098,0.008,0.006,358.335,0.008,0.006,0.012*5F
$GPRMC,110721.60,A,4811.8995172,N,01136.4547509,E,9.9,82.8,221220,3.6,W,D*18
$GPGGA,110721.60,4811.8995172,N,01136.4547509,E,4,15,0.8,505.4198,M,47.5432,M,0.6,3458*4C
$GPGST,110721.60,0.234,0.008,0.006,358.118,0.008,0.006,0.012*55
$GPRMC,110721.70,A,4811.8995581,N,01136.4551549,E,9.7,80.3,221220,3.6,W,D*15
$GPGGA,110721.70,4811.8995581,N,01136.4551549,E,4,15,0.8,505.4258,M,47.5432,M,0.7,3458*48
$GPGST,110721.70,0.234,0.008,0.006,357.745,0.008,0.006,0.012*55
$GPRMC,110721.80,A,4811.8996114,N,01136.4555454,E,9.6,77.0,221220,3.6,W,D*12
$GPGGA,110721.80,4811.8996114,N,01136.4555454,E,4,15,0.8,505.4316,M,47.5432,M,0.8,3458*41
$GPGST,110721.80,0.234,0.008,0.006,357.258,0.008,0.006,0.012*53
$GPRMC,110721.90,A,4811.8996796,N,01136.4559316,E,9.5,73.7,221220,3.6,W,D*12
$GPGGA,110721.90,4811.8996796,N,01136.4559316,E,4,15,0.8,505.4341,M,47.5432,M,0.9,3458*42
$GPGST,110721.90,0.234,0.008,0.006,356.994,0.008,0.006,0.012*58
$GPRMC,110722.00,A,4811.8997609,N,01136.4563050,E,9.5,70.4,221220,3.6,W,D*16
$GPGGA,110722.00,4811.8997609,N,01136.4563050,E,4,15,0.8,505.4397,M,47.5432,M,1.0,3458*45
$GPGST,110722.00,0.234,0.008,0.006,356.695,0.008,0.006,0.012*5C
$GPRMC,110722.10,A,4811.8998566,N,01136.4566693,E,9.4,66.9,221220,3.6,W,D*15
$GPGGA,110722.10,4811.8998566,N,01136.4566693,E,4,15,0.8,505.4447,M,47.5431,M,1.1,3458*45
$GPGST,110722.10,0.171,0.008,0.006,356.359,0.008,0.006,0.012*5A
$GPRMC,110722.20,A,4811.8999653,N,01136.4570211,E,9.3,63.5,221220,3.6,W,D*15
$GPGGA,110722.20,4811.8999653,N,01136.4570211,E,4,15,0.8,505.4504,M,47.5431,M,1.2,3458*4E
$GPGST,110722.20,0.171,0.008,0.006,356.306,0.008,0.006,0.012*53
$GPRMC,110722.30,A,4811.9000865,N,01136.4573594,E,9.3,60.1,221220,3.6,W,D*19
$GPGGA,110722.30,4811.9000865,N,01136.4573594,E,4,15,0.8,505.4534,M,47.5431,M,1.3,3458*47
$GPGST,110722.30,0.171,0.008,0.006,356.272,0.008,0.006,0.012*50
$GPRMC,110722.40,A,4811.9002178,N,01136.4576853,E,9.2,57.1,221220,3.6,W,D*1F
$GPGGA,110722.40,4811.9002178,N,01136.4576853,E,4,15,0.8,505.4574,M,47.5431,M,1.4,3458*47
$GPGST,110722.40,0.171,0.008,0.006,356.391,0.008,0.006,0.012*5B
$GPRMC,110722.50,A,4811.9003616,N,01136.4579980,E,9.1,53.9,221220,3.6,W,D*1F
$GPGGA,110722.50,4811.9003616,N,01136.4579980,E,4,15,0.8,505.4566,M,47.5431,M,1.5,3458*4A
$GPGST,110722.50,0.171,0.007,0.005,357.502,0.007,0.005,0.011*54
$GPRMC,110722.60,A,4811.9005137,N,01136.4583057,E,9.2,51.6,221220,3.6,W,D*16
$GPGGA,110722.60,4811.9005137,N,01136.4583057,E,4,15,0.8,505.4605,M,47.5431,M,0.6,3458*49
$GPGST,110722.60,0.238,0.007,0.005,357.921,0.007,0.005,0.011*54
$GPRMC,110722.70,A,4811.9006751,N,01136.4586016,E,9.2,49.8,221220,3.6,W,D*15
$GPGGA,110722.70,4811.9006751,N,01136.4586016,E,4,15,0.8,505.4655,M,47.5431,M,0.7,3458*49
$GPGST,110722.70,0.238,0.008,0.006,357.078,0.008,0.006,0.012*53
$GPRMC,110722.80,A,4811.9008486,N,01136.4588857,E,9.3,46.6,221220,3.6,W,D*1E
$GPGGA,110722.80,4811.9008486,N,01136.4588857,E,4,15,0.8,505.4707,M,47.5431,M,0.8,3458*4B
$GPGST,110722.80,0.238,0.008,0.006,357.241,0.008,0.006,0.012*54
$GPRMC,110722.90,A,4811.9010334,N,01136.4591563,E,9.4,43.0,221220,3.6,W,D*1E
$GPGGA,110722.90,4811.9010334,N,01136.4591563,E,4,15,0.8,505.4763,M,47.5431,M,0.9,3458*4C
$GPGST,110722.90,0.238,0.008,0.006,357.610,0.008,0.006,0.012*55
$GPRMC,110723.00,A,4811.9012254,N,01136.4594093,E,9.3,39.8,221220,3.6,W,D*1E
$GPGGA,110723.00,4811.9012254,N,01136.4594093,E,4,15,0.8,505.4828,M,47.5431,M,1.0,3458*46
$GPGST,110723.00,0.238,0.008,0.006,357.888,0.008,0.006,0.012*52
$GPRMC,110723.10,A,4811.9014241,N,01136.4596480,E,9.2,37.1,221220,3.6,W,D*1F
$GPGGA,110723.10,4811.9014241,N,01136.4596480,E,4,15,0.8,505.4826,M,47.5431,M,1.1,3458*4E
$GPGST,110723.10,0.168,0.008,0.006,357.723,0.008,0.006,0.012*5B
$GPRMC,110723.20,A,4811.9016316,N,01136.4598692,E,9.2,34.2,221220,3.6,W,D*12
$GPGGA,110723.20,4811.9016316,N,01136.4598692,E,4,15,0.8,505.4873,M,47.5431,M,1.2,3458*40
$GPGST,110723.20,0.168,0.008,0.006,357.396,0.008,0.006,0.012*52
$GPRMC,110723.30,A,4811.9018518,N,01136.4600746,E,9.3,30.5,221220,3.6,W,D*1D
$GPGGA,110723.30,4811.9018518,N,01136.4600746,E,4,15,0.8,505.4848,M,47.5431,M,1.3,3458*44
$GPGST,110723.30,0.168,0.008,0.006,357.254,0.008,0.006,0.012*5C
$GPRMC,110723.40,A,4811.9020783,N,01136.4602567,E,9.4,26.7,221220,3.6,W,D*10
$GPGGA,110723.40,4811.9020783,N,01136.4602567,E,4,15,0.8,505.4845,M,47.5431,M,1.4,3458*41
$GPGST,110723.40,0.168,0.008,0.006,357.113,0.008,0.006,0.012*5B
$GPRMC,110723.50,A,4811.9023097,N,01136.4604139,E,9.2,22.7,221220,3.6,W,D*1B
$GPGGA,110723.50,4811.9023097,N,01136.4604139,E,4,15,0.8,505.4853,M,47.5431,M,1.5,3458*4E
$GPGST,110723.50,0.168,0.008,0.006,356.747,0.008,0.006,0.012*5C
$GPRMC,110723.60,A,4811.9025496,N,01136.4605516,E,9.2,19.0,221220,3.6,W,D*1C
$GPGGA,110723.60,4811.9025496,N,01136.4605516,E,4,15,0.8,505.4841,M,47.5431,M,0.6,3458*47
$GPGST,110723.60,0.192,0.008,0.006,356.635,0.008,0.006,0.012*5E
$GPRMC,110723.70,A,4811.9027946,N,01136.4606726,E,9.4,16.3,221220,3.6,W,D*17
$GPGGA,110723.70,4811.9027946,N,01136.4606726,E,4,15,0.8,505.4823,M,47.5431,M,0.7,3458*43
$GPGST,110723.70,0.192,0.008,0.006,356.951,0.008,0.006,0.012*52
$GPRMC,110723.80,A,4811.9030436,N,01136.4607762,E,9.4,14.1,221220,3.6,W,D*15
$GPGGA,110723.80,4811.9030436,N,01136.4607762,E,4,15,0.8,505.4748,M,47.5431,M,0.8,3458*4C
$GPGST,110723.80,0.192,0.008,0.006,357.167,0.008,0.006,0.012*51
$GPRMC,110723.90,A,4811.9033010,N,01136.4608571,E,9.5,10.8,221220,3.6,W,D*14
$GPGGA,110723.90,4811.9033010,N,01136.4608571,E,4,15,0.8,505.4709,M,47.5431,M,0.9,3458*45
$GPGST,110723.90,0.192,0.008,0.006,357.044,0.008,0.006,0.012*50
$GPRMC,110724.00,A,4811.9035663,N,01136.4609104,E,9.7,6.3,221220,3.6,W,D*27
$GPGGA,110724.00,4811.9035663,N,01136.4609104,E,4,15,0.8,505.4662,M,47.5431,M,1.0,3458*4C
$GPGST,110724.00,0.192,0.008,0.006,357.028,0.008,0.006,0.012*54
$GPRMC,110724.10,A,4811.9038332,N,01136.4609367,E,9.8,1.9,221220,3.6,W,D*2F
$GPGGA,110724.10,4811.9038332,N,01136.4609367,E,4,15,0.8,505.4668,M,47.5431,M,1.1,3458*4D
$GPGST,110724.10,0.123,0.008,0.006,356.573,0.008,0.006,0.012*55
$GPRMC,110724.20,A,4811.9041036,N,01136.4609468,E,9.8,359.1,221220,3.6,W,D*2B
$GPGGA,110724.20,4811.9041036,N,01136.4609468,E,4,15,0.8,505.4561,M,47.5431,M,1.2,3458*46
$GPGST,110724.20,0.123,0.008,0.006,356.410,0.008,0.006,0.012*52
$GPRMC,110724.30,A,4811.9043761,N,01136.4609304,E,9.9,356.6,221220,3.6,W,D*29
$GPGGA,110724.30,4811.9043761,N,01136.4609304,E,4,15,0.8,505.4551,M,47.5431,M,1.3,3458*4F
$GPGST,110724.30,0.123,0.008,0.006,356.323,0.008,0.006,0.012*54
$GPRMC,110724.40,A,4811.9046505,N,01136.4608933,E,10.0,353.2,221220,3.6,W,D*14
$GPGGA,110724.40,4811.9046505,N,01136.4608933,E,4,15,0.8,505.4498,M,47.5431,M,1.4,3458*41
$GPGST,110724.40,0.123,0.008,0.006,356.157,0.008,0.006,0.012*52
$GPRMC,110724.50,A,4811.9049230,N,01136.4608281,E,10.1,349.7,221220,3.6,W,D*16
$GPGGA,110724.50,4811.9049230,N,01136.4608281,E,4,15,0.8,505.4473,M,47.5431,M,1.5,3458*48
$GPGST,110724.50,0.123,0.008,0.006,356.494,0.008,0.006,0.012*59
$GPRMC,110724.60,A,4811.9051938,N,01136.4607348,E,10.1,345.5,221220,3.6,W,D*1A
$GPGGA,110724.60,4811.9051938,N,01136.4607348,E,4,15,0.8,505.4478,M,47.5431,M,0.6,3458*43
$GPGST,110724.60,0.143,0.008,0.006,356.652,0.008,0.006,0.012*54
$GPRMC,110724.70,A,4811.9054645,N,01136.4606169,E,10.2,341.8,221220,3.6,W,D*11
$GPGGA,110724.70,4811.9054645,N,01136.4606169,E,4,15,0.8,505.4489,M,47.5431,M,0.7,3458*4D
$GPGST,110724.70,0.143,0.008,0.006,356.705,0.008,0.006,0.012*56
$GPRMC,110724.80,A,4811.9057327,N,01136.4604853,E,10.3,339.9,221220,3.6,W,D*11
$GPGGA,110724.80,4811.9057327,N,01136.4604853,E,4,15,0.8,505.4365,M,47.5431,M,0.8,3458*48
$GPGST,110724.80,0.143,0.008,0.006,357.024,0.008,0.006,0.012*5C
$GPRMC,110724.90,A,4811.9060015,N,01136.4603252,E,10.4,337.6,221220,3.6,W,D*1C
$GPGGA,110724.90,4811.9060015,N,01136.4603252,E,4,15,0.8,505.4325,M,47.5431,M,0.9,3458*46
$GPGST,110724.90,0.143,0.008,0.006,356.999,0.008,0.006,0.012*53
$GPRMC,110725.00,A,4811.9062705,N,01136.4601457,E,10.7,334.5,221220,3.6,W,D*12
$GPGGA,110725.00,4811.9062705,N,01136.4601457,E,4,15,0.8,505.4270,M,47.5431,M,1.0,3458*42
$GPGST,110725.00,0.143,0.008,0.006,357.039,0.008,0.006,0.012*59
$GPRMC,110725.10,A,4811.9065324,N,01136.4599458,E,10.8,331.8,221220,3.6,W,D*19
$GPGGA,110725.10,4811.9065324,N,01136.4599458,E,4,15,0.8,505.4255,M,47.5431,M,1.1,3458*48
$GPGST,110725.10,0.094,0.008,0.006,356.966,0.008,0.006,0.012*51
$GPRMC,110725.20,A,4811.9067930,N,01136.4597338,E,10.7,329.8,221220,3.6,W,D*1E
$GPGGA,110725.20,4811.9067930,N,01136.4597338,E,4,15,0.8,505.4214,M,47.5431,M,1.2,3458*4F
$GPGST,110725.20,0.094,0.008,0.006,356.633,0.008,0.006,0.012*5D
$GPRMC,110725.30,A,4811.9070447,N,01136.4595149,E,10.6,328.7,221220,3.6,W,D*1D
$GPGGA,110725.30,4811.9070447,N,01136.4595149,E,4,15,0.8,505.4210,M,47.5431,M,1.3,3458*46
$GPGST,110725.30,0.094,0.008,0.006,356.530,0.008,0.006,0.012*5C
$GPRMC,110725.40,A,4811.9072930,N,01136.4592839,E,10.5,327.3,221220,3.6,W,D*14
$GPGGA,110725.40,4811.9072930,N,01136.4592839,E,4,15,0.8,505.4164,M,47.5431,M,1.4,3458*40
$GPGST,110725.40,0.094,0.008,0.006,356.706,0.008,0.006,0.012*5C
$GPRMC,110725.50,A,4811.9075284,N,01136.4590346,E,10.4,324.3,221220,3.6,W,D*15
$GPGGA,110725.50,4811.9075284,N,01136.4590346,E,4,15,0.8,505.4143,M,47.5431,M,1.5,3458*47
$GPGST,110725.50,0.094,0.008,0.006,356.715,0.008,0.006,0.012*5F
$GPRMC,110725.60,A,4811.9077595,N,01136.4587619,E,10.5,320.4,221220,3.6,W,D*18
$GPGGA,110725.60,4811.9077595,N,01136.4587619,E,4,15,0.8,505.4017,M,47.5431,M,0.6,3458*4A
$GPGST,110725.60,0.295,0.008,0.006,356.776,0.008,0.006,0.012*5A
$GPRMC,110725.70,A,4811.9079831,N,01136.4584765,E,10.7,317.7,221220,3.6,W,D*18
$GPGGA,110725.70,4811.9079831,N,01136.4584765,E,4,15,0.8,505.3995,M,47.5431,M,0.7,3458*4A
$GPGST,110725.70,0.295,0.008,0.006,356.874,0.008,0.006,0.012*56
$GPRMC,110725.80,A,4811.9082091,N,01136.4581822,E,10.8,317.2,221220,3.6,W,D*12
$GPGGA,110725.80,4811.9082091,N,01136.4581822,E,4,15,0.8,505.3914,M,47.5431,M,0.8,3458*4C
$GPGST,110725.80,0.295,0.008,0.006,356.923,0.008,0.006,0.012*5A
$GPRMC,110725.90,A,4811.9084240,N,01136.4578739,E,10.8,316.0,221220,3.6,W,D*1B
$GPGGA,110725.90,4811.9084240,N,01136.4578739,E,4,15,0.8,505.3993,M,47.5431,M,0.9,3458*48
$GPGST,110725.90,0.295,0.007,0.005,358.079,0.007,0.005,0.011*50
$GPRMC,110726.00,A,4811.9086301,N,01136.4575565,E,10.7,313.1,221220,3.6,W,D*1A
$GPGGA,110726.00,4811.9086301,N,01136.4575565,E,4,15,0.8,505.4046,M,47.5431,M,1.0,3458*4C
$GPGST,110726.00,0.295,0.007,0.005,359.281,0.007,0.005,0.010*5F
$GPRMC,110726.10,A,4811.9088227,N,01136.4572294,E,10.5,310.3,221220,3.6,W,D*1D
$GPGGA,110726.10,4811.9088227,N,01136.4572294,E,4,15,0.8,505.3973,M,47.5431,M,1.1,3458*41
$GPGST,110726.10,0.211,0.007,0.005,359.131,0.007,0.005,0.010*5A
$GPRMC,110726.20,A,4811.9090063,N,01136.4568929,E,10.4,307.8,221220,3.6,W,D*1F
$GPGGA,110726.20,4811.9090063,N,01136.4568929,E,4,15,0.8,505.3867,M,47.5431,M,1.2,3458*48
$GPGST,110726.20,0.211,0.007,0.005,358.936,0.007,0.005,0.010*57
$GPRMC,110726.30,A,4811.9091848,N,01136.4565516,E,10.4,306.5,221220,3.6,W,D*1F
$GPGGA,110726.30,4811.9091848,N,01136.4565516,E,4,15,0.8,505.3833,M,47.5431,M,1.3,3458*44
$GPGST,110726.30,0.211,0.007,0.005,358.728,0.007,0.005,0.010*57
$GPRMC,110726.40,A,4811.9093669,N,01136.4562093,E,10.5,307.2,221220,3.6,W,D*1F
$GPGGA,110726.40,4811.9093669,N,01136.4562093,E,4,15,0.8,505.3781,M,47.5431,M,1.4,3458*42
$GPGST,110726.40,0.211,0.007,0.005,358.806,0.007,0.005,0.010*53
$GPRMC,110726.50,A,4811.9095500,N,01136.4558555,E,10.8,307.8,221220,3.6,W,D*15
$GPGGA,110726.50,4811.9095500,N,01136.4558555,E,4,15,0.8,505.3755,M,47.5431,M,1.5,3458*47
$GPGST,110726.50,0.211,0.007,0.005,358.481,0.007,0.005,0.010*51
$GPRMC,110726.60,A,4811.9097276,N,01136.4554949,E,10.9,306.5,221220,3.6,W,D*12
$GPGGA,110726.60,4811.9097276,N,01136.4554949,E,4,15,0.8,505.3769,M,47.5432,M,0.6,3458*43
$GPGST,110726.60,0.159,0.007,0.005,358.883,0.007,0.005,0.010*53
$GPRMC,110726.70,A,4811.9098995,N,01136.4551334,E,10.8,304.8,221220,3.6,W,D*11
$GPGGA,110726.70,4811.9098995,N,01136.4551334,E,4,15,0.8,505.3776,M,47.5432,M,0.7,3458*41
$GPGST,110726.70,0.159,0.007,0.005,358.934,0.007,0.005,0.010*5F
$GPRMC,110726.80,A,4811.9100635,N,01136.4547721,E,10.5,303.7,221220,3.6,W,D*19
$GPGGA,110726.80,4811.9100635,N,01136.4547721,E,4,15,0.8,505.3801,M,47.5432,M,0.8,3458*4C
$GPGST,110726.80,0.159,0.006,0.005,359.120,0.006,0.005,0.010*5C
$GPRMC,110726.90,A,4811.9102229,N,01136.4544165,E,10.3,303.0,221220,3.6,W,D*17
$GPGGA,110726.90,4811.9102229,N,01136.4544165,E,4,15,0.8,505.3857,M,47.5432,M,0.9,3458*41
$GPGST,110726.90,0.159,0.006,0.005,359.311,0.006,0.005,0.010*5D
$GPRMC,110727.00,A,4811.9103750,N,01136.4540556,E,10.1,302.1,221220,3.6,W,D*17
$GPGGA,110727.00,4811.9103750,N,01136.4540556,E,4,15,0.8,505.3837,M,47.5432,M,1.0,3458*4D
$GPGST,110727.00,0.159,0.006,0.005,359.049,0.006,0.005,0.010*5B
$GPRMC,110727.10,A,4811.9105231,N,01136.4536901,E,10.2,300.6,221220,3.6,W,D*1B
$GPGGA,110727.10,4811.9105231,N,01136.4536901,E,4,15,0.8,505.3736,M,47.5432,M,1.1,3458*48
$GPGST,110727.10,0.123,0.006,0.005,358.881,0.006,0.005,0.010*5A
$GPRMC,110727.20,A,4811.9106754,N,01136.4533210,E,10.4,300.7,221220,3.6,W,D*14
$GPGGA,110727.20,4811.9106754,N,01136.4533210,E,4,15,0.8,505.3690,M,47.5432,M,1.2,3458*4E
$GPGST,110727.20,0.123,0.006,0.005,358.902,0.006,0.005,0.010*53
$GPRMC,110727.30,A,4811.9108271,N,01136.4529534,E,10.5,301.7,221220,3.6,W,D*13
$GPGGA,110727.30,4811.9108271,N,01136.4529534,E,4,15,0.8,505.3657,M,47.5432,M,1.3,3458*43
$GPGST,110727.30,0.123,0.006,0.005,358.744,0.006,0.005,0.010*5E
$GPRMC,110727.40,A,4811.9109736,N,01136.4525859,E,10.4,301.2,221220,3.6,W,D*1D
$GPGGA,110727.40,4811.9109736,N,01136.4525859,E,4,15,0.8,505.3678,M,47.5432,M,1.4,3458*43
$GPGST,110727.40,0.123,0.006,0.005,359.158,0.006,0.005,0.010*53
$GPRMC,110727.50,A,4811.9111059,N,01136.4522204,E,10.0,298.6,221220,3.6,W,D*1F
$GPGGA,110727.50,4811.9111059,N,01136.4522204,E,4,15,0.8,505.3802,M,47.5432,M,1.5,3458*42
$GPGST,110727.50,0.123,0.007,0.005,359.805,0.007,0.005,0.010*53
$GPRMC,110727.60,A,4811.9112320,N,01136.4518675,E,9.6,296.7,221220,3.6,W,D*28
$GPGGA,110727.60,4811.9112320,N,01136.4518675,E,4,16,0.7,505.3746,M,47.5432,M,0.6,3458*45
$GPGST,110727.60,0.335,0.007,0.005,0.148,0.007,0.005,0.010*5A
$GPRMC,110727.70,A,4811.9113573,N,01136.4515266,E,9.2,297.7,221220,3.6,W,D*26
$GPGGA,110727.70,4811.9113573,N,01136.4515266,E,4,16,0.7,505.3592,M,47.5432,M,0.7,3458*44
$GPGST,110727.70,0.335,0.007,0.005,359.874,0.007,0.005,0.010*52
$GPRMC,110727.80,A,4811.9114854,N,01136.4511838,E,9.2,299.4,221220,3.6,W,D*2E
$GPGGA,110727.80,4811.9114854,N,01136.4511838,E,4,16,0.7,505.3500,M,47.5432,M,0.8,3458*45
$GPGST,110727.80,0.335,0.007,0.005,359.709,0.007,0.005,0.010*58
$GPRMC,110727.90,A,4811.9116122,N,01136.4508265,E,9.7,298.6,221220,3.6,W,D*29
$GPGGA,110727.90,4811.9116122,N,01136.4508265,E,4,16,0.7,505.3443,M,47.5432,M,0.9,3458*43
$GPGST,110727.90,0.335,0.007,0.005,359.823,0.007,0.005,0.010*5E
$GPRMC,110728.00,A,4811.9117285,N,01136.4504627,E,9.9,295.6,221220,3.6,W,D*2D
$GPGGA,110728.00,4811.9117285,N,01136.4504627,E,4,16,0.7,505.3506,M,47.5432,M,1.0,3458*4C
$GPGST,110728.00,0.335,0.007,0.005,359.851,0.007,0.005,0.010*5D
$GPRMC,110728.10,A,4811.9118369,N,01136.4501013,E,9.6,293.0,221220,3.6,W,D*2B
$GPGGA,110728.10,4811.9118369,N,01136.4501013,E,4,16,0.7,505.3573,M,47.5432,M,1.1,3458*46
$GPGST,110728.10,0.259,0.006,0.005,359.377,0.006,0.005,0.010*58
$GPRMC,110728.20,A,4811.9119421,N,01136.4497459,E,9.3,292.7,221220,3.6,W,D*25
$GPGGA,110728.20,4811.9119421,N,01136.4497459,E,4,16,0.7,505.3581,M,47.5432,M,1.2,3458*45
$GPGST,110728.20,0.259,0.006,0.005,359.095,0.006,0.005,0.010*54
$GPRMC,110728.30,A,4811.9120490,N,01136.4493937,E,9.2,293.8,221220,3.6,W,D*2A
$GPGGA,110728.30,4811.9120490,N,01136.4493937,E,4,16,0.7,505.3497,M,47.5432,M,1.3,3458*42
$GPGST,110728.30,0.259,0.007,0.005,358.862,0.007,0.005,0.011*55
$GPRMC,110728.40,A,4811.9121567,N,01136.4490404,E,9.3,294.6,221220,3.6,W,D*23
$GPGGA,110728.40,4811.9121567,N,01136.4490404,E,4,16,0.7,505.3393,M,47.5432,M,1.4,3458*47
$GPGST,110728.40,0.259,0.007,0.006,358.787,0.007,0.006,0.012*55
$GPRMC,110728.50,A,4811.9122568,N,01136.4486660,E,9.6,292.7,221220,3.6,W,D*2B
$GPGGA,110728.50,4811.9122568,N,01136.4486660,E,4,16,0.7,505.3357,M,47.5432,M,1.5,3458*44
$GPGST,110728.50,0.259,0.008,0.006,359.536,0.008,0.006,0.012*5D
$GPRMC,110728.60,A,4811.9123616,N,01136.4482709,E,10.3,290.5,221220,3.6,W,D*14
$GPGGA,110728.60,4811.9123616,N,01136.4482709,E,4,16,0.7,505.3141,M,47.5432,M,0.6,3458*41
$GPGST,110728.60,0.276,0.008,0.006,0.235,0.008,0.006,0.012*58
$GPRMC,110728.70,A,4811.9124656,N,01136.4478591,E,10.8,290.3,221220,3.6,W,D*1D
$GPGGA,110728.70,4811.9124656,N,01136.4478591,E,4,16,0.7,505.2860,M,47.5432,M,0.7,3458*4F
$GPGST,110728.70,0.276,0.008,0.006,1.361,0.008,0.006,0.012*58
$GPRMC,110728.80,A,4811.9125794,N,01136.4474530,E,10.9,291.6,221220,3.6,W,D*1E
$GPGGA,110728.80,4811.9125794,N,01136.4474530,E,4,16,0.7,505.2279,M,47.5432,M,0.8,3458*44
$GPGST,110728.80,0.276,0.008,0.006,2.562,0.008,0.006,0.012*51
$GPRMC,110728.90,A,4811.9126875,N,01136.4470375,E,10.8,292.3,221220,3.6,W,D*18
$GPGGA,110728.90,4811.9126875,N,01136.4470375,E,4,16,0.7,505.1828,M,47.5432,M,0.9,3458*49
$GPGST,110728.90,0.276,0.008,0.006,2.989,0.008,0.006,0.012*59
$GPRMC,110729.00,A,4811.9127936,N,01136.4466315,E,10.6,291.2,221220,3.6,W,D*1A
$GPGGA,110729.00,4811.9127936,N,01136.4466315,E,4,16,0.7,505.1421,M,47.5432,M,1.0,3458*4A
$GPGST,110729.00,0.276,0.008,0.006,2.681,0.008,0.006,0.012*56
$GPRMC,110729.10,A,4811.9128881,N,01136.4462277,E,10.3,289.4,221220,3.6,W,D*12
$GPGGA,110729.10,4811.9128881,N,01136.4462277,E,4,16,0.7,505.0951,M,47.5432,M,1.1,3458*42
$GPGST,110729.10,0.170,0.008,0.006,2.379,0.008,0.006,0.012*50
$GPRMC,110729.20,A,4811.9129865,N,01136.4458370,E,10.0,289.0,221220,3.6,W,D*12
$GPGGA,110729.20,4811.9129865,N,01136.4458370,E,4,16,0.7,505.0058,M,47.5432,M,1.2,3458*46
$GPGST,110729.20,0.170,0.008,0.006,3.141,0.008,0.006,0.012*5B
$GPRMC,110729.30,A,4811.9130863,N,01136.4454482,E,9.9,290.9,221220,3.6,W,D*2B
$GPGGA,110729.30,4811.9130863,N,01136.4454482,E,4,16,0.7,504.8929,M,47.5432,M,1.3,3458*48
$GPGST,110729.30,0.170,0.008,0.006,3.357,0.008,0.006,0.012*5F
$GPRMC,110729.40,A,4811.9131890,N,01136.4450329,E,10.4,291.0,221220,3.6,W,D*1E
$GPGGA,110729.40,4811.9131890,N,01136.4450329,E,4,16,0.7,504.8044,M,47.5432,M,1.4,3458*45
$GPGST,110729.40,0.170,0.008,0.006,2.991,0.008,0.006,0.012*59
$GPRMC,110729.50,A,4811.9132834,N,01136.4446057,E,11.1,288.5,221220,3.6,W,D*16
$GPGGA,110729.50,4811.9132834,N,01136.4446057,E,4,16,0.7,504.7150,M,47.5432,M,1.5,3458*4E
$GPGST,110729.50,0.170,0.008,0.006,3.793,0.008,0.006,0.012*55
$GPRMC,110729.60,A,4811.9133763,N,01136.4441736,E,11.1,286.8,221220,3.6,W,D*1D
$GPGGA,110729.60,4811.9133763,N,01136.4441736,E,4,16,0.7,504.6313,M,47.5433,M,0.6,3458*41
$GPGST,110729.60,0.345,0.008,0.006,4.395,0.008,0.006,0.012*57
$GPRMC,110729.70,A,4811.9134740,N,01136.4437625,E,10.7,288.4,221220,3.6,W,D*1D
$GPGGA,110729.70,4811.9134740,N,01136.4437625,E,4,16,0.7,504.5421,M,47.5433,M,0.7,3458*40
$GPGST,110729.70,0.345,0.008,0.006,3.796,0.008,0.006,0.012*56
$GPRMC,110729.80,A,4811.9135688,N,01136.4433658,E,10.1,290.5,221220,3.6,W,D*16
$GPGGA,110729.80,4811.9135688,N,01136.4433658,E,4,16,0.7,504.4556,M,47.5433,M,0.8,3458*4A
$GPGST,110729.80,0.345,0.008,0.006,2.574,0.008,0.006,0.012*56
$GPRMC,110729.90,A,4811.9136602,N,01136.4429801,E,9.6,290.2,221220,3.6,W,D*27
$GPGGA,110729.90,4811.9136602,N,01136.4429801,E,4,16,0.7,504.3868,M,47.5433,M,0.9,3458*45
$GPGST,110729.90,0.345,0.008,0.006,1.906,0.008,0.006,0.012*5D
$GPRMC,110730.00,A,4811.9137498,N,01136.4426045,E,9.4,289.6,221220,3.6,W,D*2F
$GPGGA,110730.00,4811.9137498,N,01136.4426045,E,4,16,0.7,504.3088,M,47.5433,M,1.0,3458*4D
$GPGST,110730.00,0.345,0.008,0.006,1.626,0.008,0.006,0.012*51
$GPRMC,110730.10,A,4811.9138278,N,01136.4422247,E,9.4,287.8,221220,3.6,W,D*2D
$GPGGA,110730.10,4811.9138278,N,01136.4422247,E,4,16,0.7,504.2420,M,47.5433,M,1.1,3458*49
$GPGST,110730.10,0.220,0.008,0.006,2.641,0.008,0.006,0.012*50
$GPRMC,110730.20,A,4811.9139128,N,01136.4418465,E,9.5,287.1,221220,3.6,W,D*2E
$GPGGA,110730.20,4811.9139128,N,01136.4418465,E,4,16,0.7,504.1712,M,47.5433,M,1.2,3458*40
$GPGST,110730.20,0.220,0.008,0.006,2.988,0.008,0.006,0.012*59
$GPRMC,110730.30,A,4811.9139936,N,01136.4414635,E,9.7,288.0,221220,3.6,W,D*2F
$GPGGA,110730.30,4811.9139936,N,01136.4414635,E,4,16,0.7,504.1029,M,47.5433,M,1.3,3458*43
$GPGST,110730.30,0.220,0.008,0.006,3.605,0.008,0.006,0.012*53
$GPRMC,110730.40,A,4811.9140786,N,01136.4410887,E,9.6,288.4,221220,3.6,W,D*25
$GPGGA,110730.40,4811.9140786,N,01136.4410887,E,4,16,0.7,504.0256,M,47.5433,M,1.4,3458*40
$GPGST,110730.40,0.220,0.008,0.006,4.209,0.008,0.006,0.013*5A
$GPRMC,110730.50,A,4811.9141703,N,01136.4407161,E,9.5,290.3,221220,3.6,W,D*22
$GPGGA,110730.50,4811.9141703,N,01136.4407161,E,4,16,0.7,503.9517,M,47.5433,M,1.5,3458*47
$GPGST,110730.50,0.220,0.008,0.006,5.679,0.008,0.006,0.013*59
$GPRMC,110730.60,A,4811.9142562,N,01136.4403459,E,9.4,290.5,221220,3.6,W,D*2A
$GPGGA,110730.60,4811.9142562,N,01136.4403459,E,4,16,0.7,503.8877,M,47.5433,M,0.6,3458*40
$GPGST,110730.60,0.302,0.008,0.006,6.458,0.008,0.006,0.013*59
$GPRMC,110730.70,A,4811.9143378,N,01136.4399775,E,9.3,288.7,221220,3.6,W,D*22
$GPGGA,110730.70,4811.9143378,N,01136.4399775,E,4,16,0.7,503.8421,M,47.5433,M,0.7,3458*4A
$GPGST,110730.70,0.302,0.008,0.006,6.871,0.008,0.006,0.013*5F
$GPRMC,110730.80,A,4811.9144124,N,01136.4396177,E,9.1,287.0,221220,3.6,W,D*20
$GPGGA,110730.80,4811.9144124,N,01136.4396177,E,4,16,0.7,503.7575,M,47.5433,M,0.8,3458*42
$GPGST,110730.80,0.302,0.009,0.006,7.906,0.009,0.006,0.014*57
$GPRMC,110730.90,A,4811.9144839,N,01136.4392598,E,8.9,286.2,221220,3.6,W,D*2F
$GPGGA,110730.90,4811.9144839,N,01136.4392598,E,4,16,0.7,503.6908,M,47.5433,M,0.9,3458*41
$GPGST,110730.90,0.302,0.008,0.006,5.920,0.008,0.006,0.013*57
$GPRMC,110731.00,A,4811.9145598,N,01136.4389148,E,8.7,287.2,221220,3.6,W,D*2C
$GPGGA,110731.00,4811.9145598,N,01136.4389148,E,4,16,0.7,503.6077,M,47.5433,M,1.0,3458*44
$GPGST,110731.00,0.302,0.008,0.006,6.073,0.008,0.006,0.013*53
$GPRMC,110731.10,A,4811.9146360,N,01136.4385706,E,8.6,288.9,221220,3.6,W,D*2A
$GPGGA,110731.10,4811.9146360,N,01136.4385706,E,4,15,0.8,503.5517,M,47.5433,M,1.1,3458*4A
$GPGST,110731.10,0.131,0.009,0.006,7.597,0.009,0.006,0.014*59
$GPRMC,110731.20,A,4811.9147135,N,01136.4382367,E,8.5,289.9,221220,3.6,W,D*2C
$GPGGA,110731.20,4811.9147135,N,01136.4382367,E,4,15,0.8,503.4935,M,47.5433,M,1.2,3458*40
$GPGST,110731.20,0.131,0.009,0.006,8.027,0.009,0.006,0.014*5B
$GPRMC,110731.30,A,4811.9147917,N,01136.4379124,E,8.2,290.7,221220,3.6,W,D*25
$GPGGA,110731.30,4811.9147917,N,01136.4379124,E,4,15,0.8,503.4231,M,47.5433,M,1.3,3458*46
$GPGST,110731.30,0.131,0.009,0.006,9.039,0.009,0.006,0.014*54
$GPRMC,110731.40,A,4811.9148600,N,01136.4375968,E,7.9,289.4,221220,3.6,W,D*27
$GPGGA,110731.40,4811.9148600,N,01136.4375968,E,4,15,0.8,503.3526,M,47.5433,M,1.4,3458*4A
$GPGST,110731.40,0.131,0.009,0.006,8.859,0.009,0.006,0.014*5C
$GPRMC,110731.50,A,4811.9149238,N,01136.4372940,E,7.5,287.2,221220,3.6,W,D*21
$GPGGA,110731.50,4811.9149238,N,01136.4372940,E,4,15,0.8,503.2849,M,47.5433,M,1.5,3458*4C
$GPGST,110731.50,0.131,0.009,0.006,8.720,0.009,0.006,0.014*5C
$GPRMC,110731.60,A,4811.9149870,N,01136.4369853,E,7.5,285.5,221220,3.6,W,D*28
$GPGGA,110731.60,4811.9149870,N,01136.4369853,E,4,15,0.8,503.2127,M,47.5433,M,0.6,3458*43
$GPGST,110731.60,0.219,0.009,0.006,8.963,0.009,0.006,0.014*5F
$GPRMC,110731.70,A,4811.9150511,N,01136.4366843,E,7.7,287.0,221220,3.6,W,D*20
$GPGGA,110731.70,4811.9150511,N,01136.4366843,E,4,15,0.8,503.1564,M,47.5433,M,0.7,3458*4F
$GPGST,110731.70,0.219,0.009,0.006,8.344,0.009,0.006,0.015*50
$GPRMC,110731.80,A,4811.9151227,N,01136.4363875,E,7.6,289.9,221220,3.6,W,D*2A
$GPGGA,110731.80,4811.9151227,N,01136.4363875,E,4,15,0.8,503.1177,M,47.5433,M,0.8,3458*4A
$GPGST,110731.80,0.219,0.009,0.006,8.332,0.009,0.006,0.015*5E
$GPRMC,110731.90,A,4811.9151850,N,01136.4361007,E,7.3,289.7,221220,3.6,W,D*25
$GPGGA,110731.90,4811.9151850,N,01136.4361007,E,4,15,0.8,503.0685,M,47.5433,M,0.9,3458*44
$GPGST,110731.90,0.219,0.009,0.006,8.387,0.009,0.006,0.015*51
$GPRMC,110732.00,A,4811.9152472,N,01136.4358176,E,7.0,287.8,221220,3.6,W,D*2F
$GPGGA,110732.00,4811.9152472,N,01136.4358176,E,4,13,1.1,503.0181,M,47.5433,M,1.0,3458*49
$GPGST,110732.00,0.219,0.009,0.006,7.141,0.009,0.006,0.015*5C
$GPRMC,110732.10,A,4811.9153055,N,01136.4355394,E,6.9,287.5,221220,3.6,W,D*28
$GPGGA,110732.10,4811.9153055,N,01136.4355394,E,4,13,1.1,502.9522,M,47.5433,M,1.1,3458*4F
$GPGST,110732.10,0.137,0.010,0.006,7.322,0.010,0.006,0.016*56
$GPRMC,110732.20,A,4811.9153703,N,01136.4352624,E,6.9,289.9,221220,3.6,W,D*24
$GPGGA,110732.20,4811.9153703,N,01136.4352624,E,4,13,1.1,502.9018,M,47.5433,M,1.2,3458*4E
$GPGST,110732.20,0.137,0.010,0.006,7.271,0.010,0.006,0.016*52
$GPRMC,110732.30,A,4811.9154344,N,01136.4349916,E,7.0,290.9,221220,3.6,W,D*21
$GPGGA,110732.30,4811.9154344,N,01136.4349916,E,4,13,1.1,502.8422,M,47.5433,M,1.3,3458*46
$GPGST,110732.30,0.137,0.010,0.006,6.768,0.010,0.006,0.016*5F
$GPRMC,110732.40,A,4811.9154952,N,01136.4347205,E,6.8,290.0,221220,3.6,W,D*2C
$GPGGA,110732.40,4811.9154952,N,01136.4347205,E,4,13,1.1,502.7955,M,47.5433,M,1.4,3458*4E
$GPGST,110732.40,0.137,0.010,0.006,6.373,0.010,0.006,0.016*56
$GPRMC,110732.50,A,4811.9155536,N,01136.4344573,E,6.7,288.4,221220,3.6,W,D*25
$GPGGA,110732.50,4811.9155536,N,01136.4344573,E,4,13,1.1,502.7397,M,47.5433,M,1.5,3458*40
$GPGST,110732.50,0.137,0.010,0.006,5.751,0.010,0.006,0.016*50
$GPRMC,110732.60,A,4811.9155981,N,01136.4341960,E,6.4,286.1,221220,3.6,W,D*25
$GPGGA,110732.60,4811.9155981,N,01136.4341960,E,4,13,1.1,502.6829,M,47.5434,M,0.6,3458*42
$GPGST,110732.60,0.139,0.010,0.006,5.086,0.010,0.006,0.016*50
$GPRMC,110732.70,A,4811.9156549,N,01136.4339415,E,6.3,285.5,221220,3.6,W,D*2F
$GPGGA,110732.70,4811.9156549,N,01136.4339415,E,4,12,1.1,502.6705,M,47.5434,M,0.7,3458*49
$GPGST,110732.70,0.139,0.010,0.006,4.575,0.010,0.006,0.016*59
$GPRMC,110732.80,A,4811.9157131,N,01136.4336979,E,6.2,290.0,221220,3.6,W,D*22
$GPGGA,110732.80,4811.9157131,N,01136.4336979,E,4,12,1.1,502.6484,M,47.5434,M,0.8,3458*41
$GPGST,110732.80,0.139,0.010,0.006,4.215,0.010,0.006,0.017*56
$GPRMC,110732.90,A,4811.9157628,N,01136.4334639,E,5.9,289.7,221220,3.6,W,D*22
$GPGGA,110732.90,4811.9157628,N,01136.4334639,E,4,12,1.1,502.6146,M,47.5434,M,0.9,3458*4C
$GPGST,110732.90,0.139,0.011,0.006,4.080,0.011,0.006,0.017*59
$GPRMC,110733.00,A,4811.9158199,N,01136.4332301,E,5.7,288.4,221220,3.6,W,D*2C
$GPGGA,110733.00,4811.9158199,N,01136.4332301,E,4,12,1.1,502.5626,M,47.5434,M,1.0,3458*44
$GPGST,110733.00,0.139,0.011,0.006,4.319,0.011,0.006,0.018*5D
$GPRMC,110733.10,A,4811.9158697,N,01136.4330060,E,5.7,291.3,221220,3.6,W,D*2D
$GPGGA,110733.10,4811.9158697,N,01136.4330060,E,4,12,1.1,502.5261,M,47.5434,M,1.1,3458*4C
$GPGST,110733.10,0.141,0.011,0.006,4.191,0.011,0.006,0.018*51
$GPRMC,110733.20,A,4811.9159128,N,01136.4327926,E,5.4,287.2,221220,3.6,W,D*24
$GPGGA,110733.20,4811.9159128,N,01136.4327926,E,4,12,1.1,502.4956,M,47.5434,M,1.2,3458*4D
$GPGST,110733.20,0.141,0.011,0.006,3.708,0.011,0.007,0.019*53
$GPRMC,110733.30,A,4811.9159630,N,01136.4325770,E,5.2,286.4,221220,3.6,W,D*25
$GPGGA,110733.30,4811.9159630,N,01136.4325770,E,4,12,1.1,502.4685,M,47.5434,M,1.3,3458*4D
$GPGST,110733.30,0.141,0.011,0.007,3.355,0.011,0.007,0.020*55
$GPRMC,110733.40,A,4811.9159943,N,01136.4323744,E,5.1,284.7,221220,3.6,W,D*2A
$GPGGA,110733.40,4811.9159943,N,01136.4323744,E,4,12,1.1,502.4590,M,47.5434,M,1.4,3458*40
$GPGST,110733.40,0.141,0.011,0.007,3.177,0.011,0.007,0.020*50
$GPRMC,110733.50,A,4811.9160334,N,01136.4321889,E,4.6,282.9,221220,3.6,W,D*29
$GPGGA,110733.50,4811.9160334,N,01136.4321889,E,4,12,1.1,502.4525,M,47.5434,M,1.5,3458*42
$GPGST,110733.50,0.141,0.011,0.007,2.376,0.011,0.007,0.020*53
$GPRMC,110733.60,A,4811.9160637,N,01136.4319993,E,4.5,285.2,221220,3.6,W,D*22
$GPGGA,110733.60,4811.9160637,N,01136.4319993,E,4,10,1.4,502.4517,M,47.5434,M,0.6,3458*42
$GPGST,110733.60,0.234,0.011,0.008,356.333,0.011,0.008,0.022*50
$GPRMC,110733.70,A,4811.9160936,N,01136.4318215,E,4.0,281.9,221220,3.6,W,D*23
$GPGGA,110733.70,4811.9160936,N,01136.4318215,E,4,10,1.4,502.4386,M,47.5434,M,0.7,3458*46
$GPGST,110733.70,0.234,0.015,0.010,316.257,0.013,0.012,0.027*57
$GPRMC,110733.80,A,4811.9161409,N,01136.4316334,E,4.0,287.6,221220,3.6,W,D*29
$GPGGA,110733.80,4811.9161409,N,01136.4316334,E,4,10,1.4,502.4380,M,47.5434,M,0.8,3458*4C
$GPGST,110733.80,0.234,0.017,0.010,309.241,0.013,0.015,0.029*5A
$GPRMC,110733.90,A,4811.9161646,N,01136.4314528,E,4.3,285.9,221220,3.6,W,D*26
$GPGGA,110733.90,4811.9161646,N,01136.4314528,E,4,10,1.4,502.4678,M,47.5434,M,0.9,3458*4E
$GPGST,110733.90,0.234,0.017,0.011,310.367,0.014,0.015,0.030*58
$GPRMC,110734.00,A,4811.9162266,N,01136.4312766,E,3.9,289.4,221220,3.6,W,D*2F
$GPGGA,110734.00,4811.9162266,N,01136.4312766,E,4,09,2.5,502.3762,M,47.5434,M,1.0,3458*44
$GPGST,110734.00,0.234,0.021,0.012,301.394,0.015,0.019,0.034*55
$GPRMC,110734.10,A,4811.9162695,N,01136.4310929,E,3.6,293.2,221220,3.6,W,D*23
$GPGGA,110734.10,4811.9162695,N,01136.4310929,E,4,08,2.6,502.3783,M,47.5434,M,1.1,3458*46
$GPGST,110734.10,0.174,0.029,0.016,288.145,0.018,0.028,0.049*54
$GPRMC,110734.20,A,4811.9162329,N,01136.4310573,E,2.6,257.8,221220,3.6,W,D*22
$GPGGA,110734.20,4811.9162329,N,01136.4310573,E,4,08,2.6,502.4070,M,47.5434,M,1.2,3458*4B
$GPGST,110734.20,0.174,0.050,0.023,289.327,0.027,0.048,0.063*5A
$GPRMC,110734.30,A,4811.9162216,N,01136.4309833,E,2.2,272.5,221220,3.6,W,D*21
$GPGGA,110734.30,4811.9162216,N,01136.4309833,E,5,07,2.7,502.5899,M,47.5434,M,1.3,3458*46
$GPGST,110734.30,0.174,0.060,0.029,296.453,0.037,0.055,0.081*59
$GPRMC,110734.40,A,4811.9161919,N,01136.4310303,E,1.7,118.8,221220,3.6,W,D*25
$GPGGA,110734.40,4811.9161919,N,01136.4310303,E,5,07,2.7,502.7307,M,47.5434,M,1.4,3458*4F
$GPGST,110734.40,0.174,0.058,0.028,289.239,0.032,0.056,0.098*5E
$GPRMC,110734.50,A,4811.9162684,N,01136.4308243,E,1.6,300.4,221220,3.6,W,D*26
$GPGGA,110734.50,4811.9162684,N,01136.4308243,E,5,06,5.2,503.1500,M,47.5434,M,1.5,3458*4E
$GPGST,110734.50,0.174,0.099,0.040,84.396,0.041,0.098,0.105*64
$GPRMC,110734.60,A,4811.9163665,N,01136.4308719,E,1.8,45.1,221220,3.6,W,A*1D
$GPGGA,110734.60,4811.9163665,N,01136.4308719,E,1,11,0.9,503.3916,M,47.5434,M,53.1,1002*76
$GPGST,110734.60,1.798,2.563,1.400,77.988,1.470,2.523,3.804*63
$GPRMC,110734.70,A,4811.9164481,N,01136.4311076,E,2.6,40.7,221220,3.6,W,A*1B
$GPGGA,110734.70,4811.9164481,N,01136.4311076,E,1,11,0.9,503.4963,M,47.5434,M,53.2,1002*78
$GPGST,110734.70,1.798,2.563,1.400,77.971,1.470,2.523,3.804*64
$GPRMC,110734.80,A,4811.9165290,N,01136.4312328,E,2.5,61.2,221220,3.6,W,A*1D
$GPGGA,110734.80,4811.9165290,N,01136.4312328,E,1,12,0.9,503.6875,M,47.5434,M,53.3,1002*7D
$GPGST,110734.80,1.798,2.562,1.401,77.976,1.470,2.523,3.804*6C
$GPRMC,110734.90,A,4811.9165872,N,01136.4313348,E,2.2,43.4,221220,3.6,W,A*1C
$GPGGA,110734.90,4811.9165872,N,01136.4313348,E,1,10,1.0,503.6449,M,47.5434,M,53.4,1002*73
$GPGST,110734.90,1.798,2.562,1.400,77.980,1.470,2.523,3.804*65
$GPRMC,110735.00,A,4811.9166230,N,01136.4314980,E,1.2,357.2,221220,3.6,W,A*21
$GPGGA,110735.00,4811.9166230,N,01136.4314980,E,1,10,1.0,503.5149,M,47.5434,M,53.5,1002*7A
$GPGST,110735.00,1.798,2.563,1.403,78.024,1.472,2.524,3.804*62
$GPRMC,110735.10,A,4811.9166839,N,01136.4314964,E,1.6,74.6,221220,3.6,W,A*1B
$GPGGA,110735.10,4811.9166839,N,01136.4314964,E,1,12,0.9,503.4978,M,47.5434,M,52.9,1002*7E
$GPGST,110735.10,2.678,5.876,1.471,291.114,2.522,5.507,8.412*52
$GPRMC,110735.20,A,4811.9167364,N,01136.4313967,E,1.3,43.4,221220,3.6,W,A*1D
$GPGGA,110735.20,4811.9167364,N,01136.4313967,E,1,12,0.9,503.2059,M,47.5434,M,53.0,1002*7F
$GPGST,110735.20,2.678,5.875,1.471,291.115,2.523,5.507,8.412*52
$GPRMC,110735.30,A,4811.9168170,N,01136.4312863,E,1.7,20.4,221220,3.6,W,A*11
$GPGGA,110735.30,4811.9168170,N,01136.4312863,E,1,11,1.0,502.9141,M,47.5434,M,53.1,1002*7A
$GPGST,110735.30,2.678,5.876,1.472,291.109,2.523,5.507,8.412*5E
$GPRMC,110735.40,A,4811.9168644,N,01136.4310379,E,1.3,18.9,221220,3.6,W,A*16
$GPGGA,110735.40,4811.9168644,N,01136.4310379,E,1,10,1.0,502.7011,M,47.5434,M,53.2,1002*77
$GPGST,110735.40,2.678,5.876,1.473,291.111,2.523,5.507,8.413*50
$GPRMC,110735.50,A,4811.9168673,N,01136.4307981,E,1.0,11.1,221220,3.6,W,A*1A
$GPGGA,110735.50,4811.9168673,N,01136.4307981,E,1,10,1.0,502.4852,M,47.5434,M,53.3,1002*74
$GPGST,110735.50,2.678,5.878,1.477,291.091,2.525,5.510,8.414*55
$GPRMC,110735.60,A,4811.9169259,N,01136.4306128,E,1.5,358.2,221220,3.6,W,A*26
$GPGGA,110735.60,4811.9169259,N,01136.4306128,E,1,10,1.1,502.3524,M,47.5434,M,52.8,1002*70
$GPGST,110735.60,2.747,11.343,1.224,274.269,1.484,11.312,13.189*60
$GPRMC,110735.70,A,4811.9169541,N,01136.4304392,E,1.8,316.8,221220,3.6,W,A*25
$GPGGA,110735.70,4811.9169541,N,01136.4304392,E,1,10,1.1,502.3080,M,47.5434,M,53.0,1002*7C
$GPGST,110735.70,2.747,11.343,1.226,274.269,1.485,11.312,13.189*62
$GPRMC,110735.80,A,4811.9169857,N,01136.4302924,E,1.7,316.7,221220,3.6,W,A*21
$GPGGA,110735.80,4811.9169857,N,01136.4302924,E,1,11,1.1,502.3290,M,47.5434,M,53.0,1002*7A
$GPGST,110735.80,2.747,11.343,1.221,274.267,1.481,11.312,13.189*60
$GPRMC,110735.90,A,4811.9170202,N,01136.4301771,E,1.1,295.3,221220,3.6,W,A*27
$GPGGA,110735.90,4811.9170202,N,01136.4301771,E,1,09,1.3,502.4646,M,47.5434,M,53.2,1002*75
$GPGST,110735.90,2.747,11.343,1.218,274.266,1.479,11.312,13.189*6D
$GPRMC,110736.00,A,4811.9170657,N,01136.4301163,E,1.5,213.4,221220,3.6,W,A*21
$GPGGA,110736.00,4811.9170657,N,01136.4301163,E,1,09,1.3,502.3530,M,47.5434,M,53.3,1002*7A
$GPGST,110736.00,2.747,11.343,1.218,274.267,1.479,11.312,13.189*66
$GPRMC,110736.10,A,4811.9168295,N,01136.4300011,E,5.5,187.6,221220,3.6,W,A*2E
$GPGGA,110736.10,4811.9168295,N,01136.4300011,E,1,08,1.6,502.1829,M,47.5434,M,51.8,1002*77
$GPGST,110736.10,3.359,14.062,13.051,306.774,13.422,13.708,51.817*6F
$GPRMC,110736.20,A,4811.9167052,N,01136.4299935,E,3.7,188.4,221220,3.6,W,A*2C
$GPGGA,110736.20,4811.9167052,N,01136.4299935,E,1,07,1.6,501.8707,M,47.5434,M,51.9,1002*7B
$GPGST,110736.20,3.359,14.073,13.058,307.094,13.436,13.712,51.822*65
$GPRMC,110736.30,A,4811.9165653,N,01136.4299182,E,3.4,178.2,221220,3.6,W,A*26
$GPGGA,110736.30,4811.9165653,N,01136.4299182,E,1,06,1.8,501.8162,M,47.5434,M,52.0,1002*7B
$GPGST,110736.30,3.359,14.090,13.066,307.909,13.462,13.712,51.823*69
$GPRMC,110736.40,A,4811.9163450,N,01136.4298360,E,3.6,181.5,221220,3.6,W,A*2A
$GPGGA,110736.40,4811.9163450,N,01136.4298360,E,1,06,1.8,501.7769,M,47.5434,M,52.1,1002*77
$GPGST,110736.40,3.359,14.079,13.059,307.436,13.445,13.711,51.820*61
$GPRMC,110736.50,A,4811.9161726,N,01136.4296840,E,3.4,185.9,221220,3.6,W,A*26
$GPGGA,110736.50,4811.9161726,N,01136.4296840,E,1,06,1.8,501.9002,M,47.5434,M,52.2,1002*76
$GPGST,110736.50,3.359,14.079,13.059,307.437,13.445,13.711,51.820*61
$GPRMC,110736.60,A,4811.9160761,N,01136.4295671,E,2.1,206.4,221220,3.6,W,A*29
$GPGGA,110736.60,4811.9160761,N,01136.4295671,E,1,05,2.1,501.8910,M,47.5434,M,48.5,1002*76
$GPGST,110736.60,6.222,14.095,13.067,308.074,13.467,13.713,51.824*6F
$GPRMC,110736.70,A,4811.9160755,N,01136.4294858,E,2.2,277.3,221220,3.6,W,A*29
$GPGGA,110736.70,4811.9160755,N,01136.4294858,E,1,05,2.1,501.9348,M,47.5434,M,48.6,1002*71
$GPGST,110736.70,6.222,15.507,13.453,331.173,15.055,13.958,53.123*60
$GPRMC,110736.80,A,4811.9159203,N,01136.4294921,E,2.1,276.6,221220,3.6,W,A*22
$GPGGA,110736.80,4811.9159203,N,01136.4294921,E,1,04,3.9,501.8087,M,47.5434,M,48.7,1002*75
$GPGST,110736.80,6.222,19.969,13.912,342.136,19.479,14.589,56.635*6E
$GPRMC,110736.90,A,4811.9156490,N,01136.4296330,E,2.4,284.5,221220,3.6,W,A*23
$GPGGA,110736.90,4811.9156490,N,01136.4296330,E,1,04,3.9,501.7549,M,47.5434,M,48.8,1002*78
$GPGST,110736.90,6.222,26.901,14.497,345.534,26.298,15.563,61.673*6D
$GPRMC,110737.00,A,4811.9154833,N,01136.4296921,E,2.4,288.2,221220,3.6,W,A*2D
$GPGGA,110737.00,4811.9154833,N,01136.4296921,E,1,04,3.9,501.7418,M,47.5434,M,48.9,1002*79
$GPGST,110737.00,6.222,35.458,14.653,346.844,34.688,16.392,67.547*6A
$GPRMC,110737.10,A,4811.9148255,N,01136.4295053,E,2.1,301.6,221220,3.6,W,A*25
$GPGGA,110737.10,4811.9148255,N,01136.4295053,E,1,10,1.0,503.6574,M,47.5434,M,,*6E
$GPGST,110737.10,7.570,33.178,20.467,1.675,33.169,20.481,64.086*61
$GPRMC,110737.20,A,4811.9148365,N,01136.4294041,E,2.1,323.1,221220,3.6,W,A*21
$GPGGA,110737.20,4811.9148365,N,01136.4294041,E,1,10,1.0,503.6498,M,47.5434,M,,*6E
$GPGST,110737.20,7.570,33.167,20.464,1.660,33.158,20.478,64.083*6A
$GPRMC,110737.30,A,4811.9148292,N,01136.4293728,E,2.0,334.3,221220,3.6,W,A*23
$GPGGA,110737.30,4811.9148292,N,01136.4293728,E,1,10,1.0,503.6142,M,47.5434,M,,*6B
$GPGST,110737.30,7.570,33.165,20.456,1.658,33.157,20.470,64.083*64
$GPRMC,110737.40,A,4811.9148173,N,01136.4293350,E,1.7,326.4,221220,3.6,W,A*23
$GPGGA,110737.40,4811.9148173,N,01136.4293350,E,1,10,1.0,503.5107,M,47.5434,M,,*69
$GPGST,110737.40,7.570,33.164,20.459,1.657,33.156,20.473,64.089*6A
$GPRMC,110737.50,A,4811.9148079,N,01136.4293288,E,1.5,332.4,221220,3.6,W,A*2A
$GPGGA,110737.50,4811.9148079,N,01136.4293288,E,1,10,0.9,503.4968,M,47.5434,M,,*6F
$GPGST,110737.50,7.570,33.168,20.454,1.661,33.160,20.468,64.084*6D
$GPRMC,110737.60,A,4811.9147940,N,01136.4293140,E,1.4,333.0,221220,3.6,W,A*26
$GPGGA,110737.60,4811.9147940,N,01136.4293140,E,1,11,0.9,503.5146,M,47.5434,M,,*63
$GPGST,110737.60,7.600,33.167,20.455,1.656,33.159,20.469,64.083*6C
$GPRMC,110737.70,A,4811.9147731,N,01136.4292867,E,1.3,332.9,221220,3.6,W,A*2D
$GPGGA,110737.70,4811.9147731,N,01136.4292867,E,1,10,0.9,503.5728,M,47.5434,M,,*68
$GPGST,110737.70,7.600,33.189,20.465,1.236,33.184,20.473,64.219*66
$GPRMC,110737.80,A,4811.9147346,N,01136.4292621,E,1.2,332.7,221220,3.6,W,A*25
$GPGGA,110737.80,4811.9147346,N,01136.4292621,E,1,09,1.4,503.6576,M,47.5434,M,,*61
$GPGST,110737.80,7.600,33.298,20.490,359.978,33.298,20.490,64.610*61
$GPRMC,110737.90,A,4811.9147196,N,01136.4292283,E,1.3,332.8,221220,3.6,W,A*29
$GPGGA,110737.90,4811.9147196,N,01136.4292283,E,1,09,1.4,503.7595,M,47.5434,M,,*6F
$GPGST,110737.90,7.600,33.583,20.484,358.026,33.570,20.505,65.207*64
$GPRMC,110738.00,A,4811.9146707,N,01136.4292134,E,1.1,332.5,221220,3.6,W,A*20
$GPGGA,110738.00,4811.9146707,N,01136.4292134,E,1,09,1.4,503.8648,M,47.5434,M,,*65
$GPGST,110738.00,7.600,34.165,20.417,355.622,34.101,20.524,65.953*60
$GPRMC,110738.10,A,4811.9146196,N,01136.4291786,E,1.1,330.7,221220,3.6,W,A*23
$GPGGA,110738.10,4811.9146196,N,01136.4291786,E,1,12,0.9,503.9311,M,47.5434,M,,*68
$GPGST,110738.10,6.550,35.185,20.273,353.158,35.017,20.560,66.772*68
$GPRMC,110738.20,A,4811.9145772,N,01136.4291288,E,1.1,328.2,221220,3.6,W,A*28
$GPGGA,110738.20,4811.9145772,N,01136.4291288,E,1,12,0.9,503.9797,M,47.5434,M,,*65
$GPGST,110738.20,6.550,36.569,20.245,351.868,36.314,20.698,67.300*64
$GPRMC,110738.30,A,4811.9145142,N,01136.4290863,E,1.2,324.0,221220,3.6,W,A*2F
$GPGGA,110738.30,4811.9145142,N,01136.4290863,E,1,10,1.3,504.0650,M,47.5434,M,,*62
$GPGST,110738.30,6.550,37.806,20.319,350.732,37.456,20.957,66.632*60
$GPRMC,110738.40,A,4811.9144482,N,01136.4290301,E,1.2,318.9,221220,3.6,W,A*29
$GPGGA,110738.40,4811.9144482,N,01136.4290301,E,1,10,1.3,504.1261,M,47.5434,M,,*65
$GPGST,110738.40,6.550,38.760,20.484,349.467,38.290,21.349,64.830*66
$GPRMC,110738.50,A,4811.9143736,N,01136.4289667,E,1.3,312.8,221220,3.6,W,A*24
$GPGGA,110738.50,4811.9143736,N,01136.4289667,E,1,10,1.3,504.1613,M,47.5434,M,,*63
$GPGST,110738.50,6.550,39.306,20.688,347.846,38.671,21.852,61.907*67
$GPRMC,110738.60,A,4811.9140870,N,01136.4290983,E,1.5,306.4,221220,3.6,W,A*2B
$GPGGA,110738.60,4811.9140870,N,01136.4290983,E,1,07,1.6,504.6635,M,47.5434,M,59.1,1002*73
$GPGST,110738.60,8.462,21.993,11.201,296.688,14.061,20.283,21.262*61
$GPRMC,110738.70,A,4811.9140716,N,01136.4289549,E,1.8,298.4,221220,3.6,W,A*2C
$GPGGA,110738.70,4811.9140716,N,01136.4289549,E,1,07,1.6,504.6574,M,47.5434,M,59.2,1002*7A
$GPGST,110738.70,8.462,21.985,11.180,296.640,14.037,20.280,21.260*6B
$GPRMC,110738.80,A,4811.9140420,N,01136.4288234,E,1.9,266.4,221220,3.6,W,A*29
$GPGGA,110738.80,4811.9140420,N,01136.4288234,E,1,05,3.8,504.7117,M,47.5434,M,59.3,1002*70
$GPGST,110738.80,8.462,21.992,11.199,296.674,14.057,20.284,21.264*6B
$GPRMC,110738.90,A,4811.9139972,N,01136.4286796,E,2.0,263.7,221220,3.6,W,A*23
$GPGGA,110738.90,4811.9139972,N,01136.4286796,E,1,05,3.8,504.7664,M,47.5434,M,59.4,1002*72
$GPGST,110738.90,8.462,22.043,11.205,296.699,14.082,20.326,21.285*67
$GPRMC,110739.00,A,4811.9139311,N,01136.4285634,E,2.3,257.0,221220,3.6,W,A*2D
$GPGGA,110739.00,4811.9139311,N,01136.4285634,E,1,05,3.8,504.8072,M,47.5434,M,59.5,1002*70
$GPGST,110739.00,8.462,22.003,11.187,296.680,14.054,20.292,21.268*6C
$GPRMC,110739.10,A,4811.9136917,N,01136.4289187,E,2.7,256.0,221220,3.6,W,A*29
$GPGGA,110739.10,4811.9136917,N,01136.4289187,E,1,07,2.5,504.7283,M,47.5434,M,,*68
$GPGST,110739.10,9.243,66.369,17.300,344.074,63.998,24.666,69.269*61
$GPRMC,110739.20,A,4811.9135767,N,01136.4287880,E,2.9,255.4,221220,3.6,W,A*29
$GPGGA,110739.20,4811.9135767,N,01136.4287880,E,1,07,2.5,504.7755,M,47.5434,M,,*6F
$GPGST,110739.20,9.243,66.375,17.301,344.076,64.004,24.666,69.267*69
$GPRMC,110739.30,A,4811.9134886,N,01136.4287369,E,2.7,248.7,221220,3.6,W,A*24
$GPGGA,110739.30,4811.9134886,N,01136.4287369,E,1,08,2.5,504.6949,M,47.5434,M,,*6E
$GPGST,110739.30,9.243,66.369,17.303,344.073,63.997,24.669,69.266*68
$GPRMC,110739.40,A,4811.9133914,N,01136.4287227,E,2.6,246.4,221220,3.6,W,A*29
$GPGGA,110739.40,4811.9133914,N,01136.4287227,E,1,07,2.5,504.6628,M,47.5434,M,,*68
$GPGST,110739.40,9.243,66.370,17.307,344.072,63.999,24.672,69.265*65
$GPRMC,110739.50,A,4811.9133180,N,01136.4286440,E,2.6,246.0,221220,3.6,W,A*2F
$GPGGA,110739.50,4811.9133180,N,01136.4286440,E,1,06,2.6,504.6682,M,47.5434,M,,*68
$GPGST,110739.50,9.243,66.370,17.311,344.070,63.997,24.676,69.268*66
$GPRMC,110739.60,A,4811.9132401,N,01136.4285773,E,2.6,243.6,221220,3.6,W,A*22
$GPGGA,110739.60,4811.9132401,N,01136.4285773,E,1,09,1.6,504.6715,M,47.5434,M,,*65
$GPGST,110739.60,9.478,66.368,17.311,344.072,63.996,24.674,69.269*62
$GPRMC,110739.70,A,4811.9131579,N,01136.4284730,E,2.8,242.4,221220,3.6,W,A*25
$GPGGA,110739.70,4811.9131579,N,01136.4284730,E,1,09,1.6,504.6547,M,47.5434,M,,*6A
$GPGST,110739.70,9.478,66.190,17.293,344.030,63.814,24.659,69.582*6D
$GPRMC,110739.80,A,4811.9130855,N,01136.4283598,E,3.2,237.8,221220,3.6,W,A*2A
$GPGGA,110739.80,4811.9130855,N,01136.4283598,E,1,08,1.6,504.5753,M,47.5434,M,,*65
$GPGST,110739.80,9.478,65.642,17.273,343.887,63.245,24.642,70.538*69
$GPRMC,110739.90,A,4811.9130191,N,01136.4282551,E,3.3,237.0,221220,3.6,W,A*27
$GPGGA,110739.90,4811.9130191,N,01136.4282551,E,1,08,1.6,504.4887,M,47.5434,M,,*66
$GPGST,110739.90,9.478,64.666,17.245,343.614,62.230,24.628,72.175*6E
$GPRMC,110740.00,A,4811.9129564,N,01136.4281729,E,3.3,235.3,221220,3.6,W,A*29
$GPGGA,110740.00,4811.9129564,N,01136.4281729,E,1,08,1.6,504.3891,M,47.5434,M,,*69
$GPGST,110740.00,9.478,63.143,17.196,343.147,60.636,24.616,74.491*66
$GPRMC,110740.10,A,4811.9131500,N,01136.4283309,E,3.3,234.4,221220,3.6,W,A*21
$GPGGA,110740.10,4811.9131500,N,01136.4283309,E,1,04,6.0,504.9128,M,47.5434,M,60.1,1002*71
$GPGST,110740.10,5.982,33.207,9.806,348.827,32.633,11.574,43.908*54
$GPRMC,110740.20,A,4811.9130395,N,01136.4282606,E,3.3,233.7,221220,3.6,W,A*26
$GPGGA,110740.20,4811.9130395,N,01136.4282606,E,1,04,6.0,504.8150,M,47.5434,M,60.2,1002*7F
$GPGST,110740.20,5.982,33.123,9.817,348.771,32.546,11.589,43.888*54
$GPRMC,110740.30,A,4811.9129093,N,01136.4281812,E,3.4,232.1,221220,3.6,W,A*22
$GPGGA,110740.30,4811.9129093,N,01136.4281812,E,1,04,6.0,504.7768,M,47.5434,M,60.3,1002*78
$GPGST,110740.30,5.982,33.120,9.801,348.752,32.540,11.581,43.903*5C
$GPRMC,110740.40,A,4811.9127460,N,01136.4281123,E,3.5,230.7,221220,3.6,W,A*2D
$GPGGA,110740.40,4811.9127460,N,01136.4281123,E,1,04,6.0,504.7966,M,47.5434,M,60.4,1002*75
$GPGST,110740.40,5.982,33.133,9.821,348.734,32.551,11.604,43.918*5F
$GPRMC,110740.50,A,4811.9125661,N,01136.4280618,E,3.5,228.3,221220,3.6,W,A*2E
$GPGGA,110740.50,4811.9125661,N,01136.4280618,E,1,04,6.0,504.8328,M,47.5434,M,60.5,1002*75
$GPGST,110740.50,5.982,33.125,9.796,348.763,32.546,11.575,43.900*52
$GPRMC,110740.60,A,4811.9127933,N,01136.4279943,E,3.4,226.2,221220,3.6,W,A*2E
$GPGGA,110740.60,4811.9127933,N,01136.4279943,E,1,08,1.8,505.1763,M,47.5434,M,,*65
$GPGST,110740.60,12.253,30.610,14.703,343.576,29.654,16.547,127.691*67
$GPRMC,110740.70,A,4811.9127284,N,01136.4279372,E,3.3,225.5,221220,3.6,W,A*23
$GPGGA,110740.70,4811.9127284,N,01136.4279372,E,1,07,1.8,505.1327,M,47.5434,M,,*60
$GPGST,110740.70,12.253,30.575,14.696,343.539,29.616,16.543,127.690*63
$GPRMC,110740.80,A,4811.9126459,N,01136.4278891,E,3.2,224.1,221220,3.6,W,A*28
$GPGGA,110740.80,4811.9126459,N,01136.4278891,E,1,07,1.8,505.0898,M,47.5434,M,,*61
$GPGST,110740.80,12.253,30.593,14.702,343.550,29.635,16.549,127.690*6C
$GPRMC,110740.90,A,4811.9125165,N,01136.4278590,E,3.1,220.7,221220,3.6,W,A*2D
$GPGGA,110740.90,4811.9125165,N,01136.4278590,E,1,06,2.2,505.1009,M,47.5434,M,,*6C
$GPGST,110740.90,12.253,30.595,14.693,343.516,29.632,16.549,127.690*67
$GPRMC,110741.00,A,4811.9123707,N,01136.4278589,E,3.0,216.1,221220,3.6,W,A*2B
$GPGGA,110741.00,4811.9123707,N,01136.4278589,E,1,06,2.2,505.1255,M,47.5434,M,,*63
$GPGST,110741.00,12.253,30.582,14.692,343.518,29.620,16.545,127.687*6F
$GPRMC,110741.10,A,4811.9122721,N,01136.4278527,E,3.1,214.0,221220,3.6,W,A*29
$GPGGA,110741.10,4811.9122721,N,01136.4278527,E,1,07,2.1,505.0105,M,47.5434,M,,*66
$GPGST,110741.10,16.421,30.574,14.691,343.510,29.612,16.546,127.685*6B
$GPRMC,110741.20,A,4811.9121884,N,01136.4278611,E,2.9,210.1,221220,3.6,W,A*23
$GPGGA,110741.20,4811.9121884,N,01136.4278611,E,1,06,2.2,504.9521,M,47.5434,M,,*68
$GPGST,110741.20,16.421,32.681,15.170,346.077,31.931,16.692,126.227*6B
$GPRMC,110741.30,A,4811.9120924,N,01136.4278500,E,3.0,207.4,221220,3.6,W,A*20
$GPGGA,110741.30,4811.9120924,N,01136.4278500,E,1,06,2.2,504.9455,M,47.5434,M,,*62
$GPGST,110741.30,16.421,38.131,16.157,350.178,37.673,17.198,121.825*6F
$GPRMC,110741.40,A,4811.9119991,N,01136.4278600,E,3.0,202.7,221220,3.6,W,A*26
$GPGGA,110741.40,4811.9119991,N,01136.4278600,E,1,07,1.8,505.0259,M,47.5434,M,,*68
$GPGST,110741.40,16.421,45.111,17.363,352.521,44.784,18.189,114.444*61
$GPRMC,110741.50,A,4811.9120092,N,01136.4278245,E,2.9,201.6,221220,3.6,W,A*28
$GPGGA,110741.50,4811.9120092,N,01136.4278245,E,1,07,1.8,504.9690,M,47.5434,M,,*65
$GPGST,110741.50,16.421,51.865,18.838,352.942,51.524,19.751,104.011*67
$GPRMC,110741.60,A,4811.9120996,N,01136.4277842,E,2.7,199.9,221220,3.6,W,A*27
$GPGGA,110741.60,4811.9120996,N,01136.4277842,E,1,07,1.8,504.8350,M,47.5434,M,,*61
$GPGST,110741.60,16.530,57.006,20.391,351.626,56.476,21.815,90.420*5C
$GPRMC,110741.70,A,4811.9121773,N,01136.4277356,E,2.7,198.1,221220,3.6,W,A*25
$GPGGA,110741.70,4811.9121773,N,01136.4277356,E,1,06,2.2,504.6355,M,47.5434,M,,*69
$GPGST,110741.70,16.530,58.316,21.955,349.341,57.454,24.122,87.627*54
$GPRMC,110741.80,A,4811.9122046,N,01136.4276459,E,2.7,194.6,221220,3.6,W,A*2A
$GPGGA,110741.80,4811.9122046,N,01136.4276459,E,1,06,2.2,504.4977,M,47.5434,M,,*65
$GPGST,110741.80,16.530,59.552,23.245,347.094,58.280,26.273,84.781*5A
$GPRMC,110741.90,A,4811.9122140,N,01136.4275798,E,2.7,193.1,221220,3.6,W,A*21
$GPGGA,110741.90,4811.9122140,N,01136.4275798,E,1,06,2.2,504.4170,M,47.5434,M,,*61
$GPGST,110741.90,16.530,60.728,24.253,344.916,58.975,28.251,81.872*57
$GPRMC,110742.00,A,4811.9122880,N,01136.4275396,E,2.6,187.9,221220,3.6,W,A*28
$GPGGA,110742.00,4811.9122880,N,01136.4275396,E,1,05,2.8,504.3941,M,47.5434,M,,*60
$GPGST,110742.00,16.530,61.888,24.982,342.743,59.564,30.104,78.950*56
$GPRMC,110742.10,V,,,,,,,221220,,,N*7C
$GPGGA,110742.10,,,,,0,00,,,M,,M,,*48
$GPGST,110742.10,,,,,,,*79
$GPRMC,110742.20,V,,,,,,,221220,,,N*7F
$GPGGA,110742.20,,,,,0,00,,,M,,M,,*4B
$GPGST,110742.20,,,,,,,*7A
$GPRMC,110742.30,V,,,,,,,221220,,,N*7E
$GPGGA,110742.30,,,,,0,00,,,M,,M,,*4A
$GPGST,110742.30,,,,,,,*7B
$GPRMC,110742.40,V,,,,,,,221220,,,N*79
$GPGGA,110742.40,,,,,0,00,,,M,,M,,*4D
$GPGST,110742.40,,,,,,,*7C
$GPRMC,110742.50,V,,,,,,,221220,,,N*78
$GPGGA,110742.50,,,,,0,00,,,M,,M,,*4C
$GPGST,110742.50,,,,,,,*7D
$GPRMC,110742.60,A,4811.9118180,N,01136.4272155,E,2.1,201.1,221220,3.6,W,A*26
$GPGGA,110742.60,4811.9118180,N,01136.4272155,E,1,07,1.0,505.5805,M,47.5434,M,,*63
$GPGST,110742.60,11.480,66.302,9.419,6.054,65.940,11.689,297.055*5A
$GPRMC,110742.70,A,4811.9117549,N,01136.4272408,E,2.0,184.4,221220,3.6,W,A*2E
$GPGGA,110742.70,4811.9117549,N,01136.4272408,E,1,07,1.0,505.5423,M,47.5434,M,,*69
$GPGST,110742.70,11.480,66.311,9.448,6.053,65.949,11.712,297.058*5D
$GPRMC,110742.80,A,4811.9117162,N,01136.4272629,E,1.8,184.5,221220,3.6,W,A*27
$GPGGA,110742.80,4811.9117162,N,01136.4272629,E,1,06,1.7,505.6619,M,47.5434,M,,*64
$GPGST,110742.80,11.480,66.311,9.449,6.047,65.949,11.709,297.060*57
$GPRMC,110742.90,A,4811.9116141,N,01136.4273801,E,1.7,166.0,221220,3.6,W,A*25
$GPGGA,110742.90,4811.9116141,N,01136.4273801,E,1,06,1.7,505.9761,M,47.5434,M,,*61
$GPGST,110742.90,11.480,66.308,9.439,6.049,65.947,11.702,297.061*53
$GPRMC,110743.00,A,4811.9114791,N,01136.4276054,E,1.9,153.1,221220,3.6,W,A*20
$GPGGA,110743.00,4811.9114791,N,01136.4276054,E,1,06,1.7,506.4406,M,47.5434,M,,*61
$GPGST,110743.00,11.480,66.314,9.456,6.046,65.952,11.713,297.066*53
$GPRMC,110743.10,V,,,,,,,221220,,,N*7D
$GPGGA,110743.10,,,,,0,00,,,M,,M,,*49
$GPGST,110743.10,,,,,,,*78
$GPRMC,110743.20,V,,,,,,,221220,,,N*7E
$GPGGA,110743.20,,,,,0,00,,,M,,M,,*4A
$GPGST,110743.20,,,,,,,*7B
$GPRMC,110743.30,V,,,,,,,221220,,,N*7F
$GPGGA,110743.30,,,,,0,00,,,M,,M,,*4B
$GPGST,110743.30,,,,,,,*7A
$GPRMC,110743.40,V,,,,,,,221220,,,N*78
$GPGGA,110743.40,,,,,0,00,,,M,,M,,*4C
$GPGST,110743.40,,,,,,,*7D
$GPRMC,110743.50,V,,,,,,,221220,,,N*79
$GPGGA,110743.50,,,,,0,00,,,M,,M,,*4D
$GPGST,110743.50,,,,,,,*7C
$GPRMC,110743.60,A,4811.9118460,N,01136.4276279,E,1.7,146.4,221220,3.6,W,A*25
$GPGGA,110743.60,4811.9118460,N,01136.4276279,E,1,07,1.4,505.7380,M,47.5434,M,,*60
$GPGST,110743.60,,64.074,27.710,323.672,54.168,44.036,69.899*40
$GPRMC,110743.70,A,4811.9117892,N,01136.4277466,E,2.1,139.6,221220,3.6,W,A*2C
$GPGGA,110743.70,4811.9117892,N,01136.4277466,E,1,07,1.4,505.7748,M,47.5434,M,,*66
$GPGST,110743.70,,64.079,27.721,323.676,54.176,44.040,69.903*46
$GPRMC,110743.80,A,4811.9117152,N,01136.4278912,E,2.4,135.8,221220,3.6,W,A*20
$GPGGA,110743.80,4811.9117152,N,01136.4278912,E,1,07,1.4,505.8346,M,47.5434,M,,*68
$GPGST,110743.80,,64.082,27.725,323.680,54.181,44.041,69.903*49
$GPRMC,110743.90,A,4811.9117318,N,01136.4279336,E,2.3,129.8,221220,3.6,W,A*2A
$GPGGA,110743.90,4811.9117318,N,01136.4279336,E,1,06,1.7,505.7962,M,47.5434,M,,*69
$GPGST,110743.90,,64.084,27.714,323.677,54.179,44.040,69.922*41
$GPRMC,110744.00,A,4811.9117740,N,01136.4279696,E,2.4,128.8,221220,3.6,W,A*24
$GPGGA,110744.00,4811.9117740,N,01136.4279696,E,1,06,1.7,505.5948,M,47.5434,M,,*6B
$GPGST,110744.00,,64.101,27.731,323.696,54.205,44.043,69.931*42
$GPRMC,110744.10,V,,,,,,,221220,,,N*7A
$GPGGA,110744.10,,,,,0,00,,,M,,M,,*4E
$GPGST,110744.10,,,,,,,*7F
$GPRMC,110744.20,V,,,,,,,221220,,,N*79
$GPGGA,110744.20,,,,,0,00,,,M,,M,,*4D
$GPGST,110744.20,,,,,,,*7C
$GPRMC,110744.30,V,,,,,,,221220,,,N*78
$GPGGA,110744.30,,,,,0,00,,,M,,M,,*4C
$GPGST,110744.30,,,,,,,*7D
$GPRMC,110744.40,V,,,,,,,221220,,,N*7F
$GPGGA,110744.40,,,,,0,00,,,M,,M,,*4B
$GPGST,110744.40,,,,,,,*7A
$GPRMC,110744.50,V,,,,,,,221220,,,N*7E
$GPGGA,110744.50,,,,,0,00,,,M,,M,,*4A
$GPGST,110744.50,,,,,,,*7B
$GPRMC,110744.60,V,,,,,,,221220,,,N*7D
$GPGGA,110744.60,,,,,0,00,,,M,,M,,*49
$GPGST,110744.60,,,,,,,*78
$GPRMC,110744.70,V,,,,,,,221220,,,N*7C
$GPGGA,110744.70,,,,,0,00,,,M,,M,,*48
$GPGST,110744.70,,,,,,,*79
$GPRMC,110744.80,V,,,,,,,221220,,,N*73
$GPGGA,110744.80,,,,,0,00,,,M,,M,,*47
$GPGST,110744.80,,,,,,,*76
$GPRMC,110744.90,V,,,,,,,221220,,,N*72
$GPGGA,110744.90,,,,,0,00,,,M,,M,,*46
$GPGST,110744.90,,,,,,,*77
$GPRMC,110745.00,V,,,,,,,221220,,,N*7A
$GPGGA,110745.00,,,,,0,00,,,M,,M,,*4E
$GPGST,110745.00,,,,,,,*7F
$GPRMC,110745.10,V,,,,,,,221220,,,N*7B
$GPGGA,110745.10,,,,,0,00,,,M,,M,,*4F
$GPGST,110745.10,,,,,,,*7E
$GPRMC,110745.20,V,,,,,,,221220,,,N*78
$GPGGA,110745.20,,,,,0,00,,,M,,M,,*4C
$GPGST,110745.20,,,,,,,*7D
$GPRMC,110745.30,V,,,,,,,221220,,,N*79
$GPGGA,110745.30,,,,,0,00,,,M,,M,,*4D
$GPGST,110745.30,,,,,,,*7C
$GPRMC,110745.40,V,,,,,,,221220,,,N*7E
$GPGGA,110745.40,,,,,0,00,,,M,,M,,*4A
$GPGST,110745.40,,,,,,,*7B
$GPRMC,110745.50,V,,,,,,,221220,,,N*7F
$GPGGA,110745.50,,,,,0,00,,,M,,M,,*4B
$GPGST,110745.50,,,,,,,*7A
$GPRMC,110745.60,V,,,,,,,221220,,,N*7C
$GPGGA,110745.60,,,,,0,00,,,M,,M,,*48
$GPGST,110745.60,,,,,,,*79
$GPRMC,110745.70,V,,,,,,,221220,,,N*7D
$GPGGA,110745.70,,,,,0,00,,,M,,M,,*49
$GPGST,110745.70,,,,,,,*78
$GPRMC,110745.80,V,,,,,,,221220,,,N*72
$GPGGA,110745.80,,,,,0,00,,,M,,M,,*46
$GPGST,110745.80,,,,,,,*77
$GPRMC,110745.90,V,,,,,,,221220,,,N*73
$GPGGA,110745.90,,,,,0,00,,,M,,M,,*47
$GPGST,110745.90,,,,,,,*76
$GPRMC,110746.00,V,,,,,,,221220,,,N*79
$GPGGA,110746.00,,,,,0,00,,,M,,M,,*4D
$GPGST,110746.00,,,,,,,*7C
$GPRMC,110746.10,A,4811.9098319,N,01136.4292337,E,3.2,146.7,221220,3.6,W,A*22
$GPGGA,110746.10,4811.9098319,N,01136.4292337,E,1,06,1.5,505.9536,M,47.5434,M,,*66
$GPGST,110746.10,,28.549,23.724,288.310,24.243,28.110,107.252*75
$GPRMC,110746.20,A,4811.9097263,N,01136.4294265,E,3.9,138.9,221220,3.6,W,A*2E
$GPGGA,110746.20,4811.9097263,N,01136.4294265,E,1,06,1.5,505.9544,M,47.5434,M,,*63
$GPGST,110746.20,,28.557,23.728,288.315,24.247,28.117,107.253*72
$GPRMC,110746.30,A,4811.9096016,N,01136.4296715,E,5.2,134.3,221220,3.6,W,A*25
$GPGGA,110746.30,4811.9096016,N,01136.4296715,E,1,06,1.5,505.9156,M,47.5434,M,,*64
$GPGST,110746.30,,28.552,23.728,288.300,24.246,28.114,107.253*70
$GPRMC,110746.40,A,4811.9094808,N,01136.4299264,E,5.3,134.4,221220,3.6,W,A*2D
$GPGGA,110746.40,4811.9094808,N,01136.4299264,E,1,06,1.5,505.8638,M,47.5434,M,,*64
$GPGST,110746.40,,28.569,23.763,288.253,24.277,28.134,107.255*71
$GPRMC,110746.50,A,4811.9093943,N,01136.4300576,E,5.2,134.4,221220,3.6,W,A*21
$GPGGA,110746.50,4811.9093943,N,01136.4300576,E,1,06,1.5,505.8705,M,47.5434,M,,*66
$GPGST,110746.50,,28.579,23.737,288.348,24.260,28.136,107.255*7F
$GPRMC,110746.60,A,4811.9099957,N,01136.4291259,E,4.6,131.6,221220,3.6,W,A*2C
$GPGGA,110746.60,4811.9099957,N,01136.4291259,E,1,07,2.8,505.8834,M,47.5434,M,63.1,1002*72
$GPGST,110746.60,2.789,37.062,9.788,298.021,19.437,33.039,50.557*5E
$GPRMC,110746.70,A,4811.9101938,N,01136.4290849,E,4.2,131.3,221220,3.6,W,A*2F
$GPGGA,110746.70,4811.9101938,N,01136.4290849,E,1,07,2.8,505.9837,M,47.5434,M,63.2,1002*71
$GPGST,110746.70,2.789,37.101,9.860,297.980,19.463,33.089,50.572*52
$GPRMC,110746.80,A,4811.9103746,N,01136.4289578,E,4.1,124.6,221220,3.6,W,A*20
$GPGGA,110746.80,4811.9103746,N,01136.4289578,E,1,07,2.8,506.1660,M,47.5434,M,63.3,1002*7A
$GPGST,110746.80,2.789,37.077,9.769,298.049,19.450,33.043,50.558*56
$GPRMC,110746.90,A,4811.9104104,N,01136.4291282,E,4.2,120.4,221220,3.6,W,A*28
$GPGGA,110746.90,4811.9104104,N,01136.4291282,E,1,07,2.8,506.1251,M,47.5434,M,63.4,1002*76
$GPGST,110746.90,2.789,37.098,9.762,298.101,19.480,33.046,50.555*55
$GPRMC,110747.00,A,4811.9105624,N,01136.4291394,E,3.3,112.3,221220,3.6,W,A*22
$GPGGA,110747.00,4811.9105624,N,01136.4291394,E,1,07,2.8,506.1444,M,47.5434,M,63.5,1002*7F
$GPGST,110747.00,2.789,37.057,9.758,298.028,19.427,33.031,50.557*52
$GPRMC,110747.10,A,4811.9107365,N,01136.4291147,E,3.2,109.1,221220,3.6,W,A*24
$GPGGA,110747.10,4811.9107365,N,01136.4291147,E,1,08,2.6,506.2198,M,47.5434,M,63.6,1002*75
$GPGST,110747.10,2.606,37.059,9.787,298.066,19.457,33.023,50.555*55
$GPRMC,110747.20,A,4811.9106940,N,01136.4289828,E,3.1,113.6,221220,3.6,W,A*2D
$GPGGA,110747.20,4811.9106940,N,01136.4289828,E,1,08,2.6,506.2946,M,47.5434,M,63.7,1002*79
$GPGST,110747.20,2.606,36.727,9.924,297.933,19.310,32.779,50.314*56
$GPRMC,110747.30,A,4811.9106952,N,01136.4288819,E,3.0,112.3,221220,3.6,W,A*29
$GPGGA,110747.30,4811.9106952,N,01136.4288819,E,1,06,2.8,506.3887,M,47.5434,M,63.8,1002*7A
$GPGST,110747.30,2.606,35.641,10.338,297.565,18.869,31.956,49.549*67
$GPRMC,110747.40,A,4811.9107648,N,01136.4288300,E,3.0,109.9,221220,3.6,W,A*28
$GPGGA,110747.40,4811.9107648,N,01136.4288300,E,1,06,2.8,506.4972,M,47.5434,M,63.9,1002*76
$GPGST,110747.40,2.606,33.932,10.870,297.037,18.211,30.625,48.214*69
$GPRMC,110747.50,A,4811.9108909,N,01136.4284219,E,2.6,108.6,221220,3.6,W,A*20
$GPGGA,110747.50,4811.9108909,N,01136.4284219,E,1,06,2.8,506.8122,M,47.5434,M,64.0,1002*78
$GPGST,110747.50,2.606,31.506,11.120,296.294,17.152,28.673,46.184*63
$GPRMC,110747.60,A,4811.9110618,N,01136.4279596,E,2.6,106.2,221220,3.6,W,A*2D
$GPGGA,110747.60,4811.9110618,N,01136.4279596,E,1,06,2.8,507.1893,M,47.5434,M,63.6,1002*75
$GPGST,110747.60,2.800,28.711,11.137,296.132,16.121,26.239,43.239*6C
$GPRMC,110747.70,A,4811.9112975,N,01136.4275126,E,2.6,104.8,221220,3.6,W,A*21
$GPGGA,110747.70,4811.9112975,N,01136.4275126,E,1,05,4.4,507.5992,M,47.5434,M,63.7,1002*7D
$GPGST,110747.70,2.800,28.188,11.930,295.534,16.233,25.949,44.957*6E
$GPRMC,110747.80,A,4811.9113445,N,01136.4271380,E,2.1,97.1,221220,3.6,W,A*1E
$GPGGA,110747.80,4811.9113445,N,01136.4271380,E,1,05,4.4,507.7187,M,47.5434,M,63.8,1002*76
$GPGST,110747.80,2.800,28.814,12.744,294.074,16.539,26.816,48.277*63
$GPRMC,110747.90,A,4811.9114007,N,01136.4272219,E,2.2,96.0,221220,3.6,W,A*1B
$GPGGA,110747.90,4811.9114007,N,01136.4272219,E,1,05,4.4,507.8533,M,47.5434,M,63.9,1002*75
$GPGST,110747.90,2.800,31.147,13.695,292.343,17.339,29.275,52.898*6F
$GPRMC,110748.00,A,4811.9116231,N,01136.4274227,E,2.2,89.0,221220,3.6,W,A*1D
$GPGGA,110748.00,4811.9116231,N,01136.4274227,E,1,05,4.4,507.9818,M,47.5434,M,64.0,1002*76
$GPGST,110748.00,2.800,35.341,14.389,291.273,18.553,33.344,58.286*65
$GPRMC,110748.10,A,4811.9105040,N,01136.4270525,E,1.6,93.2,221220,3.6,W,A*15
$GPGGA,110748.10,4811.9105040,N,01136.4270525,E,1,07,2.6,508.2731,M,47.5434,M,,*69
$GPGST,110748.10,14.767,53.349,33.896,311.620,43.562,45.798,77.025*50
$GPRMC,110748.20,A,4811.9106544,N,01136.4267550,E,2.0,92.5,221220,3.6,W,A*13
$GPGGA,110748.20,4811.9106544,N,01136.4267550,E,1,07,2.6,508.7352,M,47.5434,M,,*68
$GPGST,110748.20,14.767,53.356,33.900,311.609,43.564,45.807,77.024*56
$GPRMC,110748.30,A,4811.9106611,N,01136.4267487,E,1.8,94.4,221220,3.6,W,A*16
$GPGGA,110748.30,4811.9106611,N,01136.4267487,E,1,06,3.0,508.9892,M,47.5434,M,,*6E
$GPGST,110748.30,14.767,53.370,33.929,311.662,43.602,45.808,77.020*5D
$GPRMC,110748.40,A,4811.9107897,N,01136.4265181,E,1.6,94.3,221220,3.6,W,A*18
$GPGGA,110748.40,4811.9107897,N,01136.4265181,E,1,05,4.4,509.2876,M,47.5434,M,,*69
$GPGST,110748.40,14.767,53.381,33.919,311.589,43.579,45.835,77.027*57
$GPRMC,110748.50,A,4811.9109900,N,01136.4267141,E,2.3,94.1,221220,3.6,W,A*12
$GPGGA,110748.50,4811.9109900,N,01136.4267141,E,1,05,4.4,509.7607,M,47.5434,M,,*6A
$GPGST,110748.50,14.767,53.377,33.929,311.653,43.603,45.816,77.027*57
$GPRMC,110748.60,V,,,,,,,221220,,,N*71
$GPGGA,110748.60,,,,,0,00,,,M,,M,,*45
$GPGST,110748.60,,,,,,,*74
$GPRMC,110748.70,V,,,,,,,221220,,,N*70
$GPGGA,110748.70,,,,,0,00,,,M,,M,,*44
$GPGST,110748.70,,,,,,,*75
$GPRMC,110748.80,V,,,,,,,221220,,,N*7F
$GPGGA,110748.80,,,,,0,00,,,M,,M,,*4B
$GPGST,110748.80,,,,,,,*7A
$GPRMC,110748.90,V,,,,,,,221220,,,N*7E
$GPGGA,110748.90,,,,,0,00,,,M,,M,,*4A
$GPGST,110748.90,,,,,,,*7B
$GPRMC,110749.00,V,,,,,,,221220,,,N*76
$GPGGA,110749.00,,,,,0,00,,,M,,M,,*42
$GPGST,110749.00,,,,,,,*73
$GPRMC,110749.10,A,4811.9096769,N,01136.4260884,E,1.6,257.0,221220,3.6,W,A*2C
$GPGGA,110749.10,4811.9096769,N,01136.4260884,E,1,06,2.4,510.7287,M,47.5434,M,,*6F
$GPGST,110749.10,,95.947,19.122,308.861,62.014,75.668,110.723*74
$GPRMC,110749.20,A,4811.9096869,N,01136.4259802,E,1.7,258.8,221220,3.6,W,A*22
$GPGGA,110749.20,4811.9096869,N,01136.4259802,E,1,04,2.9,510.7922,M,47.5434,M,,*6C
$GPGST,110749.20,,95.958,19.137,308.859,62.022,75.680,110.730*77
$GPRMC,110749.30,V,,,,,,,221220,,,N*75
$GPGGA,110749.30,,,,,0,00,,,M,,M,,*41
$GPGST,110749.30,,,,,,,*70
$GPRMC,110749.40,V,,,,,,,221220,,,N*72
$GPGGA,110749.40,,,,,0,00,,,M,,M,,*46
$GPGST,110749.40,,,,,,,*77
$GPRMC,110749.50,V,,,,,,,221220,,,N*73
$GPGGA,110749.50,,,,,0,00,,,M,,M,,*47
$GPGST,110749.50,,,,,,,*76
$GPRMC,110749.60,V,,,,,,,221220,,,N*70
$GPGGA,110749.60,,,,,0,00,,,M,,M,,*44
$GPGST,110749.60,,,,,,,*75
$GPRMC,110749.70,V,,,,,,,221220,,,N*71
$GPGGA,110749.70,,,,,0,00,,,M,,M,,*45
$GPGST,110749.70,,,,,,,*74
$GPRMC,110749.80,V,,,,,,,221220,,,N*7E
$GPGGA,110749.80,,,,,0,00,,,M,,M,,*4A
$GPGST,110749.80,,,,,,,*7B
$GPRMC,110749.90,V,,,,,,,221220,,,N*7F
$GPGGA,110749.90,,,,,0,00,,,M,,M,,*4B
$GPGST,110749.90,,,,,,,*7A
$GPRMC,110750.00,V,,,,,,,221220,,,N*7E
$GPGGA,110750.00,,,,,0,00,,,M,,M,,*4A
$GPGST,110750.00,,,,,,,*7B
$GPRMC,110750.10,V,,,,,,,221220,,,N*7F
$GPGGA,110750.10,,,,,0,00,,,M,,M,,*4B
$GPGST,110750.10,,,,,,,*7A
$GPRMC,110750.20,V,,,,,,,221220,,,N*7C
$GPGGA,110750.20,,,,,0,00,,,M,,M,,*48
$GPGST,110750.20,,,,,,,*79
$GPRMC,110750.30,V,,,,,,,221220,,,N*7D
$GPGGA,110750.30,,,,,0,00,,,M,,M,,*49
$GPGST,110750.30,,,,,,,*78
$GPRMC,110750.40,V,,,,,,,221220,,,N*7A
$GPGGA,110750.40,,,,,0,00,,,M,,M,,*4E
$GPGST,110750.40,,,,,,,*7F
$GPRMC,110750.50,V,,,,,,,221220,,,N*7B
$GPGGA,110750.50,,,,,0,00,,,M,,M,,*4F
$GPGST,110750.50,,,,,,,*7E
$GPRMC,110750.60,V,,,,,,,221220,,,N*78
$GPGGA,110750.60,,,,,0,00,,,M,,M,,*4C
$GPGST,110750.60,,,,,,,*7D
$GPRMC,110750.70,V,,,,,,,221220,,,N*79
$GPGGA,110750.70,,,,,0,00,,,M,,M,,*4D
$GPGST,110750.70,,,,,,,*7C
$GPRMC,110750.80,V,,,,,,,221220,,,N*76
$GPGGA,110750.80,,,,,0,00,,,M,,M,,*42
$GPGST,110750.80,,,,,,,*73
$GPRMC,110750.90,V,,,,,,,221220,,,N*77
$GPGGA,110750.90,,,,,0,00,,,M,,M,,*43
$GPGST,110750.90,,,,,,,*72
$GPRMC,110751.00,V,,,,,,,221220,,,N*7F
$GPGGA,110751.00,,,,,0,00,,,M,,M,,*4B
$GPGST,110751.00,,,,,,,*7A
$GPRMC,110751.10,A,4811.9093504,N,01136.4246134,E,2.2,226.6,221220,3.6,W,A*28
$GPGGA,110751.10,4811.9093504,N,01136.4246134,E,1,07,2.9,514.1346,M,47.5434,M,,*6E
$GPGST,110751.10,26.872,81.506,26.880,82.872,28.526,80.944,56.878*6B
$GPRMC,110751.20,A,4811.9092970,N,01136.4244265,E,2.6,229.4,221220,3.6,W,A*29
$GPGGA,110751.20,4811.9092970,N,01136.4244265,E,1,07,2.9,514.8007,M,47.5434,M,,*69
$GPGST,110751.20,26.872,81.512,26.897,82.877,28.539,80.952,56.882*62
$GPRMC,110751.30,A,4811.9091469,N,01136.4241072,E,3.6,231.9,221220,3.6,W,A*2A
$GPGGA,110751.30,4811.9091469,N,01136.4241072,E,1,07,2.9,515.2797,M,47.5434,M,,*6A
$GPGST,110751.30,26.872,81.509,26.890,82.871,28.535,80.948,56.880*6D
$GPRMC,110751.40,A,4811.9091077,N,01136.4238968,E,3.4,231.7,221220,3.6,W,A*26
$GPGGA,110751.40,4811.9091077,N,01136.4238968,E,1,06,4.1,515.7872,M,47.5434,M,,*64
$GPGST,110751.40,26.872,81.517,26.907,82.883,28.546,80.957,56.885*68
$GPRMC,110751.50,A,4811.9092698,N,01136.4233623,E,3.8,235.5,221220,3.6,W,A*22
$GPGGA,110751.50,4811.9092698,N,01136.4233623,E,1,05,4.6,516.6348,M,47.5434,M,,*6E
$GPGST,110751.50,26.872,81.525,26.964,82.899,28.592,80.968,56.885*63
$GPRMC,110751.60,A,4811.9080399,N,01136.4229257,E,4.2,236.0,221220,3.6,W,A*21
$GPGGA,110751.60,4811.9080399,N,01136.4229257,E,1,05,3.5,518.3228,M,47.5434,M,65.6,1002*76
$GPGST,110751.60,17.396,54.791,17.546,334.375,49.981,28.492,77.853*54
$GPRMC,110751.70,A,4811.9074640,N,01136.4227611,E,3.8,224.1,221220,3.6,W,A*2D
$GPGGA,110751.70,4811.9074640,N,01136.4227611,E,1,05,3.5,518.6189,M,47.5434,M,65.7,1002*79
$GPGST,110751.70,17.396,54.781,17.570,334.454,50.003,28.449,77.852*59
$GPRMC,110751.80,A,4811.9072684,N,01136.4226356,E,4.1,234.4,221220,3.6,W,A*21
$GPGGA,110751.80,4811.9072684,N,01136.4226356,E,1,05,3.5,518.8116,M,47.5434,M,65.8,1002*78
$GPGST,110751.80,17.396,54.755,17.577,334.412,49.965,28.471,77.854*56
$GPRMC,110751.90,A,4811.9067813,N,01136.4225467,E,4.3,228.9,221220,3.6,W,A*20
$GPGGA,110751.90,4811.9067813,N,01136.4225467,E,1,05,3.5,519.3053,M,47.5434,M,65.9,1002*70
$GPGST,110751.90,17.396,54.761,17.525,334.401,49.963,28.453,77.852*55
$GPRMC,110752.00,A,4811.9062366,N,01136.4225094,E,3.9,214.0,221220,3.6,W,A*25
$GPGGA,110752.00,4811.9062366,N,01136.4225094,E,1,05,3.5,519.7271,M,47.5434,M,66.0,1002*72
$GPGST,110752.00,17.396,54.779,17.565,334.453,50.000,28.447,77.854*52
$GPRMC,110752.10,A,4811.9074431,N,01136.4249412,E,3.4,231.1,221220,3.6,W,A*2D
$GPGGA,110752.10,4811.9074431,N,01136.4249412,E,1,05,12.3,519.2068,M,47.5434,M,,*55
$GPGST,110752.10,25.976,74.481,26.274,342.467,71.460,33.632,83.196*54
$GPRMC,110752.20,A,4811.9075628,N,01136.4249495,E,3.5,240.0,221220,3.6,W,A*2C
$GPGGA,110752.20,4811.9075628,N,01136.4249495,E,1,05,12.3,519.3162,M,47.5434,M,,*58
$GPGST,110752.20,25.976,74.493,26.335,342.452,71.468,33.689,83.205*57
$GPRMC,110752.30,A,4811.9077255,N,01136.4248479,E,3.7,249.2,221220,3.6,W,A*2B
$GPGGA,110752.30,4811.9077255,N,01136.4248479,E,1,05,12.3,519.4962,M,47.5434,M,,*59
$GPGST,110752.30,25.976,74.482,26.354,342.467,71.464,33.690,83.202*54
$GPRMC,110752.40,A,4811.9078973,N,01136.4245757,E,3.7,253.2,221220,3.6,W,A*25
$GPGGA,110752.40,4811.9078973,N,01136.4245757,E,1,05,12.3,519.7996,M,47.5434,M,,*54
$GPGST,110752.40,25.976,74.491,26.312,342.457,71.468,33.669,83.199*5B
$GPRMC,110752.50,A,4811.9080960,N,01136.4242406,E,3.8,265.4,221220,3.6,W,A*2D
$GPGGA,110752.50,4811.9080960,N,01136.4242406,E,1,05,12.3,520.1573,M,47.5434,M,,*5B
$GPGST,110752.50,25.976,74.485,26.303,342.459,71.462,33.659,83.199*58
$GPRMC,110752.60,A,4811.9082539,N,01136.4241277,E,3.8,269.9,221220,3.6,W,A*2E
$GPGGA,110752.60,4811.9082539,N,01136.4241277,E,1,06,3.2,520.2773,M,47.5434,M,,*6A
$GPGST,110752.60,,74.482,26.271,342.478,71.465,33.622,83.195*4D
$GPRMC,110752.70,A,4811.9084106,N,01136.4240437,E,3.8,270.4,221220,3.6,W,A*27
$GPGGA,110752.70,4811.9084106,N,01136.4240437,E,1,06,3.2,520.3613,M,47.5434,M,,*60
$GPGST,110752.70,,74.808,26.296,342.582,71.811,33.630,83.207*4B
$GPRMC,110752.80,A,4811.9085993,N,01136.4239754,E,3.8,273.2,221220,3.6,W,A*20
$GPGGA,110752.80,4811.9085993,N,01136.4239754,E,1,05,12.3,520.4382,M,47.5434,M,,*5A
$GPGST,110752.80,,75.772,26.372,342.856,72.821,33.674,83.221*4C
$GPRMC,110752.90,A,4811.9088028,N,01136.4238486,E,3.9,272.0,221220,3.6,W,A*2A
$GPGGA,110752.90,4811.9088028,N,01136.4238486,E,1,05,12.3,520.4351,M,47.5434,M,,*5C
$GPGST,110752.90,,77.441,26.432,343.309,74.566,33.700,83.184*49
$GPRMC,110753.00,V,,,,,,,221220,,,N*7D
$GPGGA,110753.00,,,,,0,00,17.6,,M,,M,,*57
$GPGST,110753.00,,,,,,,*78
$GPRMC,110753.10,V,,,,,,,221220,,,N*7C
$GPGGA,110753.10,,,,,0,00,,,M,,M,,*48
$GPGST,110753.10,,,,,,,*79
$GPRMC,110753.20,V,,,,,,,221220,,,N*7F
$GPGGA,110753.20,,,,,0,00,,,M,,M,,*4B
$GPGST,110753.20,,,,,,,*7A
$GPRMC,110753.30,V,,,,,,,221220,,,N*7E
$GPGGA,110753.30,,,,,0,00,,,M,,M,,*4A
$GPGST,110753.30,,,,,,,*7B
$GPRMC,110753.40,V,,,,,,,221220,,,N*79
$GPGGA,110753.40,,,,,0,00,,,M,,M,,*4D
$GPGST,110753.40,,,,,,,*7C
$GPRMC,110753.50,V,,,,,,,221220,,,N*78
$GPGGA,110753.50,,,,,0,00,,,M,,M,,*4C
$GPGST,110753.50,,,,,,,*7D
$GPRMC,110753.60,V,,,,,,,221220,,,N*7B
$GPGGA,110753.60,,,,,0,00,,,M,,M,,*4F
$GPGST,110753.60,,,,,,,*7E
$GPRMC,110753.70,V,,,,,,,221220,,,N*7A
$GPGGA,110753.70,,,,,0,00,,,M,,M,,*4E
$GPGST,110753.70,,,,,,,*7F
$GPRMC,110753.80,V,,,,,,,221220,,,N*75
$GPGGA,110753.80,,,,,0,00,,,M,,M,,*41
$GPGST,110753.80,,,,,,,*70
$GPRMC,110753.90,V,,,,,,,221220,,,N*74
$GPGGA,110753.90,,,,,0,00,,,M,,M,,*40
$GPGST,110753.90,,,,,,,*71
$GPRMC,110754.00,V,,,,,,,221220,,,N*7A
$GPGGA,110754.00,,,,,0,00,,,M,,M,,*4E
$GPGST,110754.00,,,,,,,*7F
$GPRMC,110754.10,V,,,,,,,221220,,,N*7B
$GPGGA,110754.10,,,,,0,00,,,M,,M,,*4F
$GPGST,110754.10,,,,,,,*7E
$GPRMC,110754.20,V,,,,,,,221220,,,N*78
$GPGGA,110754.20,,,,,0,00,,,M,,M,,*4C
$GPGST,110754.20,,,,,,,*7D
$GPRMC,110754.30,V,,,,,,,221220,,,N*79
$GPGGA,110754.30,,,,,0,00,,,M,,M,,*4D
$GPGST,110754.30,,,,,,,*7C
$GPRMC,110754.40,V,,,,,,,221220,,,N*7E
$GPGGA,110754.40,,,,,0,00,,,M,,M,,*4A
$GPGST,110754.40,,,,,,,*7B
$GPRMC,110754.50,V,,,,,,,221220,,,N*7F
$GPGGA,110754.50,,,,,0,00,,,M,,M,,*4B
$GPGST,110754.50,,,,,,,*7A
$GPRMC,110754.60,V,,,,,,,221220,,,N*7C
$GPGGA,110754.60,,,,,0,00,,,M,,M,,*48
$GPGST,110754.60,,,,,,,*79
$GPRMC,110754.70,V,,,,,,,221220,,,N*7D
$GPGGA,110754.70,,,,,0,00,,,M,,M,,*49
$GPGST,110754.70,,,,,,,*78
$GPRMC,110754.80,V,,,,,,,221220,,,N*72
$GPGGA,110754.80,,,,,0,00,,,M,,M,,*46
$GPGST,110754.80,,,,,,,*77
$GPRMC,110754.90,V,,,,,,,221220,,,N*73
$GPGGA,110754.90,,,,,0,00,,,M,,M,,*47
$GPGST,110754.90,,,,,,,*76
$GPRMC,110755.00,V,,,,,,,221220,,,N*7B
$GPGGA,110755.00,,,,,0,00,,,M,,M,,*4F
$GPGST,110755.00,,,,,,,*7E
$GPRMC,110755.10,V,,,,,,,221220,,,N*7A
$GPGGA,110755.10,,,,,0,00,,,M,,M,,*4E
$GPGST,110755.10,,,,,,,*7F
$GPRMC,110755.20,V,,,,,,,221220,,,N*79
$GPGGA,110755.20,,,,,0,00,,,M,,M,,*4D
$GPGST,110755.20,,,,,,,*7C
$GPRMC,110755.30,V,,,,,,,221220,,,N*78
$GPGGA,110755.30,,,,,0,00,,,M,,M,,*4C
$GPGST,110755.30,,,,,,,*7D
$GPRMC,110755.40,V,,,,,,,221220,,,N*7F
$GPGGA,110755.40,,,,,0,00,,,M,,M,,*4B
$GPGST,110755.40,,,,,,,*7A
$GPRMC,110755.50,V,,,,,,,221220,,,N*7E
$GPGGA,110755.50,,,,,0,00,,,M,,M,,*4A
$GPGST,110755.50,,,,,,,*7B
$GPRMC,110755.60,V,,,,,,,221220,,,N*7D
$GPGGA,110755.60,,,,,0,00,,,M,,M,,*49
$GPGST,110755.60,,,,,,,*78
$GPRMC,110755.70,V,,,,,,,221220,,,N*7C
$GPGGA,110755.70,,,,,0,00,,,M,,M,,*48
$GPGST,110755.70,,,,,,,*79
$GPRMC,110755.80,V,,,,,,,221220,,,N*73
$GPGGA,110755.80,,,,,0,00,,,M,,M,,*47
$GPGST,110755.80,,,,,,,*76
$GPRMC,110755.90,V,,,,,,,221220,,,N*72
$GPGGA,110755.90,,,,,0,00,,,M,,M,,*46
$GPGST,110755.90,,,,,,,*77
$GPRMC,110756.00,V,,,,,,,221220,,,N*78
$GPGGA,110756.00,,,,,0,00,,,M,,M,,*4C
$GPGST,110756.00,,,,,,,*7D
$GPRMC,110756.10,V,,,,,,,221220,,,N*79
$GPGGA,110756.10,,,,,0,00,,,M,,M,,*4D
$GPGST,110756.10,,,,,,,*7C
$GPRMC,110756.20,V,,,,,,,221220,,,N*7A
$GPGGA,110756.20,,,,,0,00,,,M,,M,,*4E
$GPGST,110756.20,,,,,,,*7F
$GPRMC,110756.30,V,,,,,,,221220,,,N*7B
$GPGGA,110756.30,,,,,0,00,,,M,,M,,*4F
$GPGST,110756.30,,,,,,,*7E
$GPRMC,110756.40,V,,,,,,,221220,,,N*7C
$GPGGA,110756.40,,,,,0,00,,,M,,M,,*48
$GPGST,110756.40,,,,,,,*79
$GPRMC,110756.50,V,,,,,,,221220,,,N*7D
$GPGGA,110756.50,,,,,0,00,,,M,,M,,*49
$GPGST,110756.50,,,,,,,*78
$GPRMC,110756.60,V,,,,,,,221220,,,N*7E
$GPGGA,110756.60,,,,,0,00,22.8,,M,,M,,*5C
$GPGST,110756.60,,,,,,,*7B
$GPRMC,110756.70,V,,,,,,,221220,,,N*7F
$GPGGA,110756.70,,,,,0,00,6.7,,M,,M,,*64
$GPGST,110756.70,,,,,,,*7A
$GPRMC,110756.80,V,,,,,,,221220,,,N*70
$GPGGA,110756.80,,,,,0,00,6.7,,M,,M,,*6B
$GPGST,110756.80,,,,,,,*75
$GPRMC,110756.90,V,,,,,,,221220,,,N*71
$GPGGA,110756.90,,,,,0,00,6.7,,M,,M,,*6A
$GPGST,110756.90,,,,,,,*74
$GPRMC,110757.00,V,,,,,,,221220,,,N*79
$GPGGA,110757.00,,,,,0,00,6.7,,M,,M,,*62
$GPGST,110757.00,,,,,,,*7C
$GPRMC,110757.10,V,,,,,,,221220,,,N*78
$GPGGA,110757.10,,,,,0,00,,,M,,M,,*4C
$GPGST,110757.10,,,,,,,*7D
$GPRMC,110757.20,V,,,,,,,221220,,,N*7B
$GPGGA,110757.20,,,,,0,00,,,M,,M,,*4F
$GPGST,110757.20,,,,,,,*7E
$GPRMC,110757.30,V,,,,,,,221220,,,N*7A
$GPGGA,110757.30,,,,,0,00,,,M,,M,,*4E
$GPGST,110757.30,,,,,,,*7F
$GPRMC,110757.40,V,,,,,,,221220,,,N*7D
$GPGGA,110757.40,,,,,0,00,,,M,,M,,*49
$GPGST,110757.40,,,,,,,*78
$GPRMC,110757.50,V,,,,,,,221220,,,N*7C
$GPGGA,110757.50,,,,,0,00,,,M,,M,,*48
$GPGST,110757.50,,,,,,,*79
$GPRMC,110757.60,V,,,,,,,221220,,,N*7F
$GPGGA,110757.60,,,,,0,00,,,M,,M,,*4B
$GPGST,110757.60,,,,,,,*7A
$GPRMC,110757.70,V,,,,,,,221220,,,N*7E
$GPGGA,110757.70,,,,,0,00,,,M,,M,,*4A
$GPGST,110757.70,,,,,,,*7B
$GPRMC,110757.80,V,,,,,,,221220,,,N*71
$GPGGA,110757.80,,,,,0,00,,,M,,M,,*45
$GPGST,110757.80,,,,,,,*74
$GPRMC,110757.90,V,,,,,,,221220,,,N*70
$GPGGA,110757.90,,,,,0,00,,,M,,M,,*44
$GPGST,110757.90,,,,,,,*75
$GPRMC,110758.00,V,,,,,,,221220,,,N*76
$GPGGA,110758.00,,,,,0,00,,,M,,M,,*42
$GPGST,110758.00,,,,,,,*73
$GPRMC,110758.10,V,,,,,,,221220,,,N*77
$GPGGA,110758.10,,,,,0,00,,,M,,M,,*43
$GPGST,110758.10,,,,,,,*72
$GPRMC,110758.20,V,,,,,,,221220,,,N*74
$GPGGA,110758.20,,,,,0,00,,,M,,M,,*40
$GPGST,110758.20,,,,,,,*71
$GPRMC,110758.30,V,,,,,,,221220,,,N*75
$GPGGA,110758.30,,,,,0,00,,,M,,M,,*41
$GPGST,110758.30,,,,,,,*70
$GPRMC,110758.40,V,,,,,,,221220,,,N*72
$GPGGA,110758.40,,,,,0,00,,,M,,M,,*46
$GPGST,110758.40,,,,,,,*77
$GPRMC,110758.50,V,,,,,,,221220,,,N*73
$GPGGA,110758.50,,,,,0,00,,,M,,M,,*47
$GPGST,110758.50,,,,,,,*76
$GPRMC,110758.60,V,,,,,,,221220,,,N*70
$GPGGA,110758.60,,,,,0,00,,,M,,M,,*44
$GPGST,110758.60,,,,,,,*75
$GPRMC,110758.70,V,,,,,,,221220,,,N*71
$GPGGA,110758.70,,,,,0,00,,,M,,M,,*45
$GPGST,110758.70,,,,,,,*74
$GPRMC,110758.80,V,,,,,,,221220,,,N*7E
$GPGGA,110758.80,,,,,0,00,,,M,,M,,*4A
$GPGST,110758.80,,,,,,,*7B
$GPRMC,110758.90,V,,,,,,,221220,,,N*7F
$GPGGA,110758.90,,,,,0,00,,,M,,M,,*4B
$GPGST,110758.90,,,,,,,*7A
$GPRMC,110759.00,V,,,,,,,221220,,,N*77
$GPGGA,110759.00,,,,,0,00,,,M,,M,,*43
$GPGST,110759.00,,,,,,,*72
$GPRMC,110759.10,V,,,,,,,221220,,,N*76
$GPGGA,110759.10,,,,,0,00,,,M,,M,,*42
$GPGST,110759.10,,,,,,,*73
$GPRMC,110759.20,V,,,,,,,221220,,,N*75
$GPGGA,110759.20,,,,,0,00,,,M,,M,,*41
$GPGST,110759.20,,,,,,,*70
$GPRMC,110759.30,V,,,,,,,221220,,,N*74
$GPGGA,110759.30,,,,,0,00,,,M,,M,,*40
$GPGST,110759.30,,,,,,,*71
$GPRMC,110759.40,V,,,,,,,221220,,,N*73
$GPGGA,110759.40,,,,,0,00,,,M,,M,,*47
$GPGST,110759.40,,,,,,,*76
$GPRMC,110759.50,V,,,,,,,221220,,,N*72
$GPGGA,110759.50,,,,,0,00,,,M,,M,,*46
$GPGST,110759.50,,,,,,,*77
$GPRMC,110759.60,V,,,,,,,221220,,,N*71
$GPGGA,110759.60,,,,,0,00,,,M,,M,,*45
$GPGST,110759.60,,,,,,,*74
$GPRMC,110759.70,V,,,,,,,221220,,,N*70
$GPGGA,110759.70,,,,,0,00,,,M,,M,,*44
$GPGST,110759.70,,,,,,,*75
$GPRMC,110759.80,V,,,,,,,221220,,,N*7F
$GPGGA,110759.80,,,,,0,00,,,M,,M,,*4B
$GPGST,110759.80,,,,,,,*7A
$GPRMC,110759.90,V,,,,,,,221220,,,N*7E
$GPGGA,110759.90,,,,,0,00,,,M,,M,,*4A
$GPGST,110759.90,,,,,,,*7B
$GPRMC,110800.00,V,,,,,,,221220,,,N*74
$GPGGA,110800.00,,,,,0,00,,,M,,M,,*40
$GPGST,110800.00,,,,,,,*71
$GPRMC,110800.10,V,,,,,,,221220,,,N*75
$GPGGA,110800.10,,,,,0,00,,,M,,M,,*41
$GPGST,110800.10,,,,,,,*70
$GPRMC,110800.20,V,,,,,,,221220,,,N*76
$GPGGA,110800.20,,,,,0,00,,,M,,M,,*42
$GPGST,110800.20,,,,,,,*73
$GPRMC,110800.30,V,,,,,,,221220,,,N*77
$GPGGA,110800.30,,,,,0,00,,,M,,M,,*43
$GPGST,110800.30,,,,,,,*72
$GPRMC,110800.40,V,,,,,,,221220,,,N*70
$GPGGA,110800.40,,,,,0,00,,,M,,M,,*44
$GPGST,110800.40,,,,,,,*75
$GPRMC,110800.50,V,,,,,,,221220,,,N*71
$GPGGA,110800.50,,,,,0,00,,,M,,M,,*45
$GPGST,110800.50,,,,,,,*74
$GPRMC,110800.60,V,,,,,,,221220,,,N*72
$GPGGA,110800.60,,,,,0,00,,,M,,M,,*46
$GPGST,110800.60,,,,,,,*77
$GPRMC,110800.70,V,,,,,,,221220,,,N*73
$GPGGA,110800.70,,,,,0,00,,,M,,M,,*47
$GPGST,110800.70,,,,,,,*76
$GPRMC,110800.80,V,,,,,,,221220,,,N*7C
$GPGGA,110800.80,,,,,0,00,,,M,,M,,*48
$GPGST,110800.80,,,,,,,*79
$GPRMC,110800.90,V,,,,,,,221220,,,N*7D
$GPGGA,110800.90,,,,,0,00,,,M,,M,,*49
$GPGST,110800.90,,,,,,,*78
$GPRMC,110801.00,V,,,,,,,221220,,,N*75
$GPGGA,110801.00,,,,,0,00,,,M,,M,,*41
$GPGST,110801.00,,,,,,,*70
$GPRMC,110801.10,V,,,,,,,221220,,,N*74
$GPGGA,110801.10,,,,,0,00,,,M,,M,,*40
$GPGST,110801.10,,,,,,,*71
$GPRMC,110801.20,V,,,,,,,221220,,,N*77
$GPGGA,110801.20,,,,,0,00,,,M,,M,,*43
$GPGST,110801.20,,,,,,,*72
$GPRMC,110801.30,V,,,,,,,221220,,,N*76
$GPGGA,110801.30,,,,,0,00,,,M,,M,,*42
$GPGST,110801.30,,,,,,,*73
$GPRMC,110801.40,V,,,,,,,221220,,,N*71
$GPGGA,110801.40,,,,,0,00,,,M,,M,,*45
$GPGST,110801.40,,,,,,,*74
$GPRMC,110801.50,V,,,,,,,221220,,,N*70
$GPGGA,110801.50,,,,,0,00,,,M,,M,,*44
$GPGST,110801.50,,,,,,,*75
$GPRMC,110801.60,V,,,,,,,221220,,,N*73
$GPGGA,110801.60,,,,,0,00,,,M,,M,,*47
$GPGST,110801.60,,,,,,,*76
$GPRMC,110801.70,V,,,,,,,221220,,,N*72
$GPGGA,110801.70,,,,,0,00,,,M,,M,,*46
$GPGST,110801.70,,,,,,,*77
$GPRMC,110801.80,V,,,,,,,221220,,,N*7D
$GPGGA,110801.80,,,,,0,00,,,M,,M,,*49
$GPGST,110801.80,,,,,,,*78
$GPRMC,110801.90,V,,,,,,,221220,,,N*7C
$GPGGA,110801.90,,,,,0,00,,,M,,M,,*48
$GPGST,110801.90,,,,,,,*79
$GPRMC,110802.00,V,,,,,,,221220,,,N*76
$GPGGA,110802.00,,,,,0,00,,,M,,M,,*42
$GPGST,110802.00,,,,,,,*73
$GPRMC,110802.10,V,,,,,,,221220,,,N*77
$GPGGA,110802.10,,,,,0,00,,,M,,M,,*43
$GPGST,110802.10,,,,,,,*72
$GPRMC,110802.20,V,,,,,,,221220,,,N*74
$GPGGA,110802.20,,,,,0,00,,,M,,M,,*40
$GPGST,110802.20,,,,,,,*71
$GPRMC,110802.30,V,,,,,,,221220,,,N*75
$GPGGA,110802.30,,,,,0,00,,,M,,M,,*41
$GPGST,110802.30,,,,,,,*70
$GPRMC,110802.40,V,,,,,,,221220,,,N*72
$GPGGA,110802.40,,,,,0,00,,,M,,M,,*46
$GPGST,110802.40,,,,,,,*77
$GPRMC,110802.50,V,,,,,,,221220,,,N*73
$GPGGA,110802.50,,,,,0,00,,,M,,M,,*47
$GPGST,110802.50,,,,,,,*76
$GPRMC,110802.60,V,,,,,,,221220,,,N*70
$GPGGA,110802.60,,,,,0,00,,,M,,M,,*44
$GPGST,110802.60,,,,,,,*75
$GPRMC,110802.70,V,,,,,,,221220,,,N*71
$GPGGA,110802.70,,,,,0,00,,,M,,M,,*45
$GPGST,110802.70,,,,,,,*74
$GPRMC,110802.80,V,,,,,,,221220,,,N*7E
$GPGGA,110802.80,,,,,0,00,,,M,,M,,*4A
$GPGST,110802.80,,,,,,,*7B
$GPRMC,110802.90,V,,,,,,,221220,,,N*7F
$GPGGA,110802.90,,,,,0,00,,,M,,M,,*4B
$GPGST,110802.90,,,,,,,*7A
$GPRMC,110803.00,V,,,,,,,221220,,,N*77
$GPGGA,110803.00,,,,,0,00,,,M,,M,,*43
$GPGST,110803.00,,,,,,,*72
$GPRMC,110803.10,V,,,,,,,221220,,,N*76
$GPGGA,110803.10,,,,,0,00,,,M,,M,,*42
$GPGST,110803.10,,,,,,,*73
$GPRMC,110803.20,V,,,,,,,221220,,,N*75
$GPGGA,110803.20,,,,,0,00,,,M,,M,,*41
$GPGST,110803.20,,,,,,,*70
$GPRMC,110803.30,V,,,,,,,221220,,,N*74
$GPGGA,110803.30,,,,,0,00,,,M,,M,,*40
$GPGST,110803.30,,,,,,,*71
$GPRMC,110803.40,V,,,,,,,221220,,,N*73
$GPGGA,110803.40,,,,,0,00,,,M,,M,,*47
$GPGST,110803.40,,,,,,,*76
$GPRMC,110803.50,V,,,,,,,221220,,,N*72
$GPGGA,110803.50,,,,,0,00,,,M,,M,,*46
$GPGST,110803.50,,,,,,,*77
$GPRMC,110803.60,V,,,,,,,221220,,,N*71
$GPGGA,110803.60,,,,,0,00,,,M,,M,,*45
$GPGST,110803.60,,,,,,,*74
$GPRMC,110803.70,V,,,,,,,221220,,,N*70
$GPGGA,110803.70,,,,,0,00,,,M,,M,,*44
$GPGST,110803.70,,,,,,,*75
$GPRMC,110803.80,V,,,,,,,221220,,,N*7F
$GPGGA,110803.80,,,,,0,00,,,M,,M,,*4B
$GPGST,110803.80,,,,,,,*7A
$GPRMC,110803.90,V,,,,,,,221220,,,N*7E
$GPGGA,110803.90,,,,,0,00,,,M,,M,,*4A
$GPGST,110803.90,,,,,,,*7B
$GPRMC,110804.00,V,,,,,,,221220,,,N*70
$GPGGA,110804.00,,,,,0,00,,,M,,M,,*44
$GPGST,110804.00,,,,,,,*75
$GPRMC,110804.10,V,,,,,,,221220,,,N*71
$GPGGA,110804.10,,,,,0,00,,,M,,M,,*45
$GPGST,110804.10,,,,,,,*74
$GPRMC,110804.20,V,,,,,,,221220,,,N*72
$GPGGA,110804.20,,,,,0,00,,,M,,M,,*46
$GPGST,110804.20,,,,,,,*77
$GPRMC,110804.30,V,,,,,,,221220,,,N*73
$GPGGA,110804.30,,,,,0,00,,,M,,M,,*47
$GPGST,110804.30,,,,,,,*76
$GPRMC,110804.40,V,,,,,,,221220,,,N*74
$GPGGA,110804.40,,,,,0,00,,,M,,M,,*40
$GPGST,110804.40,,,,,,,*71
$GPRMC,110804.50,V,,,,,,,221220,,,N*75
$GPGGA,110804.50,,,,,0,00,,,M,,M,,*41
$GPGST,110804.50,,,,,,,*70
$GPRMC,110804.60,V,,,,,,,221220,,,N*76
$GPGGA,110804.60,,,,,0,00,,,M,,M,,*42
$GPGST,110804.60,,,,,,,*73
$GPRMC,110804.70,V,,,,,,,221220,,,N*77
$GPGGA,110804.70,,,,,0,00,,,M,,M,,*43
$GPGST,110804.70,,,,,,,*72
$GPRMC,110804.80,V,,,,,,,221220,,,N*78
$GPGGA,110804.80,,,,,0,00,,,M,,M,,*4C
$GPGST,110804.80,,,,,,,*7D
$GPRMC,110804.90,V,,,,,,,221220,,,N*79
$GPGGA,110804.90,,,,,0,00,,,M,,M,,*4D
$GPGST,110804.90,,,,,,,*7C
$GPRMC,110805.00,V,,,,,,,221220,,,N*71
$GPGGA,110805.00,,,,,0,00,,,M,,M,,*45
$GPGST,110805.00,,,,,,,*74
$GPRMC,110805.10,V,,,,,,,221220,,,N*70
$GPGGA,110805.10,,,,,0,00,,,M,,M,,*44
$GPGST,110805.10,,,,,,,*75
$GPRMC,110805.20,V,,,,,,,221220,,,N*73
$GPGGA,110805.20,,,,,0,00,,,M,,M,,*47
$GPGST,110805.20,,,,,,,*76
$GPRMC,110805.30,V,,,,,,,221220,,,N*72
$GPGGA,110805.30,,,,,0,00,,,M,,M,,*46
$GPGST,110805.30,,,,,,,*77
$GPRMC,110805.40,V,,,,,,,221220,,,N*75
$GPGGA,110805.40,,,,,0,00,,,M,,M,,*41
$GPGST,110805.40,,,,,,,*70
$GPRMC,110805.50,V,,,,,,,221220,,,N*74
$GPGGA,110805.50,,,,,0,00,,,M,,M,,*40
$GPGST,110805.50,,,,,,,*71
$GPRMC,110805.60,V,,,,,,,221220,,,N*77
$GPGGA,110805.60,,,,,0,00,,,M,,M,,*43
$GPGST,110805.60,,,,,,,*72
$GPRMC,110805.70,V,,,,,,,221220,,,N*76
$GPGGA,110805.70,,,,,0,00,,,M,,M,,*42
$GPGST,110805.70,,,,,,,*73
$GPRMC,110805.80,V,,,,,,,221220,,,N*79
$GPGGA,110805.80,,,,,0,00,,,M,,M,,*4D
$GPGST,110805.80,,,,,,,*7C
$GPRMC,110805.90,V,,,,,,,221220,,,N*78
$GPGGA,110805.90,,,,,0,00,,,M,,M,,*4C
$GPGST,110805.90,,,,,,,*7D
$GPRMC,110806.00,V,,,,,,,221220,,,N*72
$GPGGA,110806.00,,,,,0,00,,,M,,M,,*46
$GPGST,110806.00,,,,,,,*77
$GPRMC,110806.10,V,,,,,,,221220,,,N*73
$GPGGA,110806.10,,,,,0,00,,,M,,M,,*47
$GPGST,110806.10,,,,,,,*76
$GPRMC,110806.20,V,,,,,,,221220,,,N*70
$GPGGA,110806.20,,,,,0,00,,,M,,M,,*44
$GPGST,110806.20,,,,,,,*75
$GPRMC,110806.30,V,,,,,,,221220,,,N*71
$GPGGA,110806.30,,,,,0,00,,,M,,M,,*45
$GPGST,110806.30,,,,,,,*74
$GPRMC,110806.40,V,,,,,,,221220,,,N*76
$GPGGA,110806.40,,,,,0,00,,,M,,M,,*42
$GPGST,110806.40,,,,,,,*73
$GPRMC,110806.50,V,,,,,,,221220,,,N*77
$GPGGA,110806.50,,,,,0,00,,,M,,M,,*43
$GPGST,110806.50,,,,,,,*72
$GPRMC,110806.60,V,,,,,,,221220,,,N*74
$GPGGA,110806.60,,,,,0,00,,,M,,M,,*40
$GPGST,110806.60,,,,,,,*71
$GPRMC,110806.70,V,,,,,,,221220,,,N*75
$GPGGA,110806.70,,,,,0,00,,,M,,M,,*41
$GPGST,110806.70,,,,,,,*70
$GPRMC,110806.80,V,,,,,,,221220,,,N*7A
$GPGGA,110806.80,,,,,0,00,,,M,,M,,*4E
$GPGST,110806.80,,,,,,,*7F
$GPRMC,110806.90,V,,,,,,,221220,,,N*7B
$GPGGA,110806.90,,,,,0,00,,,M,,M,,*4F
$GPGST,110806.90,,,,,,,*7E
$GPRMC,110807.00,V,,,,,,,221220,,,N*73
$GPGGA,110807.00,,,,,0,00,,,M,,M,,*47
$GPGST,110807.00,,,,,,,*76
$GPRMC,110807.10,V,,,,,,,221220,,,N*72
$GPGGA,110807.10,,,,,0,00,,,M,,M,,*46
$GPGST,110807.10,,,,,,,*77
$GPRMC,110807.20,V,,,,,,,221220,,,N*71
$GPGGA,110807.20,,,,,0,00,,,M,,M,,*45
$GPGST,110807.20,,,,,,,*74
$GPRMC,110807.30,V,,,,,,,221220,,,N*70
$GPGGA,110807.30,,,,,0,00,,,M,,M,,*44
$GPGST,110807.30,,,,,,,*75
$GPRMC,110807.40,V,,,,,,,221220,,,N*77
$GPGGA,110807.40,,,,,0,00,,,M,,M,,*43
$GPGST,110807.40,,,,,,,*72
$GPRMC,110807.50,V,,,,,,,221220,,,N*76
$GPGGA,110807.50,,,,,0,00,,,M,,M,,*42
$GPGST,110807.50,,,,,,,*73
$GPRMC,110807.60,V,,,,,,,221220,,,N*75
$GPGGA,110807.60,,,,,0,00,,,M,,M,,*41
$GPGST,110807.60,,,,,,,*70
$GPRMC,110807.70,V,,,,,,,221220,,,N*74
$GPGGA,110807.70,,,,,0,00,,,M,,M,,*40
$GPGST,110807.70,,,,,,,*71
$GPRMC,110807.80,V,,,,,,,221220,,,N*7B
$GPGGA,110807.80,,,,,0,00,,,M,,M,,*4F
$GPGST,110807.80,,,,,,,*7E
$GPRMC,110807.90,V,,,,,,,221220,,,N*7A
$GPGGA,110807.90,,,,,0,00,,,M,,M,,*4E
$GPGST,110807.90,,,,,,,*7F
$GPRMC,110808.00,V,,,,,,,221220,,,N*7C
$GPGGA,110808.00,,,,,0,00,,,M,,M,,*48
$GPGST,110808.00,,,,,,,*79
$GPRMC,110808.10,V,,,,,,,221220,,,N*7D
$GPGGA,110808.10,,,,,0,00,,,M,,M,,*49
$GPGST,110808.10,,,,,,,*78
$GPRMC,110808.20,V,,,,,,,221220,,,N*7E
$GPGGA,110808.20,,,,,0,00,,,M,,M,,*4A
$GPGST,110808.20,,,,,,,*7B
$GPRMC,110808.30,V,,,,,,,221220,,,N*7F
$GPGGA,110808.30,,,,,0,00,,,M,,M,,*4B
$GPGST,110808.30,,,,,,,*7A
$GPRMC,110808.40,V,,,,,,,221220,,,N*78
$GPGGA,110808.40,,,,,0,00,,,M,,M,,*4C
$GPGST,110808.40,,,,,,,*7D
$GPRMC,110808.50,V,,,,,,,221220,,,N*79
$GPGGA,110808.50,,,,,0,00,,,M,,M,,*4D
$GPGST,110808.50,,,,,,,*7C
$GPRMC,110808.60,V,,,,,,,221220,,,N*7A
$GPGGA,110808.60,,,,,0,00,,,M,,M,,*4E
$GPGST,110808.60,,,,,,,*7F
$GPRMC,110808.70,V,,,,,,,221220,,,N*7B
$GPGGA,110808.70,,,,,0,00,,,M,,M,,*4F
$GPGST,110808.70,,,,,,,*7E
$GPRMC,110808.80,V,,,,,,,221220,,,N*74
$GPGGA,110808.80,,,,,0,00,,,M,,M,,*40
$GPGST,110808.80,,,,,,,*71
$GPRMC,110808.90,V,,,,,,,221220,,,N*75
$GPGGA,110808.90,,,,,0,00,,,M,,M,,*41
$GPGST,110808.90,,,,,,,*70
$GPRMC,110809.00,V,,,,,,,221220,,,N*7D
$GPGGA,110809.00,,,,,0,00,,,M,,M,,*49
$GPGST,110809.00,,,,,,,*78
$GPRMC,110809.10,V,,,,,,,221220,,,N*7C
$GPGGA,110809.10,,,,,0,00,,,M,,M,,*48
$GPGST,110809.10,,,,,,,*79
$GPRMC,110809.20,V,,,,,,,221220,,,N*7F
$GPGGA,110809.20,,,,,0,00,,,M,,M,,*4B
$GPGST,110809.20,,,,,,,*7A
$GPRMC,110809.30,V,,,,,,,221220,,,N*7E
$GPGGA,110809.30,,,,,0,00,,,M,,M,,*4A
$GPGST,110809.30,,,,,,,*7B
$GPRMC,110809.40,V,,,,,,,221220,,,N*79
$GPGGA,110809.40,,,,,0,00,,,M,,M,,*4D
$GPGST,110809.40,,,,,,,*7C
$GPRMC,110809.50,V,,,,,,,221220,,,N*78
$GPGGA,110809.50,,,,,0,00,,,M,,M,,*4C
$GPGST,110809.50,,,,,,,*7D
$GPRMC,110809.60,V,,,,,,,221220,,,N*7B
$GPGGA,110809.60,,,,,0,00,,,M,,M,,*4F
$GPGST,110809.60,,,,,,,*7E
$GPRMC,110809.70,V,,,,,,,221220,,,N*7A
$GPGGA,110809.70,,,,,0,00,,,M,,M,,*4E
$GPGST,110809.70,,,,,,,*7F
$GPRMC,110809.80,V,,,,,,,221220,,,N*75
$GPGGA,110809.80,,,,,0,00,,,M,,M,,*41
$GPGST,110809.80,,,,,,,*70
$GPRMC,110809.90,V,,,,,,,221220,,,N*74
$GPGGA,110809.90,,,,,0,00,,,M,,M,,*40
$GPGST,110809.90,,,,,,,*71
$GPRMC,110810.00,V,,,,,,,221220,,,N*75
$GPGGA,110810.00,,,,,0,00,,,M,,M,,*41
$GPGST,110810.00,,,,,,,*70
$GPRMC,110810.10,V,,,,,,,221220,,,N*74
$GPGGA,110810.10,,,,,0,00,,,M,,M,,*40
$GPGST,110810.10,,,,,,,*71
$GPRMC,110810.20,V,,,,,,,221220,,,N*77
$GPGGA,110810.20,,,,,0,00,,,M,,M,,*43
$GPGST,110810.20,,,,,,,*72
$GPRMC,110810.30,V,,,,,,,221220,,,N*76
$GPGGA,110810.30,,,,,0,00,,,M,,M,,*42
$GPGST,110810.30,,,,,,,*73
$GPRMC,110810.40,V,,,,,,,221220,,,N*71
$GPGGA,110810.40,,,,,0,00,,,M,,M,,*45
$GPGST,110810.40,,,,,,,*74
$GPRMC,110810.50,V,,,,,,,221220,,,N*70
$GPGGA,110810.50,,,,,0,00,,,M,,M,,*44
$GPGST,110810.50,,,,,,,*75
$GPRMC,110810.60,V,,,,,,,221220,,,N*73
$GPGGA,110810.60,,,,,0,00,,,M,,M,,*47
$GPGST,110810.60,,,,,,,*76
$GPRMC,110810.70,V,,,,,,,221220,,,N*72
$GPGGA,110810.70,,,,,0,00,,,M,,M,,*46
$GPGST,110810.70,,,,,,,*77
$GPRMC,110810.80,V,,,,,,,221220,,,N*7D
$GPGGA,110810.80,,,,,0,00,,,M,,M,,*49
$GPGST,110810.80,,,,,,,*78
$GPRMC,110810.90,V,,,,,,,221220,,,N*7C
$GPGGA,110810.90,,,,,0,00,,,M,,M,,*48
$GPGST,110810.90,,,,,,,*79
$GPRMC,110811.00,V,,,,,,,221220,,,N*74
$GPGGA,110811.00,,,,,0,00,,,M,,M,,*40
$GPGST,110811.00,,,,,,,*71
$GPRMC,110811.10,V,,,,,,,221220,,,N*75
$GPGGA,110811.10,,,,,0,00,,,M,,M,,*41
$GPGST,110811.10,,,,,,,*70
$GPRMC,110811.20,V,,,,,,,221220,,,N*76
$GPGGA,110811.20,,,,,0,00,,,M,,M,,*42
$GPGST,110811.20,,,,,,,*73
$GPRMC,110811.30,V,,,,,,,221220,,,N*77
$GPGGA,110811.30,,,,,0,00,,,M,,M,,*43
$GPGST,110811.30,,,,,,,*72
$GPRMC,110811.40,V,,,,,,,221220,,,N*70
$GPGGA,110811.40,,,,,0,00,,,M,,M,,*44
$GPGST,110811.40,,,,,,,*75
$GPRMC,110811.50,V,,,,,,,221220,,,N*71
$GPGGA,110811.50,,,,,0,00,,,M,,M,,*45
$GPGST,110811.50,,,,,,,*74
$GPRMC,110811.60,V,,,,,,,221220,,,N*72
$GPGGA,110811.60,,,,,0,00,,,M,,M,,*46
$GPGST,110811.60,,,,,,,*77
$GPRMC,110811.70,V,,,,,,,221220,,,N*73
$GPGGA,110811.70,,,,,0,00,,,M,,M,,*47
$GPGST,110811.70,,,,,,,*76
$GPRMC,110811.80,V,,,,,,,221220,,,N*7C
$GPGGA,110811.80,,,,,0,00,,,M,,M,,*48
$GPGST,110811.80,,,,,,,*79
$GPRMC,110811.90,V,,,,,,,221220,,,N*7D
$GPGGA,110811.90,,,,,0,00,,,M,,M,,*49
$GPGST,110811.90,,,,,,,*78
$GPRMC,110812.00,V,,,,,,,221220,,,N*77
$GPGGA,110812.00,,,,,0,00,,,M,,M,,*43
$GPGST,110812.00,,,,,,,*72
$GPRMC,110812.10,V,,,,,,,221220,,,N*76
$GPGGA,110812.10,,,,,0,00,,,M,,M,,*42
$GPGST,110812.10,,,,,,,*73
$GPRMC,110812.20,V,,,,,,,221220,,,N*75
$GPGGA,110812.20,,,,,0,00,,,M,,M,,*41
$GPGST,110812.20,,,,,,,*70
$GPRMC,110812.30,V,,,,,,,221220,,,N*74
$GPGGA,110812.30,,,,,0,00,,,M,,M,,*40
$GPGST,110812.30,,,,,,,*71
$GPRMC,110812.40,V,,,,,,,221220,,,N*73
$GPGGA,110812.40,,,,,0,00,,,M,,M,,*47
$GPGST,110812.40,,,,,,,*76
$GPRMC,110812.50,V,,,,,,,221220,,,N*72
$GPGGA,110812.50,,,,,0,00,,,M,,M,,*46
$GPGST,110812.50,,,,,,,*77
$GPRMC,110812.60,V,,,,,,,221220,,,N*71
$GPGGA,110812.60,,,,,0,00,,,M,,M,,*45
$GPGST,110812.60,,,,,,,*74
$GPRMC,110812.70,V,,,,,,,221220,,,N*70
$GPGGA,110812.70,,,,,0,00,,,M,,M,,*44
$GPGST,110812.70,,,,,,,*75
$GPRMC,110812.80,V,,,,,,,221220,,,N*7F
$GPGGA,110812.80,,,,,0,00,,,M,,M,,*4B
$GPGST,110812.80,,,,,,,*7A
$GPRMC,110812.90,V,,,,,,,221220,,,N*7E
$GPGGA,110812.90,,,,,0,00,,,M,,M,,*4A
$GPGST,110812.90,,,,,,,*7B
$GPRMC,110813.00,V,,,,,,,221220,,,N*76
$GPGGA,110813.00,,,,,0,00,,,M,,M,,*42
$GPGST,110813.00,,,,,,,*73
$GPRMC,110813.10,V,,,,,,,221220,,,N*77
$GPGGA,110813.10,,,,,0,00,,,M,,M,,*43
$GPGST,110813.10,,,,,,,*72
$GPRMC,110813.20,V,,,,,,,221220,,,N*74
$GPGGA,110813.20,,,,,0,00,,,M,,M,,*40
$GPGST,110813.20,,,,,,,*71
$GPRMC,110813.30,V,,,,,,,221220,,,N*75
$GPGGA,110813.30,,,,,0,00,,,M,,M,,*41
$GPGST,110813.30,,,,,,,*70
$GPRMC,110813.40,V,,,,,,,221220,,,N*72
$GPGGA,110813.40,,,,,0,00,,,M,,M,,*46
$GPGST,110813.40,,,,,,,*77
$GPRMC,110813.50,V,,,,,,,221220,,,N*73
$GPGGA,110813.50,,,,,0,00,,,M,,M,,*47
$GPGST,110813.50,,,,,,,*76
$GPRMC,110813.60,V,,,,,,,221220,,,N*70
$GPGGA,110813.60,,,,,0,00,,,M,,M,,*44
$GPGST,110813.60,,,,,,,*75
$GPRMC,110813.70,V,,,,,,,221220,,,N*71
$GPGGA,110813.70,,,,,0,00,,,M,,M,,*45
$GPGST,110813.70,,,,,,,*74
$GPRMC,110813.80,V,,,,,,,221220,,,N*7E
$GPGGA,110813.80,,,,,0,00,,,M,,M,,*4A
$GPGST,110813.80,,,,,,,*7B
$GPRMC,110813.90,V,,,,,,,221220,,,N*7F
$GPGGA,110813.90,,,,,0,00,,,M,,M,,*4B
$GPGST,110813.90,,,,,,,*7A
$GPRMC,110814.00,V,,,,,,,221220,,,N*71
$GPGGA,110814.00,,,,,0,00,,,M,,M,,*45
$GPGST,110814.00,,,,,,,*74
$GPRMC,110814.10,V,,,,,,,221220,,,N*70
$GPGGA,110814.10,,,,,0,00,,,M,,M,,*44
$GPGST,110814.10,,,,,,,*75
$GPRMC,110814.20,V,,,,,,,221220,,,N*73
$GPGGA,110814.20,,,,,0,00,,,M,,M,,*47
$GPGST,110814.20,,,,,,,*76
$GPRMC,110814.30,V,,,,,,,221220,,,N*72
$GPGGA,110814.30,,,,,0,00,,,M,,M,,*46
$GPGST,110814.30,,,,,,,*77
$GPRMC,110814.40,V,,,,,,,221220,,,N*75
$GPGGA,110814.40,,,,,0,00,,,M,,M,,*41
$GPGST,110814.40,,,,,,,*70
$GPRMC,110814.50,V,,,,,,,221220,,,N*74
$GPGGA,110814.50,,,,,0,00,,,M,,M,,*40
$GPGST,110814.50,,,,,,,*71
$GPRMC,110814.60,V,,,,,,,221220,,,N*77
$GPGGA,110814.60,,,,,0,00,,,M,,M,,*43
$GPGST,110814.60,,,,,,,*72
$GPRMC,110814.70,V,,,,,,,221220,,,N*76
$GPGGA,110814.70,,,,,0,00,,,M,,M,,*42
$GPGST,110814.70,,,,,,,*73
$GPRMC,110814.80,V,,,,,,,221220,,,N*79
$GPGGA,110814.80,,,,,0,00,,,M,,M,,*4D
$GPGST,110814.80,,,,,,,*7C
$GPRMC,110814.90,V,,,,,,,221220,,,N*78
$GPGGA,110814.90,,,,,0,00,,,M,,M,,*4C
$GPGST,110814.90,,,,,,,*7D
$GPRMC,110815.00,V,,,,,,,221220,,,N*70
$GPGGA,110815.00,,,,,0,00,,,M,,M,,*44
$GPGST,110815.00,,,,,,,*75
$GPRMC,110815.10,V,,,,,,,221220,,,N*71
$GPGGA,110815.10,,,,,0,00,,,M,,M,,*45
$GPGST,110815.10,,,,,,,*74
$GPRMC,110815.20,V,,,,,,,221220,,,N*72
$GPGGA,110815.20,,,,,0,00,,,M,,M,,*46
$GPGST,110815.20,,,,,,,*77
$GPRMC,110815.30,V,,,,,,,221220,,,N*73
$GPGGA,110815.30,,,,,0,00,,,M,,M,,*47
$GPGST,110815.30,,,,,,,*76
$GPRMC,110815.40,V,,,,,,,221220,,,N*74
$GPGGA,110815.40,,,,,0,00,,,M,,M,,*40
$GPGST,110815.40,,,,,,,*71
$GPRMC,110815.50,V,,,,,,,221220,,,N*75
$GPGGA,110815.50,,,,,0,00,,,M,,M,,*41
$GPGST,110815.50,,,,,,,*70
$GPRMC,110815.60,V,,,,,,,221220,,,N*76
$GPGGA,110815.60,,,,,0,00,,,M,,M,,*42
$GPGST,110815.60,,,,,,,*73
$GPRMC,110815.70,V,,,,,,,221220,,,N*77
$GPGGA,110815.70,,,,,0,00,,,M,,M,,*43
$GPGST,110815.70,,,,,,,*72
$GPRMC,110815.80,V,,,,,,,221220,,,N*78
$GPGGA,110815.80,,,,,0,00,,,M,,M,,*4C
$GPGST,110815.80,,,,,,,*7D
$GPRMC,110815.90,V,,,,,,,221220,,,N*79
$GPGGA,110815.90,,,,,0,00,,,M,,M,,*4D
$GPGST,110815.90,,,,,,,*7C
$GPRMC,110816.00,V,,,,,,,221220,,,N*73
$GPGGA,110816.00,,,,,0,00,,,M,,M,,*47
$GPGST,110816.00,,,,,,,*76
$GPRMC,110816.10,V,,,,,,,221220,,,N*72
$GPGGA,110816.10,,,,,0,00,,,M,,M,,*46
$GPGST,110816.10,,,,,,,*77
$GPRMC,110816.20,V,,,,,,,221220,,,N*71
$GPGGA,110816.20,,,,,0,00,,,M,,M,,*45
$GPGST,110816.20,,,,,,,*74
$GPRMC,110816.30,V,,,,,,,221220,,,N*70
$GPGGA,110816.30,,,,,0,00,,,M,,M,,*44
$GPGST,110816.30,,,,,,,*75
$GPRMC,110816.40,V,,,,,,,221220,,,N*77
$GPGGA,110816.40,,,,,0,00,,,M,,M,,*43
$GPGST,110816.40,,,,,,,*72
$GPRMC,110816.50,V,,,,,,,221220,,,N*76
$GPGGA,110816.50,,,,,0,00,,,M,,M,,*42
$GPGST,110816.50,,,,,,,*73
$GPRMC,110816.60,V,,,,,,,221220,,,N*75
$GPGGA,110816.60,,,,,0,00,,,M,,M,,*41
$GPGST,110816.60,,,,,,,*70
$GPRMC,110816.70,V,,,,,,,221220,,,N*74
$GPGGA,110816.70,,,,,0,00,,,M,,M,,*40
$GPGST,110816.70,,,,,,,*71
$GPRMC,110816.80,V,,,,,,,221220,,,N*7B
$GPGGA,110816.80,,,,,0,00,,,M,,M,,*4F
$GPGST,110816.80,,,,,,,*7E
$GPRMC,110816.90,V,,,,,,,221220,,,N*7A
$GPGGA,110816.90,,,,,0,00,,,M,,M,,*4E
$GPGST,110816.90,,,,,,,*7F
$GPRMC,110817.00,V,,,,,,,221220,,,N*72
$GPGGA,110817.00,,,,,0,00,,,M,,M,,*46
$GPGST,110817.00,,,,,,,*77
$GPRMC,110817.10,V,,,,,,,221220,,,N*73
$GPGGA,110817.10,,,,,0,00,,,M,,M,,*47
$GPGST,110817.10,,,,,,,*76
$GPRMC,110817.20,V,,,,,,,221220,,,N*70
$GPGGA,110817.20,,,,,0,00,,,M,,M,,*44
$GPGST,110817.20,,,,,,,*75
$GPRMC,110817.30,V,,,,,,,221220,,,N*71
$GPGGA,110817.30,,,,,0,00,,,M,,M,,*45
$GPGST,110817.30,,,,,,,*74
$GPRMC,110817.40,V,,,,,,,221220,,,N*76
$GPGGA,110817.40,,,,,0,00,,,M,,M,,*42
$GPGST,110817.40,,,,,,,*73
$GPRMC,110817.50,V,,,,,,,221220,,,N*77
$GPGGA,110817.50,,,,,0,00,,,M,,M,,*43
$GPGST,110817.50,,,,,,,*72
$GPRMC,110817.60,V,,,,,,,221220,,,N*74
$GPGGA,110817.60,,,,,0,00,,,M,,M,,*40
$GPGST,110817.60,,,,,,,*71
$GPRMC,110817.70,V,,,,,,,221220,,,N*75
$GPGGA,110817.70,,,,,0,00,,,M,,M,,*41
$GPGST,110817.70,,,,,,,*70
$GPRMC,110817.80,V,,,,,,,221220,,,N*7A
$GPGGA,110817.80,,,,,0,00,,,M,,M,,*4E
$GPGST,110817.80,,,,,,,*7F
$GPRMC,110817.90,V,,,,,,,221220,,,N*7B
$GPGGA,110817.90,,,,,0,00,,,M,,M,,*4F
$GPGST,110817.90,,,,,,,*7E
$GPRMC,110818.00,V,,,,,,,221220,,,N*7D
$GPGGA,110818.00,,,,,0,00,,,M,,M,,*49
$GPGST,110818.00,,,,,,,*78
$GPRMC,110818.10,V,,,,,,,221220,,,N*7C
$GPGGA,110818.10,,,,,0,00,,,M,,M,,*48
$GPGST,110818.10,,,,,,,*79
$GPRMC,110818.20,V,,,,,,,221220,,,N*7F
$GPGGA,110818.20,,,,,0,00,,,M,,M,,*4B
$GPGST,110818.20,,,,,,,*7A
$GPRMC,110818.30,V,,,,,,,221220,,,N*7E
$GPGGA,110818.30,,,,,0,00,,,M,,M,,*4A
$GPGST,110818.30,,,,,,,*7B
$GPRMC,110818.40,V,,,,,,,221220,,,N*79
$GPGGA,110818.40,,,,,0,00,,,M,,M,,*4D
$GPGST,110818.40,,,,,,,*7C
$GPRMC,110818.50,V,,,,,,,221220,,,N*78
$GPGGA,110818.50,,,,,0,00,,,M,,M,,*4C
$GPGST,110818.50,,,,,,,*7D
$GPRMC,110818.60,V,,,,,,,221220,,,N*7B
$GPGGA,110818.60,,,,,0,00,,,M,,M,,*4F
$GPGST,110818.60,,,,,,,*7E
$GPRMC,110818.70,V,,,,,,,221220,,,N*7A
$GPGGA,110818.70,,,,,0,00,,,M,,M,,*4E
$GPGST,110818.70,,,,,,,*7F
$GPRMC,110818.80,V,,,,,,,221220,,,N*75
$GPGGA,110818.80,,,,,0,00,,,M,,M,,*41
$GPGST,110818.80,,,,,,,*70
$GPRMC,110818.90,V,,,,,,,221220,,,N*74
$GPGGA,110818.90,,,,,0,00,,,M,,M,,*40
$GPGST,110818.90,,,,,,,*71
$GPRMC,110819.00,V,,,,,,,221220,,,N*7C
$GPGGA,110819.00,,,,,0,00,,,M,,M,,*48
$GPGST,110819.00,,,,,,,*79
$GPRMC,110819.10,V,,,,,,,221220,,,N*7D
$GPGGA,110819.10,,,,,0,00,,,M,,M,,*49
$GPGST,110819.10,,,,,,,*78
$GPRMC,110819.20,V,,,,,,,221220,,,N*7E
$GPGGA,110819.20,,,,,0,00,,,M,,M,,*4A
$GPGST,110819.20,,,,,,,*7B
$GPRMC,110819.30,V,,,,,,,221220,,,N*7F
$GPGGA,110819.30,,,,,0,00,,,M,,M,,*4B
$GPGST,110819.30,,,,,,,*7A
$GPRMC,110819.40,V,,,,,,,221220,,,N*78
$GPGGA,110819.40,,,,,0,00,,,M,,M,,*4C
$GPGST,110819.40,,,,,,,*7D
$GPRMC,110819.50,V,,,,,,,221220,,,N*79
$GPGGA,110819.50,,,,,0,00,,,M,,M,,*4D
$GPGST,110819.50,,,,,,,*7C
$GPRMC,110819.60,V,,,,,,,221220,,,N*7A
$GPGGA,110819.60,,,,,0,00,,,M,,M,,*4E
$GPGST,110819.60,,,,,,,*7F
$GPRMC,110819.70,V,,,,,,,221220,,,N*7B
$GPGGA,110819.70,,,,,0,00,,,M,,M,,*4F
$GPGST,110819.70,,,,,,,*7E
$GPRMC,110819.80,V,,,,,,,221220,,,N*74
$GPGGA,110819.80,,,,,0,00,,,M,,M,,*40
$GPGST,110819.80,,,,,,,*71
$GPRMC,110819.90,V,,,,,,,221220,,,N*75
$GPGGA,110819.90,,,,,0,00,,,M,,M,,*41
$GPGST,110819.90,,,,,,,*70
$GPRMC,110820.00,V,,,,,,,221220,,,N*76
$GPGGA,110820.00,,,,,0,00,,,M,,M,,*42
$GPGST,110820.00,,,,,,,*73
$GPRMC,110820.10,V,,,,,,,221220,,,N*77
$GPGGA,110820.10,,,,,0,00,,,M,,M,,*43
$GPGST,110820.10,,,,,,,*72
$GPRMC,110820.20,V,,,,,,,221220,,,N*74
$GPGGA,110820.20,,,,,0,00,,,M,,M,,*40
$GPGST,110820.20,,,,,,,*71
$GPRMC,110820.30,V,,,,,,,221220,,,N*75
$GPGGA,110820.30,,,,,0,00,,,M,,M,,*41
$GPGST,110820.30,,,,,,,*70
$GPRMC,110820.40,V,,,,,,,221220,,,N*72
$GPGGA,110820.40,,,,,0,00,,,M,,M,,*46
$GPGST,110820.40,,,,,,,*77
$GPRMC,110820.50,V,,,,,,,221220,,,N*73
$GPGGA,110820.50,,,,,0,00,,,M,,M,,*47
$GPGST,110820.50,,,,,,,*76
$GPRMC,110820.60,V,,,,,,,221220,,,N*70
$GPGGA,110820.60,,,,,0,00,,,M,,M,,*44
$GPGST,110820.60,,,,,,,*75
$GPRMC,110820.70,V,,,,,,,221220,,,N*71
$GPGGA,110820.70,,,,,0,00,,,M,,M,,*45
$GPGST,110820.70,,,,,,,*74
$GPRMC,110820.80,V,,,,,,,221220,,,N*7E
$GPGGA,110820.80,,,,,0,00,,,M,,M,,*4A
$GPGST,110820.80,,,,,,,*7B
$GPRMC,110820.90,V,,,,,,,221220,,,N*7F
$GPGGA,110820.90,,,,,0,00,,,M,,M,,*4B
$GPGST,110820.90,,,,,,,*7A
$GPRMC,110821.00,V,,,,,,,221220,,,N*77
$GPGGA,110821.00,,,,,0,00,,,M,,M,,*43
$GPGST,110821.00,,,,,,,*72
$GPRMC,110821.10,V,,,,,,,221220,,,N*76
$GPGGA,110821.10,,,,,0,00,,,M,,M,,*42
$GPGST,110821.10,,,,,,,*73
$GPRMC,110821.20,V,,,,,,,221220,,,N*75
$GPGGA,110821.20,,,,,0,00,,,M,,M,,*41
$GPGST,110821.20,,,,,,,*70
$GPRMC,110821.30,V,,,,,,,221220,,,N*74
$GPGGA,110821.30,,,,,0,00,,,M,,M,,*40
$GPGST,110821.30,,,,,,,*71
$GPRMC,110821.40,V,,,,,,,221220,,,N*73
$GPGGA,110821.40,,,,,0,00,,,M,,M,,*47
$GPGST,110821.40,,,,,,,*76
$GPRMC,110821.50,V,,,,,,,221220,,,N*72
$GPGGA,110821.50,,,,,0,00,,,M,,M,,*46
$GPGST,110821.50,,,,,,,*77
$GPRMC,110821.60,V,,,,,,,221220,,,N*71
$GPGGA,110821.60,,,,,0,00,,,M,,M,,*45
$GPGST,110821.60,,,,,,,*74
$GPRMC,110821.70,V,,,,,,,221220,,,N*70
$GPGGA,110821.70,,,,,0,00,,,M,,M,,*44
$GPGST,110821.70,,,,,,,*75
$GPRMC,110821.80,V,,,,,,,221220,,,N*7F
$GPGGA,110821.80,,,,,0,00,,,M,,M,,*4B
$GPGST,110821.80,,,,,,,*7A
$GPRMC,110821.90,V,,,,,,,221220,,,N*7E
$GPGGA,110821.90,,,,,0,00,,,M,,M,,*4A
$GPGST,110821.90,,,,,,,*7B
$GPRMC,110822.00,V,,,,,,,221220,,,N*74
$GPGGA,110822.00,,,,,0,00,,,M,,M,,*40
$GPGST,110822.00,,,,,,,*71
$GPRMC,110822.10,V,,,,,,,221220,,,N*75
$GPGGA,110822.10,,,,,0,00,,,M,,M,,*41
$GPGST,110822.10,,,,,,,*70
$GPRMC,110822.20,V,,,,,,,221220,,,N*76
$GPGGA,110822.20,,,,,0,00,,,M,,M,,*42
$GPGST,110822.20,,,,,,,*73
$GPRMC,110822.30,V,,,,,,,221220,,,N*77
$GPGGA,110822.30,,,,,0,00,,,M,,M,,*43
$GPGST,110822.30,,,,,,,*72
$GPRMC,110822.40,V,,,,,,,221220,,,N*70
$GPGGA,110822.40,,,,,0,00,,,M,,M,,*44
$GPGST,110822.40,,,,,,,*75
$GPRMC,110822.50,V,,,,,,,221220,,,N*71
$GPGGA,110822.50,,,,,0,00,,,M,,M,,*45
$GPGST,110822.50,,,,,,,*74
$GPRMC,110822.60,V,,,,,,,221220,,,N*72
$GPGGA,110822.60,,,,,0,00,,,M,,M,,*46
$GPGST,110822.60,,,,,,,*77
$GPRMC,110822.70,V,,,,,,,221220,,,N*73
$GPGGA,110822.70,,,,,0,00,,,M,,M,,*47
$GPGST,110822.70,,,,,,,*76
$GPRMC,110822.80,V,,,,,,,221220,,,N*7C
$GPGGA,110822.80,,,,,0,00,,,M,,M,,*48
$GPGST,110822.80,,,,,,,*79
$GPRMC,110822.90,V,,,,,,,221220,,,N*7D
$GPGGA,110822.90,,,,,0,00,,,M,,M,,*49
$GPGST,110822.90,,,,,,,*78
$GPRMC,110823.00,V,,,,,,,221220,,,N*75
$GPGGA,110823.00,,,,,0,00,,,M,,M,,*41
$GPGST,110823.00,,,,,,,*70
$GPRMC,110823.10,V,,,,,,,221220,,,N*74
$GPGGA,110823.10,,,,,0,00,,,M,,M,,*40
$GPGST,110823.10,,,,,,,*71
$GPRMC,110823.20,V,,,,,,,221220,,,N*77
$GPGGA,110823.20,,,,,0,00,,,M,,M,,*43
$GPGST,110823.20,,,,,,,*72
$GPRMC,110823.30,V,,,,,,,221220,,,N*76
$GPGGA,110823.30,,,,,0,00,,,M,,M,,*42
$GPGST,110823.30,,,,,,,*73
$GPRMC,110823.40,V,,,,,,,221220,,,N*71
$GPGGA,110823.40,,,,,0,00,,,M,,M,,*45
$GPGST,110823.40,,,,,,,*74
$GPRMC,110823.50,V,,,,,,,221220,,,N*70
$GPGGA,110823.50,,,,,0,00,,,M,,M,,*44
$GPGST,110823.50,,,,,,,*75
$GPRMC,110823.60,V,,,,,,,221220,,,N*73
$GPGGA,110823.60,,,,,0,00,,,M,,M,,*47
$GPGST,110823.60,,,,,,,*76
$GPRMC,110823.70,V,,,,,,,221220,,,N*72
$GPGGA,110823.70,,,,,0,00,,,M,,M,,*46
$GPGST,110823.70,,,,,,,*77
$GPRMC,110823.80,V,,,,,,,221220,,,N*7D
$GPGGA,110823.80,,,,,0,00,,,M,,M,,*49
$GPGST,110823.80,,,,,,,*78
$GPRMC,110823.90,V,,,,,,,221220,,,N*7C
$GPGGA,110823.90,,,,,0,00,,,M,,M,,*48
$GPGST,110823.90,,,,,,,*79
$GPRMC,110824.00,V,,,,,,,221220,,,N*72
$GPGGA,110824.00,,,,,0,00,,,M,,M,,*46
$GPGST,110824.00,,,,,,,*77
$GPRMC,110824.10,V,,,,,,,221220,,,N*73
$GPGGA,110824.10,,,,,0,00,,,M,,M,,*47
$GPGST,110824.10,,,,,,,*76
$GPRMC,110824.20,V,,,,,,,221220,,,N*70
$GPGGA,110824.20,,,,,0,00,,,M,,M,,*44
$GPGST,110824.20,,,,,,,*75
$GPRMC,110824.30,V,,,,,,,221220,,,N*71
$GPGGA,110824.30,,,,,0,00,,,M,,M,,*45
$GPGST,110824.30,,,,,,,*74
$GPRMC,110824.40,V,,,,,,,221220,,,N*76
$GPGGA,110824.40,,,,,0,00,,,M,,M,,*42
$GPGST,110824.40,,,,,,,*73
$GPRMC,110824.50,V,,,,,,,221220,,,N*77
$GPGGA,110824.50,,,,,0,00,,,M,,M,,*43
$GPGST,110824.50,,,,,,,*72
$GPRMC,110824.60,V,,,,,,,221220,,,N*74
$GPGGA,110824.60,,,,,0,00,,,M,,M,,*40
$GPGST,110824.60,,,,,,,*71
$GPRMC,110824.70,V,,,,,,,221220,,,N*75
$GPGGA,110824.70,,,,,0,00,,,M,,M,,*41
$GPGST,110824.70,,,,,,,*70
$GPRMC,110824.80,V,,,,,,,221220,,,N*7A
$GPGGA,110824.80,,,,,0,00,,,M,,M,,*4E
$GPGST,110824.80,,,,,,,*7F
$GPRMC,110824.90,V,,,,,,,221220,,,N*7B
$GPGGA,110824.90,,,,,0,00,,,M,,M,,*4F
$GPGST,110824.90,,,,,,,*7E
$GPRMC,110825.00,V,,,,,,,221220,,,N*73
$GPGGA,110825.00,,,,,0,00,,,M,,M,,*47
$GPGST,110825.00,,,,,,,*76
$GPRMC,110825.10,V,,,,,,,221220,,,N*72
$GPGGA,110825.10,,,,,0,00,,,M,,M,,*46
$GPGST,110825.10,,,,,,,*77
$GPRMC,110825.20,V,,,,,,,221220,,,N*71
$GPGGA,110825.20,,,,,0,00,,,M,,M,,*45
$GPGST,110825.20,,,,,,,*74
$GPRMC,110825.30,V,,,,,,,221220,,,N*70
$GPGGA,110825.30,,,,,0,00,,,M,,M,,*44
$GPGST,110825.30,,,,,,,*75
$GPRMC,110825.40,V,,,,,,,221220,,,N*77
$GPGGA,110825.40,,,,,0,00,,,M,,M,,*43
$GPGST,110825.40,,,,,,,*72
$GPRMC,110825.50,V,,,,,,,221220,,,N*76
$GPGGA,110825.50,,,,,0,00,,,M,,M,,*42
$GPGST,110825.50,,,,,,,*73
$GPRMC,110825.60,V,,,,,,,221220,,,N*75
$GPGGA,110825.60,,,,,0,00,,,M,,M,,*41
$GPGST,110825.60,,,,,,,*70
$GPRMC,110825.70,V,,,,,,,221220,,,N*74
$GPGGA,110825.70,,,,,0,00,,,M,,M,,*40
$GPGST,110825.70,,,,,,,*71
$GPRMC,110825.80,V,,,,,,,221220,,,N*7B
$GPGGA,110825.80,,,,,0,00,,,M,,M,,*4F
$GPGST,110825.80,,,,,,,*7E
$GPRMC,110825.90,V,,,,,,,221220,,,N*7A
$GPGGA,110825.90,,,,,0,00,,,M,,M,,*4E
$GPGST,110825.90,,,,,,,*7F
$GPRMC,110826.00,V,,,,,,,221220,,,N*70
$GPGGA,110826.00,,,,,0,00,,,M,,M,,*44
$GPGST,110826.00,,,,,,,*75
$GPRMC,110826.10,V,,,,,,,221220,,,N*71
$GPGGA,110826.10,,,,,0,00,,,M,,M,,*45
$GPGST,110826.10,,,,,,,*74
$GPRMC,110826.20,V,,,,,,,221220,,,N*72
$GPGGA,110826.20,,,,,0,00,,,M,,M,,*46
$GPGST,110826.20,,,,,,,*77
$GPRMC,110826.30,V,,,,,,,221220,,,N*73
$GPGGA,110826.30,,,,,0,00,,,M,,M,,*47
$GPGST,110826.30,,,,,,,*76
$GPRMC,110826.40,V,,,,,,,221220,,,N*74
$GPGGA,110826.40,,,,,0,00,,,M,,M,,*40
$GPGST,110826.40,,,,,,,*71
$GPRMC,110826.50,V,,,,,,,221220,,,N*75
$GPGGA,110826.50,,,,,0,00,,,M,,M,,*41
$GPGST,110826.50,,,,,,,*70
$GPRMC,110826.60,V,,,,,,,221220,,,N*76
$GPGGA,110826.60,,,,,0,00,,,M,,M,,*42
$GPGST,110826.60,,,,,,,*73
$GPRMC,110826.70,V,,,,,,,221220,,,N*77
$GPGGA,110826.70,,,,,0,00,,,M,,M,,*43
$GPGST,110826.70,,,,,,,*72
$GPRMC,110826.80,V,,,,,,,221220,,,N*78
$GPGGA,110826.80,,,,,0,00,,,M,,M,,*4C
$GPGST,110826.80,,,,,,,*7D
$GPRMC,110826.90,V,,,,,,,221220,,,N*79
$GPGGA,110826.90,,,,,0,00,,,M,,M,,*4D
$GPGST,110826.90,,,,,,,*7C
$GPRMC,110827.00,V,,,,,,,221220,,,N*71
$GPGGA,110827.00,,,,,0,00,,,M,,M,,*45
$GPGST,110827.00,,,,,,,*74
$GPRMC,110827.10,V,,,,,,,221220,,,N*70
$GPGGA,110827.10,,,,,0,00,,,M,,M,,*44
$GPGST,110827.10,,,,,,,*75
$GPRMC,110827.20,V,,,,,,,221220,,,N*73
$GPGGA,110827.20,,,,,0,00,,,M,,M,,*47
$GPGST,110827.20,,,,,,,*76
$GPRMC,110827.30,V,,,,,,,221220,,,N*72
$GPGGA,110827.30,,,,,0,00,,,M,,M,,*46
$GPGST,110827.30,,,,,,,*77
$GPRMC,110827.40,V,,,,,,,221220,,,N*75
$GPGGA,110827.40,,,,,0,00,,,M,,M,,*41
$GPGST,110827.40,,,,,,,*70
$GPRMC,110827.50,V,,,,,,,221220,,,N*74
$GPGGA,110827.50,,,,,0,00,,,M,,M,,*40
$GPGST,110827.50,,,,,,,*71
$GPRMC,110827.60,V,,,,,,,221220,,,N*77
$GPGGA,110827.60,,,,,0,00,,,M,,M,,*43
$GPGST,110827.60,,,,,,,*72
$GPRMC,110827.70,V,,,,,,,221220,,,N*76
$GPGGA,110827.70,,,,,0,00,,,M,,M,,*42
$GPGST,110827.70,,,,,,,*73
$GPRMC,110827.80,V,,,,,,,221220,,,N*79
$GPGGA,110827.80,,,,,0,00,,,M,,M,,*4D
$GPGST,110827.80,,,,,,,*7C
$GPRMC,110827.90,V,,,,,,,221220,,,N*78
$GPGGA,110827.90,,,,,0,00,,,M,,M,,*4C
$GPGST,110827.90,,,,,,,*7D
$GPRMC,110828.00,V,,,,,,,221220,,,N*7E
$GPGGA,110828.00,,,,,0,00,,,M,,M,,*4A
$GPGST,110828.00,,,,,,,*7B
$GPRMC,110828.10,A,4811.9206635,N,01136.3968178,E,,,221220,3.6,W,A*2E
$GPGGA,110828.10,4811.9206635,N,01136.3968178,E,1,05,4.4,531.2399,M,47.5437,M,,*64
$GPGST,110828.10,,67.731,32.137,9.995,66.936,33.762,98.477*4C
$GPRMC,110828.20,A,4811.9205508,N,01136.3961133,E,11.0,275.8,221220,3.6,W,A*1D
$GPGGA,110828.20,4811.9205508,N,01136.3961133,E,1,05,4.4,531.6354,M,47.5437,M,,*6A
$GPGST,110828.20,,67.743,32.157,9.991,66.948,33.780,98.479*43
$GPRMC,110828.30,A,4811.9205416,N,01136.3959467,E,8.2,272.0,221220,3.6,W,A*28
$GPGGA,110828.30,4811.9205416,N,01136.3959467,E,1,06,3.5,531.6269,M,47.5437,M,,*60
$GPGST,110828.30,,67.753,32.158,9.975,66.961,33.777,98.478*44
$GPRMC,110828.40,A,4811.9202670,N,01136.3953632,E,10.7,261.5,221220,3.6,W,A*19
$GPGGA,110828.40,4811.9202670,N,01136.3953632,E,1,06,3.5,532.1748,M,47.5437,M,,*68
$GPGST,110828.40,,67.746,32.156,9.988,66.952,33.778,98.479*45
$GPRMC,110828.50,A,4811.9201193,N,01136.3945657,E,11.0,263.9,221220,3.6,W,A*1D
$GPGGA,110828.50,4811.9201193,N,01136.3945657,E,1,06,3.5,532.5758,M,47.5437,M,,*61
$GPGST,110828.50,,67.755,32.179,9.992,66.961,33.802,98.481*45
$GPRMC,110828.60,A,4811.9185597,N,01136.3941622,E,16.7,249.5,221220,3.6,W,A*13
$GPGGA,110828.60,4811.9185597,N,01136.3941622,E,1,06,3.5,533.3360,M,47.5436,M,,*62
$GPGST,110828.60,,67.755,32.174,9.974,66.964,33.791,98.478*45
$GPRMC,110828.70,A,4811.9183916,N,01136.3928736,E,19.6,256.3,221220,3.6,W,A*1C
$GPGGA,110828.70,4811.9183916,N,01136.3928736,E,1,05,4.4,534.2602,M,47.5436,M,,*69
$GPGST,110828.70,,67.649,32.200,9.997,66.856,33.816,98.693*42
$GPRMC,110828.80,V,,,,,,,221220,,,N*76
$GPGGA,110828.80,,,,,0,00,6.8,,M,,M,,*62
$GPGST,110828.80,,,,,,,*73
$GPRMC,110828.90,V,,,,,,,221220,,,N*77
$GPGGA,110828.90,,,,,0,00,3.5,,M,,M,,*6B
$GPGST,110828.90,,,,,,,*72
$GPRMC,110829.00,V,,,,,,,221220,,,N*7F
$GPGGA,110829.00,,,,,0,00,3.5,,M,,M,,*63
$GPGST,110829.00,,,,,,,*7A
$GPRMC,110829.10,V,,,,,,,221220,,,N*7E
$GPGGA,110829.10,,,,,0,00,,,M,,M,,*4A
$GPGST,110829.10,,,,,,,*7B
$GPRMC,110829.20,V,,,,,,,221220,,,N*7D
$GPGGA,110829.20,,,,,0,00,,,M,,M,,*49
$GPGST,110829.20,,,,,,,*78
$GPRMC,110829.30,V,,,,,,,221220,,,N*7C
$GPGGA,110829.30,,,,,0,00,,,M,,M,,*48
$GPGST,110829.30,,,,,,,*79
$GPRMC,110829.40,V,,,,,,,221220,,,N*7B
$GPGGA,110829.40,,,,,0,00,,,M,,M,,*4F
$GPGST,110829.40,,,,,,,*7E
$GPRMC,110829.50,V,,,,,,,221220,,,N*7A
$GPGGA,110829.50,,,,,0,00,,,M,,M,,*4E
$GPGST,110829.50,,,,,,,*7F
$GPRMC,110829.60,V,,,,,,,221220,,,N*79
$GPGGA,110829.60,,,,,0,00,,,M,,M,,*4D
$GPGST,110829.60,,,,,,,*7C
$GPRMC,110829.70,V,,,,,,,221220,,,N*78
$GPGGA,110829.70,,,,,0,00,,,M,,M,,*4C
$GPGST,110829.70,,,,,,,*7D
$GPRMC,110829.80,V,,,,,,,221220,,,N*77
$GPGGA,110829.80,,,,,0,00,,,M,,M,,*43
$GPGST,110829.80,,,,,,,*72
$GPRMC,110829.90,V,,,,,,,221220,,,N*76
$GPGGA,110829.90,,,,,0,00,,,M,,M,,*42
$GPGST,110829.90,,,,,,,*73
$GPRMC,110830.00,V,,,,,,,221220,,,N*77
$GPGGA,110830.00,,,,,0,00,,,M,,M,,*43
$GPGST,110830.00,,,,,,,*72
$GPRMC,110830.10,V,,,,,,,221220,,,N*76
$GPGGA,110830.10,,,,,0,00,,,M,,M,,*42
$GPGST,110830.10,,,,,,,*73
$GPRMC,110830.20,V,,,,,,,221220,,,N*75
$GPGGA,110830.20,,,,,0,00,,,M,,M,,*41
$GPGST,110830.20,,,,,,,*70
$GPRMC,110830.30,V,,,,,,,221220,,,N*74
$GPGGA,110830.30,,,,,0,00,,,M,,M,,*40
$GPGST,110830.30,,,,,,,*71
$GPRMC,110830.40,V,,,,,,,221220,,,N*73
$GPGGA,110830.40,,,,,0,00,,,M,,M,,*47
$GPGST,110830.40,,,,,,,*76
$GPRMC,110830.50,V,,,,,,,221220,,,N*72
$GPGGA,110830.50,,,,,0,00,,,M,,M,,*46
$GPGST,110830.50,,,,,,,*77
$GPRMC,110830.60,V,,,,,,,221220,,,N*71
$GPGGA,110830.60,,,,,0,00,,,M,,M,,*45
$GPGST,110830.60,,,,,,,*74
$GPRMC,110830.70,V,,,,,,,221220,,,N*70
$GPGGA,110830.70,,,,,0,00,,,M,,M,,*44
$GPGST,110830.70,,,,,,,*75
$GPRMC,110830.80,V,,,,,,,221220,,,N*7F
$GPGGA,110830.80,,,,,0,00,,,M,,M,,*4B
$GPGST,110830.80,,,,,,,*7A
$GPRMC,110830.90,V,,,,,,,221220,,,N*7E
$GPGGA,110830.90,,,,,0,00,,,M,,M,,*4A
$GPGST,110830.90,,,,,,,*7B
$GPRMC,110831.00,V,,,,,,,221220,,,N*76
$GPGGA,110831.00,,,,,0,00,,,M,,M,,*42
$GPGST,110831.00,,,,,,,*73
$GPRMC,110831.10,V,,,,,,,221220,,,N*77
$GPGGA,110831.10,,,,,0,00,,,M,,M,,*43
$GPGST,110831.10,,,,,,,*72
$GPRMC,110831.20,V,,,,,,,221220,,,N*74
$GPGGA,110831.20,,,,,0,00,,,M,,M,,*40
$GPGST,110831.20,,,,,,,*71
$GPRMC,110831.30,V,,,,,,,221220,,,N*75
$GPGGA,110831.30,,,,,0,00,,,M,,M,,*41
$GPGST,110831.30,,,,,,,*70
$GPRMC,110831.40,V,,,,,,,221220,,,N*72
$GPGGA,110831.40,,,,,0,00,,,M,,M,,*46
$GPGST,110831.40,,,,,,,*77
$GPRMC,110831.50,V,,,,,,,221220,,,N*73
$GPGGA,110831.50,,,,,0,00,,,M,,M,,*47
$GPGST,110831.50,,,,,,,*76
$GPRMC,110831.60,V,,,,,,,221220,,,N*70
$GPGGA,110831.60,,,,,0,00,,,M,,M,,*44
$GPGST,110831.60,,,,,,,*75
$GPRMC,110831.70,V,,,,,,,221220,,,N*71
$GPGGA,110831.70,,,,,0,00,,,M,,M,,*45
$GPGST,110831.70,,,,,,,*74
$GPRMC,110831.80,V,,,,,,,221220,,,N*7E
$GPGGA,110831.80,,,,,0,00,,,M,,M,,*4A
$GPGST,110831.80,,,,,,,*7B
$GPRMC,110831.90,V,,,,,,,221220,,,N*7F
$GPGGA,110831.90,,,,,0,00,,,M,,M,,*4B
$GPGST,110831.90,,,,,,,*7A
$GPRMC,110832.00,V,,,,,,,221220,,,N*75
$GPGGA,110832.00,,,,,0,00,,,M,,M,,*41
$GPGST,110832.00,,,,,,,*70
$GPRMC,110832.10,V,,,,,,,221220,,,N*74
$GPGGA,110832.10,,,,,0,00,,,M,,M,,*40
$GPGST,110832.10,,,,,,,*71
$GPRMC,110832.20,V,,,,,,,221220,,,N*77
$GPGGA,110832.20,,,,,0,00,,,M,,M,,*43
$GPGST,110832.20,,,,,,,*72
$GPRMC,110832.30,V,,,,,,,221220,,,N*76
$GPGGA,110832.30,,,,,0,00,,,M,,M,,*42
$GPGST,110832.30,,,,,,,*73
$GPRMC,110832.40,V,,,,,,,221220,,,N*71
$GPGGA,110832.40,,,,,0,00,,,M,,M,,*45
$GPGST,110832.40,,,,,,,*74
$GPRMC,110832.50,V,,,,,,,221220,,,N*70
$GPGGA,110832.50,,,,,0,00,,,M,,M,,*44
$GPGST,110832.50,,,,,,,*75
$GPRMC,110832.60,V,,,,,,,221220,,,N*73
$GPGGA,110832.60,,,,,0,00,,,M,,M,,*47
$GPGST,110832.60,,,,,,,*76
$GPRMC,110832.70,V,,,,,,,221220,,,N*72
$GPGGA,110832.70,,,,,0,00,,,M,,M,,*46
$GPGST,110832.70,,,,,,,*77
$GPRMC,110832.80,V,,,,,,,221220,,,N*7D
$GPGGA,110832.80,,,,,0,00,,,M,,M,,*49
$GPGST,110832.80,,,,,,,*78
$GPRMC,110832.90,V,,,,,,,221220,,,N*7C
$GPGGA,110832.90,,,,,0,00,,,M,,M,,*48
$GPGST,110832.90,,,,,,,*79
$GPRMC,110833.00,V,,,,,,,221220,,,N*74
$GPGGA,110833.00,,,,,0,00,,,M,,M,,*40
$GPGST,110833.00,,,,,,,*71
$GPRMC,110833.10,V,,,,,,,221220,,,N*75
$GPGGA,110833.10,,,,,0,00,,,M,,M,,*41
$GPGST,110833.10,,,,,,,*70
$GPRMC,110833.20,V,,,,,,,221220,,,N*76
$GPGGA,110833.20,,,,,0,00,,,M,,M,,*42
$GPGST,110833.20,,,,,,,*73
$GPRMC,110833.30,V,,,,,,,221220,,,N*77
$GPGGA,110833.30,,,,,0,00,,,M,,M,,*43
$GPGST,110833.30,,,,,,,*72
$GPRMC,110833.40,V,,,,,,,221220,,,N*70
$GPGGA,110833.40,,,,,0,00,,,M,,M,,*44
$GPGST,110833.40,,,,,,,*75
$GPRMC,110833.50,V,,,,,,,221220,,,N*71
$GPGGA,110833.50,,,,,0,00,,,M,,M,,*45
$GPGST,110833.50,,,,,,,*74
$GPRMC,110833.60,V,,,,,,,221220,,,N*72
$GPGGA,110833.60,,,,,0,00,,,M,,M,,*46
$GPGST,110833.60,,,,,,,*77
$GPRMC,110833.70,V,,,,,,,221220,,,N*73
$GPGGA,110833.70,,,,,0,00,,,M,,M,,*47
$GPGST,110833.70,,,,,,,*76
$GPRMC,110833.80,V,,,,,,,221220,,,N*7C
$GPGGA,110833.80,,,,,0,00,,,M,,M,,*48
$GPGST,110833.80,,,,,,,*79
$GPRMC,110833.90,V,,,,,,,221220,,,N*7D
$GPGGA,110833.90,,,,,0,00,,,M,,M,,*49
$GPGST,110833.90,,,,,,,*78
$GPRMC,110834.00,V,,,,,,,221220,,,N*73
$GPGGA,110834.00,,,,,0,00,,,M,,M,,*47
$GPGST,110834.00,,,,,,,*76
$GPRMC,110834.10,V,,,,,,,221220,,,N*72
$GPGGA,110834.10,,,,,0,00,,,M,,M,,*46
$GPGST,110834.10,,,,,,,*77
$GPRMC,110834.20,V,,,,,,,221220,,,N*71
$GPGGA,110834.20,,,,,0,00,,,M,,M,,*45
$GPGST,110834.20,,,,,,,*74
$GPRMC,110834.30,V,,,,,,,221220,,,N*70
$GPGGA,110834.30,,,,,0,00,,,M,,M,,*44
$GPGST,110834.30,,,,,,,*75
$GPRMC,110834.40,V,,,,,,,221220,,,N*77
$GPGGA,110834.40,,,,,0,00,,,M,,M,,*43
$GPGST,110834.40,,,,,,,*72
$GPRMC,110834.50,V,,,,,,,221220,,,N*76
$GPGGA,110834.50,,,,,0,00,,,M,,M,,*42
$GPGST,110834.50,,,,,,,*73
$GPRMC,110834.60,A,4811.9120039,N,01136.4088830,E,5.6,239.5,221220,3.6,W,A*22
$GPGGA,110834.60,4811.9120039,N,01136.4088830,E,1,07,5.6,505.1388,M,47.5436,M,,*62
$GPGST,110834.60,,294.120,24.350,272.170,26.759,293.910,242.805*7B
$GPRMC,110834.70,A,4811.9119744,N,01136.4087213,E,3.7,253.0,221220,3.6,W,A*2E
$GPGGA,110834.70,4811.9119744,N,01136.4087213,E,1,07,5.6,505.1812,M,47.5436,M,,*68
$GPGST,110834.70,,294.120,24.351,272.170,26.760,293.910,242.805*71
$GPRMC,110834.80,A,4811.9119612,N,01136.4085573,E,3.2,255.7,221220,3.6,W,A*24
$GPGGA,110834.80,4811.9119612,N,01136.4085573,E,1,07,5.6,505.2133,M,47.5436,M,,*6F
$GPGST,110834.80,,294.120,24.351,272.170,26.760,293.911,242.805*7F
$GPRMC,110834.90,A,4811.9119554,N,01136.4083953,E,2.4,257.3,221220,3.6,W,A*2D
$GPGGA,110834.90,4811.9119554,N,01136.4083953,E,1,07,5.6,505.2401,M,47.5436,M,,*63
$GPGST,110834.90,,294.120,24.351,272.170,26.760,293.911,242.805*7E
$GPRMC,110835.00,A,4811.9119321,N,01136.4082333,E,2.5,250.0,221220,3.6,W,A*29
$GPGGA,110835.00,4811.9119321,N,01136.4082333,E,1,07,5.6,505.2753,M,47.5436,M,,*66
$GPGST,110835.00,,294.120,24.351,272.170,26.760,293.911,242.805*76
$GPRMC,110835.10,A,4811.9120313,N,01136.4084395,E,3.1,243.4,221220,3.6,W,A*2A
$GPGGA,110835.10,4811.9120313,N,01136.4084395,E,1,09,1.8,505.1095,M,47.5435,M,,*6F
$GPGST,110835.10,12.641,294.120,24.350,272.170,26.760,293.910,242.805*69
$GPRMC,110835.20,A,4811.9122591,N,01136.4090001,E,4.2,238.2,221220,3.6,W,A*22
$GPGGA,110835.20,4811.9122591,N,01136.4090001,E,1,09,1.8,504.7220,M,47.5435,M,,*62
$GPGST,110835.20,12.641,290.096,25.288,272.137,27.489,289.896,239.482*6A
$GPRMC,110835.30,A,4811.9126326,N,01136.4099346,E,4.3,235.7,221220,3.6,W,A*2D
$GPGGA,110835.30,4811.9126326,N,01136.4099346,E,1,09,1.8,504.1131,M,47.5435,M,,*61
$GPGST,110835.30,12.641,277.699,27.539,272.035,29.234,277.526,229.244*63
$GPRMC,110835.40,A,4811.9131695,N,01136.4112470,E,3.9,239.5,221220,3.6,W,A*22
$GPGGA,110835.40,4811.9131695,N,01136.4112470,E,1,09,1.8,503.3009,M,47.5435,M,,*62
$GPGST,110835.40,12.641,255.785,29.789,271.839,30.884,255.655,211.143*69
$GPRMC,110835.50,A,4811.9136985,N,01136.4125661,E,3.9,236.3,221220,3.6,W,A*25
$GPGGA,110835.50,4811.9136985,N,01136.4125661,E,1,09,1.8,502.5194,M,47.5435,M,,*6E
$GPGST,110835.50,12.641,221.689,30.382,271.478,30.905,221.616,182.976*63
$GPRMC,110835.60,A,4811.9156049,N,01136.4148188,E,4.7,242.1,221220,3.6,W,A*2A
$GPGGA,110835.60,4811.9156049,N,01136.4148188,E,1,07,2.1,500.2672,M,47.5435,M,89.1,1002*7A
$GPGST,110835.60,5.983,21.012,12.249,47.896,16.765,17.621,27.334*51
$GPRMC,110835.70,A,4811.9155314,N,01136.4146413,E,4.9,238.7,221220,3.6,W,A*2F
$GPGGA,110835.70,4811.9155314,N,01136.4146413,E,1,07,2.1,500.2624,M,47.5435,M,89.2,1002*7A
$GPGST,110835.70,5.983,21.012,12.249,47.896,16.765,17.621,27.334*50
$GPRMC,110835.80,A,4811.9154489,N,01136.4144730,E,5.0,234.2,221220,3.6,W,A*23
$GPGGA,110835.80,4811.9154489,N,01136.4144730,E,1,07,2.1,500.2636,M,47.5435,M,89.3,1002*75
$GPGST,110835.80,5.983,21.012,12.249,47.896,16.765,17.621,27.334*5F
$GPRMC,110835.90,A,4811.9153579,N,01136.4142909,E,5.4,233.3,221220,3.6,W,A*2B
$GPGGA,110835.90,4811.9153579,N,01136.4142909,E,1,07,2.1,500.2727,M,47.5435,M,89.4,1002*79
$GPGST,110835.90,5.983,21.012,12.249,47.896,16.765,17.621,27.334*5E
$GPRMC,110836.00,A,4811.9152567,N,01136.4141228,E,5.4,228.3,221220,3.6,W,A*2E
$GPGGA,110836.00,4811.9152567,N,01136.4141228,E,1,07,2.1,500.2713,M,47.5435,M,89.5,1002*70
$GPGST,110836.00,5.983,21.012,12.249,47.896,16.765,17.621,27.334*54
$GPRMC,110836.10,A,4811.9151257,N,01136.4139180,E,5.3,226.7,221220,3.6,W,A*2B
$GPGGA,110836.10,4811.9151257,N,01136.4139180,E,1,09,1.6,500.2758,M,47.5435,M,89.6,1002*7E
$GPGST,110836.10,3.631,6.856,5.176,317.263,6.139,6.008,12.775*63
$GPRMC,110836.20,A,4811.9149527,N,01136.4136574,E,5.6,225.6,221220,3.6,W,A*26
$GPGGA,110836.20,4811.9149527,N,01136.4136574,E,1,09,1.6,500.3006,M,47.5435,M,89.7,1002*78
$GPGST,110836.20,3.631,6.856,5.176,317.263,6.139,6.008,12.775*60
$GPRMC,110836.30,A,4811.9147387,N,01136.4133615,E,5.7,221.5,221220,3.6,W,A*22
$GPGGA,110836.30,4811.9147387,N,01136.4133615,E,1,09,1.6,500.3276,M,47.5435,M,89.8,1002*70
$GPGST,110836.30,3.631,6.856,5.176,317.263,6.139,6.008,12.775*61
$GPRMC,110836.40,A,4811.9144938,N,01136.4130223,E,5.7,220.9,221220,3.6,W,A*27
$GPGGA,110836.40,4811.9144938,N,01136.4130223,E,1,09,1.6,500.3571,M,47.5435,M,89.9,1002*79
$GPGST,110836.40,3.631,6.856,5.176,317.263,6.139,6.008,12.775*66
$GPRMC,110836.50,A,4811.9142381,N,01136.4126896,E,5.9,217.4,221220,3.6,W,A*2C
$GPGGA,110836.50,4811.9142381,N,01136.4126896,E,1,09,1.6,500.3950,M,47.5435,M,90.0,1002*7B
$GPGST,110836.50,3.631,6.856,5.176,317.263,6.139,6.008,12.775*67
$GPRMC,110836.60,A,4811.9139830,N,01136.4123930,E,6.1,213.8,221220,3.6,W,A*29
$GPGGA,110836.60,4811.9139830,N,01136.4123930,E,1,10,1.5,500.4044,M,47.5436,M,90.1,1002*7F
$GPGST,110836.60,3.221,6.856,5.176,317.266,6.139,6.008,12.775*64
$GPRMC,110836.70,A,4811.9137395,N,01136.4121160,E,6.2,215.0,221220,3.6,W,A*20
$GPGGA,110836.70,4811.9137395,N,01136.4121160,E,1,10,1.5,500.3915,M,47.5436,M,90.2,1002*72
$GPGST,110836.70,3.221,6.856,5.175,317.275,6.139,6.007,12.775*6B
$GPRMC,110836.80,A,4811.9135069,N,01136.4118708,E,6.1,214.2,221220,3.6,W,A*2F
$GPGGA,110836.80,4811.9135069,N,01136.4118708,E,1,10,1.5,500.3593,M,47.5436,M,90.3,1002*7E
$GPGST,110836.80,3.221,6.855,5.174,317.304,6.140,6.006,12.773*68
$GPRMC,110836.90,A,4811.9132791,N,01136.4116647,E,6.1,211.1,221220,3.6,W,A*2B
$GPGGA,110836.90,4811.9132791,N,01136.4116647,E,1,10,1.5,500.3054,M,47.5436,M,90.4,1002*75
$GPGST,110836.90,3.221,6.855,5.172,317.351,6.140,6.003,12.771*68
$GPRMC,110837.00,A,4811.9130491,N,01136.4114653,E,6.1,209.4,221220,3.6,W,A*29
$GPGGA,110837.00,4811.9130491,N,01136.4114653,E,1,10,1.5,500.2431,M,47.5436,M,90.5,1002*7C
$GPGST,110837.00,3.221,6.855,5.169,317.416,6.141,6.000,12.768*64
$GPRMC,110837.10,A,4811.9128310,N,01136.4112854,E,6.2,209.1,221220,3.6,W,A*26
$GPGGA,110837.10,4811.9128310,N,01136.4112854,E,1,12,1.3,500.1466,M,47.5436,M,97.7,1002*75
$GPGST,110837.10,3.310,6.854,5.165,317.495,6.141,5.995,12.764*6A
$GPRMC,110837.20,A,4811.9126086,N,01136.4111138,E,6.8,208.6,221220,3.6,W,A*2B
$GPGGA,110837.20,4811.9126086,N,01136.4111138,E,1,12,1.3,500.0232,M,47.5436,M,97.8,1002*7D
$GPGST,110837.20,3.310,6.838,5.157,317.648,6.132,5.979,12.740*60
$GPRMC,110837.30,A,4811.9123894,N,01136.4109602,E,7.1,207.5,221220,3.6,W,A*27
$GPGGA,110837.30,4811.9123894,N,01136.4109602,E,1,12,1.3,499.8736,M,47.5436,M,97.9,1002*7C
$GPGST,110837.30,3.310,6.791,5.141,317.930,6.105,5.939,12.677*6F
$GPRMC,110837.40,A,4811.9121837,N,01136.4108286,E,7.1,207.0,221220,3.6,W,A*27
$GPGGA,110837.40,4811.9121837,N,01136.4108286,E,1,12,1.3,499.7015,M,47.5436,M,98.0,1002*76
$GPGST,110837.40,3.310,6.713,5.116,318.363,6.060,5.875,12.575*69
$GPRMC,110837.50,A,4811.9119679,N,01136.4106952,E,7.4,206.1,221220,3.6,W,A*20
$GPGGA,110837.50,4811.9119679,N,01136.4106952,E,1,12,1.3,499.5189,M,47.5436,M,98.1,1002*73
$GPGST,110837.50,3.310,6.603,5.082,318.980,5.995,5.786,12.432*62
$GPRMC,110837.60,A,4811.9117582,N,01136.4105608,E,7.6,204.2,221220,3.6,W,A*2A
$GPGGA,110837.60,4811.9117582,N,01136.4105608,E,1,12,1.3,499.3707,M,47.5436,M,98.2,1002*7F
$GPGST,110837.60,2.223,6.460,5.037,319.850,5.910,5.672,12.247*66
$GPRMC,110837.70,A,4811.9115596,N,01136.4104260,E,7.5,202.6,221220,3.6,W,A*26
$GPGGA,110837.70,4811.9115596,N,01136.4104260,E,1,12,1.3,499.2716,M,47.5436,M,98.3,1002*72
$GPGST,110837.70,2.223,6.253,5.006,320.638,5.784,5.542,12.064*69
$GPRMC,110837.80,A,4811.9113639,N,01136.4102817,E,7.8,202.0,221220,3.6,W,A*2E
$GPGGA,110837.80,4811.9113639,N,01136.4102817,E,1,12,1.3,499.2051,M,47.5436,M,98.4,1002*72
$GPGST,110837.80,2.223,5.976,4.992,321.798,5.620,5.390,11.859*65
$GPRMC,110837.90,A,4811.9111699,N,01136.4101468,E,7.9,198.3,221220,3.6,W,A*22
$GPGGA,110837.90,4811.9111699,N,01136.4101468,E,1,12,1.3,499.1587,M,47.5436,M,98.5,1002*70
$GPGST,110837.90,2.223,5.630,4.988,324.449,5.421,5.214,11.628*6E
$GPRMC,110838.00,A,4811.9109661,N,01136.4100283,E,8.2,195.0,221220,3.6,W,A*22
$GPGGA,110838.00,4811.9109661,N,01136.4100283,E,1,12,1.3,499.0958,M,47.5436,M,98.6,1002*76
$GPGST,110838.00,2.223,5.228,4.970,337.545,5.191,5.009,11.366*62
$GPRMC,110838.10,A,4811.9107619,N,01136.4099157,E,8.3,195.8,221220,3.6,W,A*20
$GPGGA,110838.10,4811.9107619,N,01136.4099157,E,1,13,1.1,499.0177,M,47.5436,M,98.2,1002*7F
$GPGST,110838.10,2.040,5.029,4.671,31.106,4.936,4.769,11.068*56
$GPRMC,110838.20,A,4811.9105626,N,01136.4098054,E,8.4,197.5,221220,3.6,W,A*26
$GPGGA,110838.20,4811.9105626,N,01136.4098054,E,1,13,1.1,498.9427,M,47.5436,M,98.3,1002*78
$GPGST,110838.20,2.040,4.979,4.410,35.845,4.791,4.613,10.939*54
$GPRMC,110838.30,A,4811.9103560,N,01136.4096998,E,8.7,198.1,221220,3.6,W,A*2F
$GPGGA,110838.30,4811.9103560,N,01136.4096998,E,1,13,1.1,498.8745,M,47.5436,M,98.4,1002*78
$GPGST,110838.30,2.040,4.874,4.202,33.795,4.676,4.420,10.737*52
$GPRMC,110838.40,A,4811.9101439,N,01136.4096047,E,9.1,198.0,221220,3.6,W,A*2A
$GPGGA,110838.40,4811.9101439,N,01136.4096047,E,1,13,1.1,498.8034,M,47.5436,M,98.5,1002*7B
$GPGST,110838.40,2.040,4.724,4.033,27.643,4.584,4.191,10.460*50
$GPRMC,110838.50,A,4811.9099308,N,01136.4095229,E,9.1,196.1,221220,3.6,W,A*28
$GPGGA,110838.50,4811.9099308,N,01136.4095229,E,1,13,1.1,498.7159,M,47.5436,M,98.6,1002*70
$GPGST,110838.50,2.040,4.563,3.861,16.934,4.507,3.925,10.103*5E
$GPRMC,110838.60,A,4811.9097179,N,01136.4094596,E,9.0,193.9,221220,3.6,W,A*2F
$GPGGA,110838.60,4811.9097179,N,01136.4094596,E,1,14,1.0,498.6344,M,47.5436,M,98.2,1002*76
$GPGST,110838.60,2.121,4.440,3.619,3.627,4.437,3.622,9.659*59
$GPRMC,110838.70,A,4811.9095146,N,01136.4093864,E,9.1,195.0,221220,3.6,W,A*29
$GPGGA,110838.70,4811.9095146,N,01136.4093864,E,1,14,1.0,498.5384,M,47.5436,M,98.3,1002*70
$GPGST,110838.70,2.121,4.436,3.458,359.160,4.436,3.458,9.339*5B
$GPRMC,110838.80,A,4811.9092841,N,01136.4093183,E,9.5,196.9,221220,3.6,W,A*21
$GPGGA,110838.80,4811.9092841,N,01136.4093183,E,1,14,1.0,498.4866,M,47.5436,M,98.4,1002*77
$GPGST,110838.80,2.121,4.391,3.304,357.932,4.390,3.306,8.950*52
$GPRMC,110838.90,A,4811.9090586,N,01136.4092589,E,9.7,196.4,221220,3.6,W,A*24
$GPGGA,110838.90,4811.9090586,N,01136.4092589,E,1,14,1.0,498.4154,M,47.5436,M,98.5,1002*74
$GPGST,110838.90,2.121,4.295,3.164,358.719,4.295,3.165,8.483*5A
$GPRMC,110839.00,A,4811.9088437,N,01136.4091966,E,9.6,196.3,221220,3.6,W,A*26
$GPGGA,110839.00,4811.9088437,N,01136.4091966,E,1,14,1.0,498.3528,M,47.5436,M,98.6,1002*7B
$GPGST,110839.00,2.121,4.149,3.034,1.334,4.149,3.035,7.926*5B
$GPRMC,110839.10,A,4811.9085969,N,01136.4091424,E,9.6,196.3,221220,3.6,W,A*27
$GPGGA,110839.10,4811.9085969,N,01136.4091424,E,1,14,1.0,498.2817,M,47.5436,M,98.7,1002*7B
$GPGST,110839.10,1.954,3.961,2.899,6.249,3.950,2.914,7.256*54
$GPRMC,110839.20,A,4811.9083511,N,01136.4090747,E,9.8,195.7,221220,3.6,W,A*2F
$GPGGA,110839.20,4811.9083511,N,01136.4090747,E,1,14,1.0,498.2366,M,47.5436,M,98.8,1002*78
$GPGST,110839.20,1.954,3.925,2.859,7.946,3.908,2.884,7.131*59
$GPRMC,110839.30,A,4811.9081076,N,01136.4090100,E,9.9,195.0,221220,3.6,W,A*2B
$GPGGA,110839.30,4811.9081076,N,01136.4090100,E,1,14,1.0,498.2256,M,47.5436,M,98.9,1002*79
$GPGST,110839.30,1.954,3.891,2.824,9.438,3.866,2.858,7.001*5C
$GPRMC,110839.40,A,4811.9078847,N,01136.4089315,E,9.7,196.2,221220,3.6,W,A*21
$GPGGA,110839.40,4811.9078847,N,01136.4089315,E,1,14,1.0,498.1649,M,47.5436,M,99.0,1002*7D
$GPGST,110839.40,1.954,3.857,2.794,10.778,3.825,2.837,6.866*6C
$GPRMC,110839.50,A,4811.9076602,N,01136.4088655,E,9.6,195.9,221220,3.6,W,A*28
$GPGGA,110839.50,4811.9076602,N,01136.4088655,E,1,14,1.0,498.2053,M,47.5436,M,99.1,1002*72
$GPGST,110839.50,1.954,3.824,2.767,12.012,3.784,2.821,6.725*67
$GPRMC,110839.60,A,4811.9074298,N,01136.4087790,E,9.7,195.0,221220,3.6,W,A*21
$GPGGA,110839.60,4811.9074298,N,01136.4087790,E,1,16,0.8,498.1856,M,47.5436,M,98.4,1002*72
$GPGST,110839.60,12.121,1.734,1.110,56.338,1.333,1.569,4.737*57
$GPRMC,110839.70,A,4811.9072089,N,01136.4086975,E,9.6,196.3,221220,3.6,W,A*21
$GPGGA,110839.70,4811.9072089,N,01136.4086975,E,1,16,0.8,498.1456,M,47.5436,M,98.5,1002*7E
$GPGST,110839.70,12.121,1.734,1.110,56.338,1.333,1.569,4.737*56
$GPRMC,110839.80,A,4811.9069937,N,01136.4085955,E,9.5,196.8,221220,3.6,W,A*21
$GPGGA,110839.80,4811.9069937,N,01136.4085955,E,1,16,0.8,498.1058,M,47.5436,M,98.6,1002*7F
$GPGST,110839.80,12.121,1.734,1.110,56.338,1.333,1.569,4.737*59
$GPRMC,110839.90,A,4811.9067910,N,01136.4084877,E,9.3,197.0,221220,3.6,W,A*24
$GPGGA,110839.90,4811.9067910,N,01136.4084877,E,1,16,0.8,498.0780,M,47.5436,M,98.7,1002*77
$GPGST,110839.90,12.121,1.734,1.110,56.338,1.333,1.569,4.737*58
$GPRMC,110840.00,A,4811.9065870,N,01136.4083880,E,9.2,196.6,221220,3.6,W,A*2F
$GPGGA,110840.00,4811.9065870,N,01136.4083880,E,1,16,0.8,498.0173,M,47.5436,M,98.8,1002*7F
$GPGST,110840.00,12.121,1.734,1.110,56.338,1.333,1.569,4.737*5F
$GPRMC,110840.10,A,4811.9061977,N,01136.4087225,E,9.2,196.4,221220,3.6,W,D*2A
$GPGGA,110840.10,4811.9061977,N,01136.4087225,E,5,06,1.8,498.2695,M,47.5436,M,8.1,3458*4D
$GPGST,110840.10,0.149,0.542,0.361,337.501,0.519,0.393,1.073*53
$GPRMC,110840.20,A,4811.9059609,N,01136.4086016,E,9.0,200.2,221220,3.6,W,D*2F
$GPGGA,110840.20,4811.9059609,N,01136.4086016,E,5,06,1.8,498.2668,M,47.5436,M,8.2,3458*41
$GPGST,110840.20,0.149,0.542,0.361,337.501,0.519,0.393,1.073*50
$GPRMC,110840.30,A,4811.9057279,N,01136.4084832,E,8.8,198.7,221220,3.6,W,D*21
$GPGGA,110840.30,4811.9057279,N,01136.4084832,E,5,06,1.8,498.2551,M,47.5436,M,8.3,3458*49
$GPGST,110840.30,0.149,0.542,0.361,337.501,0.519,0.393,1.073*51
$GPRMC,110840.40,A,4811.9055075,N,01136.4083459,E,8.6,204.6,221220,3.6,W,D*25
$GPGGA,110840.40,4811.9055075,N,01136.4083459,E,5,06,1.8,498.2620,M,47.5436,M,8.4,3458*46
$GPGST,110840.40,0.149,0.542,0.361,337.502,0.519,0.393,1.073*55
$GPRMC,110840.50,A,4811.9052913,N,01136.4082138,E,8.3,202.0,221220,3.6,W,D*2C
$GPGGA,110840.50,4811.9052913,N,01136.4082138,E,5,06,1.8,498.2877,M,47.5436,M,8.5,3458*47
$GPGST,110840.50,0.149,0.542,0.361,337.501,0.519,0.393,1.073*57
$GPRMC,110840.60,A,4811.9055509,N,01136.4079810,E,8.1,203.2,221220,3.6,W,D*29
$GPGGA,110840.60,4811.9055509,N,01136.4079810,E,4,09,1.6,499.2724,M,47.5436,M,8.6,3458*48
$GPGST,110840.60,0.060,0.019,0.014,333.632,0.019,0.015,0.039*54
$GPRMC,110840.70,A,4811.9053450,N,01136.4078498,E,8.0,202.9,221220,3.6,W,D*25
$GPGGA,110840.70,4811.9053450,N,01136.4078498,E,4,09,1.6,499.2728,M,47.5436,M,8.7,3458*42
$GPGST,110840.70,0.060,0.019,0.014,333.655,0.019,0.015,0.038*55
$GPRMC,110840.80,A,4811.9051473,N,01136.4077106,E,7.8,205.1,221220,3.6,W,D*2C
$GPGGA,110840.80,4811.9051473,N,01136.4077106,E,4,09,1.6,499.2934,M,47.5436,M,8.8,3458*4F
$GPGST,110840.80,0.060,0.019,0.014,333.741,0.018,0.015,0.039*5E
$GPRMC,110840.90,A,4811.9049577,N,01136.4075681,E,7.5,207.7,221220,3.6,W,D*22
$GPGGA,110840.90,4811.9049577,N,01136.4075681,E,4,09,1.6,499.2817,M,47.5436,M,8.9,3458*49
$GPGST,110840.90,0.060,0.019,0.014,333.529,0.018,0.015,0.039*53
$GPRMC,110841.00,A,4811.9047754,N,01136.4074076,E,7.5,211.0,221220,3.6,W,D*28
$GPGGA,110841.00,4811.9047754,N,01136.4074076,E,4,09,1.6,499.2901,M,47.5436,M,9.0,3458*4D
$GPGST,110841.00,0.060,0.019,0.014,333.347,0.018,0.015,0.039*55
$GPRMC,110841.10,A,4811.9045978,N,01136.4072510,E,7.4,212.8,221220,3.6,W,D*22
$GPGGA,110841.10,4811.9045978,N,01136.4072510,E,4,09,1.6,499.3103,M,47.5436,M,9.1,3458*47
$GPGST,110841.10,0.071,0.020,0.014,332.708,0.019,0.015,0.039*51
$GPRMC,110841.20,A,4811.9044251,N,01136.4070983,E,7.2,212.4,221220,3.6,W,D*2E
$GPGGA,110841.20,4811.9044251,N,01136.4070983,E,4,09,1.6,499.3110,M,47.5436,M,9.2,3458*40
$GPGST,110841.20,0.071,0.020,0.014,332.712,0.019,0.015,0.039*59
$GPRMC,110841.30,A,4811.9042579,N,01136.4069364,E,7.0,212.8,221220,3.6,W,D*21
$GPGGA,110841.30,4811.9042579,N,01136.4069364,E,4,09,1.6,499.3278,M,47.5436,M,9.3,3458*4D
$GPGST,110841.30,0.071,0.020,0.014,332.788,0.019,0.015,0.039*5B
$GPRMC,110841.40,A,4811.9040954,N,01136.4067741,E,7.0,215.1,221220,3.6,W,D*24
$GPGGA,110841.40,4811.9040954,N,01136.4067741,E,4,09,1.6,499.3334,M,47.5436,M,9.4,3458*48
$GPGST,110841.40,0.071,0.020,0.014,332.965,0.019,0.015,0.039*51
$GPRMC,110841.50,A,4811.9039443,N,01136.4066029,E,6.8,218.4,221220,3.6,W,D*29
$GPGGA,110841.50,4811.9039443,N,01136.4066029,E,4,09,1.6,499.3277,M,47.5436,M,9.5,3458*43
$GPGST,110841.50,0.071,0.020,0.014,333.171,0.019,0.015,0.039*5C
$GPRMC,110841.60,A,4811.9037940,N,01136.4064300,E,6.8,219.4,221220,3.6,W,D*21
$GPGGA,110841.60,4811.9037940,N,01136.4064300,E,4,09,1.6,499.3119,M,47.5436,M,9.6,3458*42
$GPGST,110841.60,0.072,0.020,0.014,333.261,0.019,0.015,0.039*5E
$GPRMC,110841.70,A,4811.9036539,N,01136.4062459,E,6.7,220.9,221220,3.6,W,D*26
$GPGGA,110841.70,4811.9036539,N,01136.4062459,E,4,09,1.6,499.3180,M,47.5436,M,9.7,3458*4C
$GPGST,110841.70,0.072,0.020,0.014,333.289,0.019,0.015,0.039*59
$GPRMC,110841.80,A,4811.9035181,N,01136.4060489,E,6.7,225.6,221220,3.6,W,D*28
$GPGGA,110841.80,4811.9035181,N,01136.4060489,E,4,09,1.6,499.3092,M,47.5436,M,9.8,3458*45
$GPGST,110841.80,0.072,0.020,0.014,333.204,0.019,0.016,0.039*50
$GPRMC,110841.90,A,4811.9033877,N,01136.4058495,E,6.8,228.1,221220,3.6,W,D*2C
$GPGGA,110841.90,4811.9033877,N,01136.4058495,E,4,09,1.6,499.3084,M,47.5436,M,9.9,3458*42
$GPGST,110841.90,0.072,0.020,0.014,332.998,0.019,0.016,0.039*5E
$GPRMC,110842.00,A,4811.9032611,N,01136.4056349,E,6.9,228.6,221220,3.6,W,D*27
$GPGGA,110842.00,4811.9032611,N,01136.4056349,E,4,09,1.6,499.3010,M,47.5436,M,10.0,3458*73
$GPGST,110842.00,0.072,0.020,0.014,332.825,0.019,0.016,0.039*53
$GPRMC,110842.10,A,4811.9031340,N,01136.4054153,E,7.1,229.9,221220,3.6,W,D*28
$GPGGA,110842.10,4811.9031340,N,01136.4054153,E,4,09,1.6,499.2942,M,47.5436,M,10.1,3458*75
$GPGST,110842.10,0.080,0.020,0.014,332.702,0.019,0.016,0.040*5B
$GPRMC,110842.20,A,4811.9030143,N,01136.4051833,E,7.1,232.3,221220,3.6,W,D*21
$GPGGA,110842.20,4811.9030143,N,01136.4051833,E,4,09,1.6,499.2952,M,47.5436,M,10.2,3458*7E
$GPGST,110842.20,0.080,0.020,0.014,332.577,0.019,0.016,0.040*58
$GPRMC,110842.30,A,4811.9029018,N,01136.4049403,E,7.2,235.7,221220,3.6,W,D*21
$GPGGA,110842.30,4811.9029018,N,01136.4049403,E,4,09,1.6,499.3058,M,47.5436,M,10.3,3458*7D
$GPGST,110842.30,0.080,0.020,0.015,332.549,0.019,0.016,0.040*55
$GPRMC,110842.40,A,4811.9027989,N,01136.4046784,E,7.3,240.6,221220,3.6,W,D*28
$GPGGA,110842.40,4811.9027989,N,01136.4046784,E,4,09,1.6,499.3227,M,47.5436,M,10.4,3458*7B
$GPGST,110842.40,0.080,0.020,0.015,332.365,0.019,0.016,0.040*5A
$GPRMC,110842.50,A,4811.9027030,N,01136.4044108,E,7.4,244.3,221220,3.6,W,D*24
$GPGGA,110842.50,4811.9027030,N,01136.4044108,E,4,09,1.6,499.3248,M,47.5436,M,10.5,3458*79
$GPGST,110842.50,0.080,0.020,0.015,332.160,0.019,0.016,0.040*5C
$GPRMC,110842.60,A,4811.9026116,N,01136.4041438,E,7.4,244.9,221220,3.6,W,D*2A
$GPGGA,110842.60,4811.9026116,N,01136.4041438,E,4,11,1.4,499.3180,M,47.5436,M,10.6,3458*72
$GPGST,110842.60,0.126,0.020,0.015,331.640,0.019,0.016,0.040*54
$GPRMC,110842.70,A,4811.9025240,N,01136.4038708,E,7.3,245.7,221220,3.6,W,D*2E
$GPGGA,110842.70,4811.9025240,N,01136.4038708,E,4,11,1.4,499.3127,M,47.5436,M,10.7,3458*72
$GPGST,110842.70,0.126,0.020,0.015,331.549,0.019,0.016,0.040*5F
$GPRMC,110842.80,A,4811.9024441,N,01136.4035931,E,7.3,247.8,221220,3.6,W,D*23
$GPGGA,110842.80,4811.9024441,N,01136.4035931,E,4,11,1.4,499.3055,M,47.5436,M,10.8,3458*79
$GPGST,110842.80,0.126,0.020,0.015,331.490,0.019,0.016,0.039*5B
$GPRMC,110842.90,A,4811.9023741,N,01136.4033026,E,7.5,251.1,221220,3.6,W,D*27
$GPGGA,110842.90,4811.9023741,N,01136.4033026,E,4,11,1.4,499.2923,M,47.5436,M,10.9,3458*7D
$GPGST,110842.90,0.126,0.020,0.015,331.519,0.019,0.016,0.038*5B
$GPRMC,110843.00,A,4811.9023228,N,01136.4030072,E,7.5,256.3,221220,3.6,W,D*22
$GPGGA,110843.00,4811.9023228,N,01136.4030072,E,4,11,1.4,499.2930,M,47.5436,M,11.0,3458*77
$GPGST,110843.00,0.126,0.019,0.015,331.514,0.018,0.016,0.036*5B
$GPRMC,110843.10,A,4811.9022820,N,01136.4027035,E,7.5,260.9,221220,3.6,W,D*2A
$GPGGA,110843.10,4811.9022820,N,01136.4027035,E,4,11,1.4,499.2885,M,47.5436,M,11.1,3458*7E
$GPGST,110843.10,0.101,0.018,0.015,331.196,0.017,0.016,0.034*5D
$GPRMC,110843.20,A,4811.9022586,N,01136.4023952,E,7.5,264.7,221220,3.6,W,D*2E
$GPGGA,110843.20,4811.9022586,N,01136.4023952,E,4,11,1.4,499.2694,M,47.5436,M,11.2,3458*7D
$GPGST,110843.20,0.101,0.018,0.015,330.857,0.017,0.016,0.034*5B
$GPRMC,110843.30,A,4811.9022385,N,01136.4020837,E,7.6,267.2,221220,3.6,W,D*2E
$GPGGA,110843.30,4811.9022385,N,01136.4020837,E,4,11,1.4,499.2574,M,47.5436,M,11.3,3458*74
$GPGST,110843.30,0.101,0.018,0.015,330.483,0.017,0.016,0.033*58
$GPRMC,110843.40,A,4811.9022258,N,01136.4017563,E,7.9,267.6,221220,3.6,W,D*2B
$GPGGA,110843.40,4811.9022258,N,01136.4017563,E,4,11,1.4,499.2607,M,47.5436,M,11.4,3458*7A
$GPGST,110843.40,0.101,0.018,0.015,329.998,0.017,0.016,0.033*50
$GPRMC,110843.50,A,4811.9022149,N,01136.4014211,E,8.3,267.9,221220,3.6,W,D*22
$GPGGA,110843.50,4811.9022149,N,01136.4014211,E,4,11,1.4,499.2471,M,47.5436,M,11.5,3458*7B
$GPGST,110843.50,0.101,0.017,0.015,329.381,0.017,0.016,0.033*5C
$GPRMC,110843.60,A,4811.9022081,N,01136.4010752,E,8.5,268.8,221220,3.6,W,D*2A
$GPGGA,110843.60,4811.9022081,N,01136.4010752,E,4,11,1.4,499.2592,M,47.5436,M,11.6,3458*74
$GPGST,110843.60,0.099,0.017,0.015,328.463,0.017,0.016,0.032*54
$GPRMC,110843.70,A,4811.9022101,N,01136.4007270,E,8.5,271.0,221220,3.6,W,D*21
$GPGGA,110843.70,4811.9022101,N,01136.4007270,E,4,11,1.4,499.2578,M,47.5436,M,11.7,3458*7A
$GPGST,110843.70,0.099,0.017,0.015,328.132,0.016,0.016,0.032*55
$GPRMC,110843.80,A,4811.9022249,N,01136.4003821,E,8.5,274.0,221220,3.6,W,D*2E
$GPGGA,110843.80,4811.9022249,N,01136.4003821,E,4,11,1.4,499.2428,M,47.5436,M,11.8,3458*7B
$GPGST,110843.80,0.099,0.017,0.015,328.102,0.016,0.016,0.032*59
$GPRMC,110843.90,A,4811.9022583,N,01136.4000330,E,8.5,278.9,221220,3.6,W,D*23
$GPGGA,110843.90,4811.9022583,N,01136.4000330,E,4,11,1.4,499.2479,M,47.5436,M,11.9,3458*76
$GPGST,110843.90,0.099,0.017,0.015,328.127,0.016,0.016,0.032*5F
$GPRMC,110844.00,A,4811.9022958,N,01136.3996827,E,8.6,282.3,221220,3.6,W,D*27
$GPGGA,110844.00,4811.9022958,N,01136.3996827,E,4,11,1.4,499.2587,M,47.5436,M,12.0,3458*74
$GPGST,110844.00,0.099,0.017,0.015,327.381,0.016,0.016,0.032*50
$GPRMC,110844.10,A,4811.9023457,N,01136.3993331,E,8.7,282.9,221220,3.6,W,D*27
$GPGGA,110844.10,4811.9023457,N,01136.3993331,E,4,12,1.3,499.2502,M,47.5437,M,12.1,3458*76
$GPGST,110844.10,0.102,0.017,0.015,325.422,0.016,0.016,0.032*5E
$GPRMC,110844.20,A,4811.9023919,N,01136.3989771,E,8.7,282.3,221220,3.6,W,D*22
$GPGGA,110844.20,4811.9023919,N,01136.3989771,E,4,12,1.3,499.2344,M,47.5437,M,12.2,3458*7E
$GPGST,110844.20,0.102,0.017,0.015,324.469,0.016,0.016,0.032*53
$GPRMC,110844.30,A,4811.9024432,N,01136.3986141,E,8.9,281.6,221220,3.6,W,D*22
$GPGGA,110844.30,4811.9024432,N,01136.3986141,E,4,12,1.3,499.2224,M,47.5437,M,12.3,3458*70
$GPGST,110844.30,0.102,0.017,0.015,323.231,0.016,0.016,0.032*5E
$GPRMC,110844.40,A,4811.9025006,N,01136.3982394,E,9.3,282.6,221220,3.6,W,D*21
$GPGGA,110844.40,4811.9025006,N,01136.3982394,E,4,12,1.3,499.2160,M,47.5437,M,12.4,3458*7F
$GPGST,110844.40,0.102,0.017,0.015,321.943,0.016,0.016,0.032*55
$GPRMC,110844.50,A,4811.9025652,N,01136.3978560,E,9.6,284.2,221220,3.6,W,D*28
$GPGGA,110844.50,4811.9025652,N,01136.3978560,E,4,12,1.3,499.2059,M,47.5437,M,12.5,3458*7B
$GPGST,110844.50,0.102,0.017,0.016,321.580,0.016,0.016,0.032*54
$GPRMC,110844.60,A,4811.9026367,N,01136.3974698,E,9.8,285.9,221220,3.6,W,D*27
$GPGGA,110844.60,4811.9026367,N,01136.3974698,E,4,13,0.9,499.2074,M,47.5437,M,12.6,3458*76
$GPGST,110844.60,0.098,0.017,0.015,318.059,0.016,0.016,0.031*5E
$GPRMC,110844.70,A,4811.9027114,N,01136.3970792,E,9.9,286.7,221220,3.6,W,D*22
$GPGGA,110844.70,4811.9027114,N,01136.3970792,E,4,13,0.9,499.2040,M,47.5437,M,12.7,3458*79
$GPGST,110844.70,0.098,0.017,0.015,318.794,0.016,0.016,0.031*59
$GPRMC,110844.80,A,4811.9027852,N,01136.3966805,E,10.0,286.2,221220,3.6,W,D*14
$GPGGA,110844.80,4811.9027852,N,01136.3966805,E,4,13,0.9,499.2082,M,47.5437,M,12.8,3458*7A
$GPGST,110844.80,0.098,0.016,0.015,322.678,0.016,0.016,0.030*5C
$GPRMC,110844.90,A,4811.9028600,N,01136.3962773,E,10.2,285.5,221220,3.6,W,D*1F
$GPGGA,110844.90,4811.9028600,N,01136.3962773,E,4,13,0.9,499.1955,M,47.5437,M,12.9,3458*76
$GPGST,110844.90,0.098,0.016,0.015,29.816,0.015,0.015,0.030*63
$GPRMC,110845.00,A,4811.9029344,N,01136.3958624,E,10.4,285.0,221220,3.6,W,D*1A
$GPGGA,110845.00,4811.9029344,N,01136.3958624,E,4,13,0.9,499.1914,M,47.5437,M,13.0,3458*7D
$GPGST,110845.00,0.098,0.016,0.014,39.919,0.015,0.014,0.028*6D
$GPRMC,110845.10,A,4811.9030081,N,01136.3954385,E,10.7,284.5,221220,3.6,W,D*1C
$GPGGA,110845.10,4811.9030081,N,01136.3954385,E,4,13,0.9,499.1785,M,47.5437,M,13.1,3458*7B
$GPGST,110845.10,0.081,0.015,0.012,40.226,0.014,0.014,0.027*66
$GPRMC,110845.20,A,4811.9030887,N,01136.3950120,E,10.8,285.1,221220,3.6,W,D*12
$GPGGA,110845.20,4811.9030887,N,01136.3950120,E,4,13,0.9,499.1676,M,47.5437,M,13.2,3458*71
$GPGST,110845.20,0.081,0.016,0.011,41.148,0.014,0.013,0.027*68
$GPRMC,110845.30,A,4811.9031696,N,01136.3945846,E,10.8,286.2,221220,3.6,W,D*11
$GPGGA,110845.30,4811.9031696,N,01136.3945846,E,4,13,0.9,499.1633,M,47.5437,M,13.3,3458*72
$GPGST,110845.30,0.081,0.016,0.011,41.409,0.014,0.013,0.026*68
$GPRMC,110845.40,A,4811.9032550,N,01136.3941500,E,10.9,286.4,221220,3.6,W,D*10
$GPGGA,110845.40,4811.9032550,N,01136.3941500,E,4,13,0.9,499.1605,M,47.5437,M,13.4,3458*76
$GPGST,110845.40,0.081,0.016,0.010,41.261,0.014,0.013,0.026*66
$GPRMC,110845.50,A,4811.9033417,N,01136.3937080,E,11.2,286.5,221220,3.6,W,D*15
$GPGGA,110845.50,4811.9033417,N,01136.3937080,E,4,13,0.9,499.1509,M,47.5437,M,13.5,3458*76
$GPGST,110845.50,0.081,0.016,0.010,40.869,0.014,0.013,0.026*64
$GPRMC,110845.60,A,4811.9034262,N,01136.3932554,E,11.4,285.9,221220,3.6,W,D*15
$GPGGA,110845.60,4811.9034262,N,01136.3932554,E,4,13,0.9,499.1468,M,47.5437,M,13.6,3458*7A
$GPGST,110845.60,0.081,0.016,0.010,40.292,0.014,0.013,0.025*6A
$GPRMC,110845.70,A,4811.9035124,N,01136.3927969,E,11.6,285.5,221220,3.6,W,D*1C
$GPGGA,110845.70,4811.9035124,N,01136.3927969,E,4,13,0.9,499.1348,M,47.5437,M,13.7,3458*79
$GPGST,110845.70,0.081,0.016,0.009,40.663,0.013,0.012,0.025*6F
$GPRMC,110845.80,A,4811.9036031,N,01136.3923302,E,11.8,286.0,221220,3.6,W,D*1E
$GPGGA,110845.80,4811.9036031,N,01136.3923302,E,4,13,0.9,499.1210,M,47.5437,M,13.8,3458*70
$GPGST,110845.80,0.081,0.015,0.009,41.104,0.013,0.012,0.024*65
$GPRMC,110845.90,A,4811.9036963,N,01136.3918590,E,12.0,286.7,221220,3.6,W,D*18
$GPGGA,110845.90,4811.9036963,N,01136.3918590,E,4,13,0.9,499.1234,M,47.5437,M,13.9,3458*7D
$GPGST,110845.90,0.081,0.015,0.009,40.737,0.013,0.012,0.023*64
$GPRMC,110846.00,A,4811.9037897,N,01136.3913890,E,11.9,286.8,221220,3.6,W,D*1A
$GPGGA,110846.00,4811.9037897,N,01136.3913890,E,4,13,0.9,499.1140,M,47.5437,M,14.0,3458*74
$GPGST,110846.00,0.081,0.015,0.009,40.420,0.013,0.012,0.023*6B
$GPRMC,110846.10,A,4811.9038846,N,01136.3909194,E,11.8,287.0,221220,3.6,W,D*16
$GPGGA,110846.10,4811.9038846,N,01136.3909194,E,4,13,0.9,499.1081,M,47.5437,M,14.1,3458*7D
$GPGST,110846.10,0.082,0.014,0.009,40.165,0.012,0.011,0.022*6F
$GPRMC,110846.20,A,4811.9039799,N,01136.3904499,E,11.8,287.0,221220,3.6,W,D*1C
$GPGGA,110846.20,4811.9039799,N,01136.3904499,E,4,13,0.9,499.0991,M,47.5437,M,14.2,3458*7D
$GPGST,110846.20,0.082,0.014,0.009,39.739,0.012,0.011,0.022*6D
$GPRMC,110846.30,A,4811.9040774,N,01136.3899806,E,11.8,287.2,221220,3.6,W,D*1D
$GPGGA,110846.30,4811.9040774,N,01136.3899806,E,4,13,0.9,499.0889,M,47.5437,M,14.3,3458*77
$GPGST,110846.30,0.082,0.014,0.009,39.498,0.012,0.011,0.022*64
$GPRMC,110846.40,A,4811.9041765,N,01136.3895123,E,11.9,287.6,221220,3.6,W,D*1C
$GPGGA,110846.40,4811.9041765,N,01136.3895123,E,4,13,0.9,499.0808,M,47.5437,M,14.4,3458*7D
$GPGST,110846.40,0.082,0.014,0.009,39.364,0.012,0.011,0.022*67
$GPRMC,110846.50,A,4811.9042728,N,01136.3890429,E,11.8,287.4,221220,3.6,W,D*1E
$GPGGA,110846.50,4811.9042728,N,01136.3890429,E,4,13,0.9,499.0785,M,47.5437,M,14.5,3458*77
$GPGST,110846.50,0.082,0.013,0.009,39.267,0.012,0.011,0.021*60
$GPRMC,110846.60,A,4811.9043705,N,01136.3885773,E,11.7,287.1,221220,3.6,W,D*11
$GPGGA,110846.60,4811.9043705,N,01136.3885773,E,4,14,0.9,499.0705,M,47.5438,M,14.6,3458*71
$GPGST,110846.60,0.060,0.013,0.009,39.227,0.012,0.011,0.021*6B
$GPRMC,110846.70,A,4811.9044692,N,01136.3881157,E,11.6,287.7,221220,3.6,W,D*1B
$GPGGA,110846.70,4811.9044692,N,01136.3881157,E,4,14,0.9,499.0637,M,47.5438,M,14.7,3458*7D
$GPGST,110846.70,0.060,0.013,0.009,38.785,0.012,0.011,0.021*66
$GPRMC,110846.80,A,4811.9045705,N,01136.3876614,E,11.5,288.5,221220,3.6,W,D*1C
$GPGGA,110846.80,4811.9045705,N,01136.3876614,E,4,14,0.9,499.0558,M,47.5438,M,14.8,3458*71
$GPGST,110846.80,0.060,0.013,0.009,37.148,0.011,0.010,0.020*62
$GPRMC,110846.90,A,4811.9046712,N,01136.3872092,E,11.4,288.8,221220,3.6,W,D*18
$GPGGA,110846.90,4811.9046712,N,01136.3872092,E,4,14,0.9,499.0587,M,47.5438,M,14.9,3458*7A
$GPGST,110846.90,0.060,0.012,0.009,33.731,0.011,0.010,0.020*6E
$GPRMC,110847.00,A,4811.9047704,N,01136.3867594,E,11.3,288.4,221220,3.6,W,D*1A
$GPGGA,110847.00,4811.9047704,N,01136.3867594,E,4,14,0.9,499.0627,M,47.5438,M,15.0,3458*72
$GPGST,110847.00,0.060,0.011,0.009,27.236,0.011,0.009,0.019*60
$GPRMC,110847.10,A,4811.9048657,N,01136.3863134,E,11.3,287.8,221220,3.6,W,D*1A
$GPGGA,110847.10,4811.9048657,N,01136.3863134,E,4,14,0.9,499.0596,M,47.5438,M,15.1,3458*79
$GPGST,110847.10,0.108,0.011,0.008,15.779,0.010,0.009,0.018*60
$GPRMC,110847.20,A,4811.9049603,N,01136.3858662,E,11.3,287.4,221220,3.6,W,D*19
$GPGGA,110847.20,4811.9049603,N,01136.3858662,E,4,14,0.9,499.0619,M,47.5438,M,15.2,3458*71
$GPGST,110847.20,0.108,0.010,0.008,9.804,0.010,0.008,0.018*5B
$GPRMC,110847.30,A,4811.9050584,N,01136.3854171,E,11.4,287.8,221220,3.6,W,D*1E
$GPGGA,110847.30,4811.9050584,N,01136.3854171,E,4,14,0.9,499.0639,M,47.5438,M,15.3,3458*7E
$GPGST,110847.30,0.108,0.010,0.008,5.588,0.010,0.008,0.017*50
$GPRMC,110847.40,A,4811.9051545,N,01136.3849662,E,11.5,288.0,221220,3.6,W,D*1A
$GPGGA,110847.40,4811.9051545,N,01136.3849662,E,4,14,0.9,499.0754,M,47.5438,M,15.4,3458*71
$GPGST,110847.40,0.108,0.010,0.008,2.792,0.010,0.008,0.017*59
$GPRMC,110847.50,A,4811.9052529,N,01136.3845239,E,11.3,288.2,221220,3.6,W,D*10
$GPGGA,110847.50,4811.9052529,N,01136.3845239,E,4,14,0.9,499.0843,M,47.5438,M,15.5,3458*77
$GPGST,110847.50,0.108,0.010,0.008,1.280,0.010,0.008,0.017*5D
$GPRMC,110847.60,A,4811.9053479,N,01136.3840865,E,11.0,288.3,221220,3.6,W,D*12
$GPGGA,110847.60,4811.9053479,N,01136.3840865,E,4,14,0.9,499.0968,M,47.5438,M,15.6,3458*7C
$GPGST,110847.60,0.129,0.010,0.008,0.611,0.010,0.008,0.017*50
$GPRMC,110847.70,A,4811.9054397,N,01136.3836522,E,10.8,287.5,221220,3.6,W,D*1C
$GPGGA,110847.70,4811.9054397,N,01136.3836522,E,4,14,0.9,499.1070,M,47.5438,M,15.7,3458*72
$GPGST,110847.70,0.129,0.010,0.008,0.774,0.010,0.008,0.017*53
$GPRMC,110847.80,A,4811.9055306,N,01136.3832233,E,10.8,287.2,221220,3.6,W,D*1E
$GPGGA,110847.80,4811.9055306,N,01136.3832233,E,4,14,0.9,499.1069,M,47.5438,M,15.8,3458*70
$GPGST,110847.80,0.129,0.010,0.008,0.883,0.010,0.008,0.017*5B
$GPRMC,110847.90,A,4811.9056224,N,01136.3827997,E,10.6,287.8,221220,3.6,W,D*18
$GPGGA,110847.90,4811.9056224,N,01136.3827997,E,4,14,0.9,499.1194,M,47.5438,M,15.9,3458*70
$GPGST,110847.90,0.129,0.010,0.008,0.807,0.010,0.008,0.017*56
$GPRMC,110848.00,A,4811.9057101,N,01136.3823841,E,10.4,287.8,221220,3.6,W,D*17
$GPGGA,110848.00,4811.9057101,N,01136.3823841,E,4,14,0.9,499.1321,M,47.5438,M,16.0,3458*7B
$GPGST,110848.00,0.129,0.010,0.008,0.684,0.010,0.008,0.017*55
$GPRMC,110848.10,A,4811.9057927,N,01136.3819771,E,10.2,286.9,221220,3.6,W,D*19
$GPGGA,110848.10,4811.9057927,N,01136.3819771,E,4,14,0.9,499.1362,M,47.5438,M,16.1,3458*75
$GPGST,110848.10,0.108,0.010,0.008,0.691,0.010,0.008,0.017*53
$GPRMC,110848.20,A,4811.9058749,N,01136.3815827,E,9.8,286.7,221220,3.6,W,D*2F
$GPGGA,110848.20,4811.9058749,N,01136.3815827,E,4,14,0.9,499.1415,M,47.5438,M,16.2,3458*7B
$GPGST,110848.20,0.108,0.010,0.008,0.764,0.010,0.008,0.017*5B
$GPRMC,110848.30,A,4811.9059558,N,01136.3812034,E,9.5,287.6,221220,3.6,W,D*2D
$GPGGA,110848.30,4811.9059558,N,01136.3812034,E,4,14,0.9,499.1502,M,47.5438,M,16.3,3458*72
$GPGST,110848.30,0.108,0.010,0.008,0.856,0.010,0.008,0.017*54
$GPRMC,110848.40,A,4811.9060350,N,01136.3808362,E,9.1,288.1,221220,3.6,W,D*29
$GPGGA,110848.40,4811.9060350,N,01136.3808362,E,4,14,0.9,499.1552,M,47.5438,M,16.4,3458*78
$GPGST,110848.40,0.108,0.010,0.008,0.926,0.010,0.008,0.017*55
$GPRMC,110848.50,A,4811.9061141,N,01136.3804764,E,8.9,288.3,221220,3.6,W,D*2E
$GPGGA,110848.50,4811.9061141,N,01136.3804764,E,4,14,0.9,499.1599,M,47.5438,M,16.5,3458*72
$GPGST,110848.50,0.108,0.010,0.008,0.844,0.010,0.008,0.016*50
$GPRMC,110848.60,A,4811.9061902,N,01136.3801260,E,8.8,288.3,221220,3.6,W,D*27
$GPGGA,110848.60,4811.9061902,N,01136.3801260,E,4,14,0.9,499.1692,M,47.5438,M,16.6,3458*71
$GPGST,110848.60,0.091,0.010,0.008,0.875,0.010,0.008,0.016*50
$GPRMC,110848.70,A,4811.9062669,N,01136.3797862,E,8.5,288.6,221220,3.6,W,D*27
$GPGGA,110848.70,4811.9062669,N,01136.3797862,E,4,14,0.9,499.1745,M,47.5438,M,16.7,3458*73
$GPGST,110848.70,0.091,0.010,0.008,0.952,0.010,0.008,0.017*54
$GPRMC,110848.80,A,4811.9063445,N,01136.3794575,E,8.3,289.7,221220,3.6,W,D*2B
$GPGGA,110848.80,4811.9063445,N,01136.3794575,E,4,14,0.9,499.1751,M,47.5438,M,16.8,3458*73
$GPGST,110848.80,0.091,0.010,0.008,0.956,0.010,0.008,0.016*5E
$GPRMC,110848.90,A,4811.9064246,N,01136.3791406,E,8.0,291.1,221220,3.6,W,D*24
$GPGGA,110848.90,4811.9064246,N,01136.3791406,E,4,14,0.9,499.1795,M,47.5438,M,16.9,3458*79
$GPGST,110848.90,0.091,0.010,0.008,0.963,0.010,0.008,0.017*58
$GPRMC,110849.00,A,4811.9065022,N,01136.3788327,E,7.8,291.6,221220,3.6,W,D*21
$GPGGA,110849.00,4811.9065022,N,01136.3788327,E,4,14,0.9,499.1931,M,47.5438,M,17.0,3458*74
$GPGST,110849.00,0.091,0.010,0.008,1.009,0.010,0.008,0.017*54
$GPRMC,110849.10,A,4811.9065781,N,01136.3785345,E,7.6,291.2,221220,3.6,W,D*2D
$GPGGA,110849.10,4811.9065781,N,01136.3785345,E,4,14,0.9,499.1973,M,47.5438,M,17.1,3458*75
$GPGST,110849.10,0.084,0.010,0.008,0.962,0.010,0.008,0.017*54
$GPRMC,110849.20,A,4811.9066545,N,01136.3782465,E,7.4,291.6,221220,3.6,W,D*23
$GPGGA,110849.20,4811.9066545,N,01136.3782465,E,4,14,0.9,499.2049,M,47.5438,M,17.2,3458*7D
$GPGST,110849.20,0.084,0.010,0.008,1.081,0.010,0.008,0.017*52
$GPRMC,110849.30,A,4811.9067343,N,01136.3779700,E,7.1,293.4,221220,3.6,W,D*22
$GPGGA,110849.30,4811.9067343,N,01136.3779700,E,4,14,0.9,499.2021,M,47.5438,M,17.3,3458*76
$GPGST,110849.30,0.084,0.010,0.008,1.267,0.010,0.008,0.017*59
$GPRMC,110849.40,A,4811.9068193,N,01136.3777059,E,7.0,296.3,221220,3.6,W,D*23
$GPGGA,110849.40,4811.9068193,N,01136.3777059,E,4,14,0.9,499.2033,M,47.5438,M,17.4,3458*70
$GPGST,110849.40,0.084,0.010,0.008,1.252,0.010,0.008,0.017*58
$GPRMC,110849.50,A,4811.9069089,N,01136.3774486,E,6.9,298.8,221220,3.6,W,D*21
$GPGGA,110849.50,4811.9069089,N,01136.3774486,E,4,14,0.9,499.2107,M,47.5438,M,17.5,3458*78
$GPGST,110849.50,0.084,0.010,0.008,1.279,0.010,0.008,0.017*50
$GPRMC,110849.60,A,4811.9069983,N,01136.3771964,E,6.8,299.3,221220,3.6,W,D*2E
$GPGGA,110849.60,4811.9069983,N,01136.3771964,E,4,14,0.9,499.2176,M,47.5439,M,17.6,3458*78
$GPGST,110849.60,0.055,0.010,0.008,1.317,0.010,0.008,0.017*56
$GPRMC,110849.70,A,4811.9070874,N,01136.3769502,E,6.7,298.8,221220,3.6,W,D*2E
$GPGGA,110849.70,4811.9070874,N,01136.3769502,E,4,14,0.9,499.2160,M,47.5439,M,17.7,3458*7B
$GPGST,110849.70,0.055,0.010,0.008,1.422,0.010,0.008,0.017*56
$GPRMC,110849.80,A,4811.9071781,N,01136.3767054,E,6.7,299.1,221220,3.6,W,D*25
$GPGGA,110849.80,4811.9071781,N,01136.3767054,E,4,14,0.9,499.2166,M,47.5439,M,17.8,3458*71
$GPGST,110849.80,0.055,0.010,0.008,1.330,0.010,0.008,0.017*5D
$GPRMC,110849.90,A,4811.9072748,N,01136.3764664,E,6.7,300.9,221220,3.6,W,D*2D
$GPGGA,110849.90,4811.9072748,N,01136.3764664,E,4,14,0.9,499.2148,M,47.5439,M,17.9,3458*7D
$GPGST,110849.90,0.055,0.010,0.008,1.318,0.010,0.008,0.017*56
$GPRMC,110850.00,A,4811.9073768,N,01136.3762344,E,6.7,304.0,221220,3.6,W,D*23
$GPGGA,110850.00,4811.9073768,N,01136.3762344,E,4,14,0.9,499.2193,M,47.5439,M,18.0,3458*7E
$GPGST,110850.00,0.055,0.010,0.008,1.371,0.010,0.008,0.017*58
$GPRMC,110850.10,A,4811.9074843,N,01136.3760104,E,6.6,306.7,221220,3.6,W,D*23
$GPGGA,110850.10,4811.9074843,N,01136.3760104,E,4,14,0.9,499.2177,M,47.5439,M,18.1,3458*71
$GPGST,110850.10,0.052,0.010,0.008,1.397,0.010,0.008,0.017*56
$GPRMC,110850.20,A,4811.9075960,N,01136.3757930,E,6.6,308.7,221220,3.6,W,D*24
$GPGGA,110850.20,4811.9075960,N,01136.3757930,E,4,14,0.9,499.2231,M,47.5439,M,18.2,3458*7A
$GPGST,110850.20,0.052,0.010,0.008,1.463,0.010,0.008,0.017*59
$GPRMC,110850.30,A,4811.9077099,N,01136.3755801,E,6.5,309.9,221220,3.6,W,D*25
$GPGGA,110850.30,4811.9077099,N,01136.3755801,E,4,14,0.9,499.2291,M,47.5439,M,18.3,3458*7C
$GPGST,110850.30,0.052,0.010,0.008,1.452,0.010,0.008,0.017*5A
$GPRMC,110850.40,A,4811.9078282,N,01136.3753747,E,6.5,311.1,221220,3.6,W,D*2F
$GPGGA,110850.40,4811.9078282,N,01136.3753747,E,4,14,0.9,499.2304,M,47.5439,M,18.4,3458*7D
$GPGST,110850.40,0.052,0.010,0.008,1.510,0.010,0.008,0.017*5A
$GPRMC,110850.50,A,4811.9079542,N,01136.3751778,E,6.5,314.2,221220,3.6,W,D*2C
$GPGGA,110850.50,4811.9079542,N,01136.3751778,E,4,14,0.9,499.2275,M,47.5439,M,18.5,3458*7E
$GPGST,110850.50,0.052,0.010,0.008,1.646,0.010,0.008,0.017*5B
$GPRMC,110850.60,A,4811.9080930,N,01136.3749963,E,6.7,319.6,221220,3.6,W,D*26
$GPGGA,110850.60,4811.9080930,N,01136.3749963,E,4,14,0.9,499.2264,M,47.5439,M,18.6,3458*7C
$GPGST,110850.60,0.063,0.010,0.008,1.835,0.010,0.008,0.017*50
$GPRMC,110850.70,A,4811.9082373,N,01136.3748302,E,6.7,324.9,221220,3.6,W,D*25
$GPGGA,110850.70,4811.9082373,N,01136.3748302,E,4,14,0.9,499.2377,M,47.5439,M,18.7,3458*7C
$GPGST,110850.70,0.063,0.010,0.008,1.910,0.010,0.008,0.017*57
$GPRMC,110850.80,A,4811.9083772,N,01136.3746713,E,6.4,325.9,221220,3.6,W,D*26
$GPGGA,110850.80,4811.9083772,N,01136.3746713,E,4,14,0.9,499.2429,M,47.5439,M,18.8,3458*7E
$GPGST,110850.80,0.063,0.010,0.008,1.776,0.010,0.008,0.017*56
$GPRMC,110850.90,A,4811.9085172,N,01136.3745163,E,6.2,324.6,221220,3.6,W,D*2D
$GPGGA,110850.90,4811.9085172,N,01136.3745163,E,4,14,0.9,499.2469,M,47.5439,M,18.9,3458*78
$GPGST,110850.90,0.063,0.010,0.008,1.585,0.010,0.008,0.017*59
$GPRMC,110851.00,A,4811.9086641,N,01136.3743682,E,6.3,325.9,221220,3.6,W,D*20
$GPGGA,110851.00,4811.9086641,N,01136.3743682,E,4,14,0.9,499.2529,M,47.5439,M,19.0,3458*77
$GPGST,110851.00,0.063,0.010,0.008,1.597,0.010,0.008,0.017*52
$GPRMC,110851.10,A,4811.9088198,N,01136.3742338,E,6.5,330.5,221220,3.6,W,D*27
$GPGGA,110851.10,4811.9088198,N,01136.3742338,E,4,15,0.8,499.2608,M,47.5439,M,19.1,3458*7F
$GPGST,110851.10,0.067,0.010,0.008,1.698,0.010,0.008,0.017*5B
$GPRMC,110851.20,A,4811.9089817,N,01136.3741179,E,6.6,335.8,221220,3.6,W,D*24
$GPGGA,110851.20,4811.9089817,N,01136.3741179,E,4,15,0.8,499.2610,M,47.5439,M,19.2,3458*7D
$GPGST,110851.20,0.067,0.010,0.008,2.252,0.010,0.008,0.017*59
$GPRMC,110851.30,A,4811.9091476,N,01136.3740162,E,6.6,340.0,221220,3.6,W,D*26
$GPGGA,110851.30,4811.9091476,N,01136.3740162,E,4,15,0.8,499.2574,M,47.5439,M,19.3,3458*75
$GPGST,110851.30,0.067,0.010,0.008,2.227,0.010,0.008,0.017*5A
$GPRMC,110851.40,A,4811.9093151,N,01136.3739197,E,6.5,341.4,221220,3.6,W,D*21
$GPGGA,110851.40,4811.9093151,N,01136.3739197,E,4,15,0.8,499.2589,M,47.5439,M,19.4,3458*71
$GPGST,110851.40,0.067,0.010,0.008,2.286,0.010,0.008,0.017*56
$GPRMC,110851.50,A,4811.9094876,N,01136.3738282,E,6.6,341.6,221220,3.6,W,D*2C
$GPGGA,110851.50,4811.9094876,N,01136.3738282,E,4,15,0.8,499.2607,M,47.5439,M,19.5,3458*79
$GPGST,110851.50,0.067,0.010,0.008,2.461,0.010,0.008,0.017*58
$GPRMC,110851.60,A,4811.9096613,N,01136.3737431,E,6.7,342.6,221220,3.6,W,D*23
$GPGGA,110851.60,4811.9096613,N,01136.3737431,E,4,15,0.8,499.2610,M,47.5439,M,19.6,3458*71
$GPGST,110851.60,0.076,0.010,0.008,2.577,0.010,0.008,0.017*5D
$GPRMC,110851.70,A,4811.9098377,N,01136.3736731,E,6.6,345.4,221220,3.6,W,D*2D
$GPGGA,110851.70,4811.9098377,N,01136.3736731,E,4,15,0.8,499.2588,M,47.5439,M,19.7,3458*78
$GPGST,110851.70,0.076,0.010,0.008,2.613,0.010,0.008,0.017*5D
$GPRMC,110851.80,A,4811.9100183,N,01136.3736193,E,6.6,349.9,221220,3.6,W,D*24
$GPGGA,110851.80,4811.9100183,N,01136.3736193,E,4,15,0.8,499.2544,M,47.5439,M,19.8,3458*7F
$GPGST,110851.80,0.076,0.010,0.007,2.776,0.010,0.007,0.017*50
$GPRMC,110851.90,A,4811.9101999,N,01136.3735768,E,6.7,353.1,221220,3.6,W,D*24
$GPGGA,110851.90,4811.9101999,N,01136.3735768,E,4,15,0.8,499.2613,M,47.5439,M,19.9,3458*7D
$GPGST,110851.90,0.076,0.010,0.007,3.107,0.010,0.007,0.016*51
$GPRMC,110852.00,A,4811.9103868,N,01136.3735432,E,6.8,354.7,221220,3.6,W,D*21
$GPGGA,110852.00,4811.9103868,N,01136.3735432,E,4,15,0.8,499.2663,M,47.5439,M,20.0,3458*72
$GPGST,110852.00,0.076,0.010,0.007,3.517,0.010,0.007,0.016*5E
$GPRMC,110852.10,A,4811.9105741,N,01136.3735227,E,6.9,356.7,221220,3.6,W,D*23
$GPGGA,110852.10,4811.9105741,N,01136.3735227,E,4,14,0.9,499.2685,M,47.5439,M,20.1,3458*7A
$GPGST,110852.10,0.101,0.010,0.007,3.863,0.010,0.007,0.016*50
$GPRMC,110852.20,A,4811.9107606,N,01136.3735153,E,6.8,359.6,221220,3.6,W,D*2F
$GPGGA,110852.20,4811.9107606,N,01136.3735153,E,4,14,0.9,499.2672,M,47.5439,M,20.2,3458*72
$GPGST,110852.20,0.101,0.010,0.007,4.092,0.010,0.007,0.016*52
$GPRMC,110852.30,A,4811.9109487,N,01136.3735152,E,6.7,1.6,221220,3.6,W,D*2B
$GPGGA,110852.30,4811.9109487,N,01136.3735152,E,4,14,0.9,499.2568,M,47.5439,M,20.3,3458*7E
$GPGST,110852.30,0.101,0.010,0.007,4.271,0.010,0.007,0.016*5C
$GPRMC,110852.40,A,4811.9111389,N,01136.3735261,E,6.9,3.1,221220,3.6,W,D*24
$GPGGA,110852.40,4811.9111389,N,01136.3735261,E,4,14,0.9,499.2562,M,47.5439,M,20.4,3458*77
$GPGST,110852.40,0.101,0.010,0.007,4.252,0.010,0.007,0.016*5A
$GPRMC,110852.50,A,4811.9113314,N,01136.3735516,E,7.0,5.9,221220,3.6,W,D*22
$GPGGA,110852.50,4811.9113314,N,01136.3735516,E,4,14,0.9,499.2627,M,47.5439,M,20.5,3458*74
$GPGST,110852.50,0.101,0.010,0.007,4.083,0.010,0.007,0.016*55
$GPRMC,110852.60,A,4811.9115254,N,01136.3735889,E,7.1,8.6,221220,3.6,W,D*2A
$GPGGA,110852.60,4811.9115254,N,01136.3735889,E,4,14,0.9,499.2586,M,47.5439,M,20.6,3458*74
$GPGST,110852.60,0.101,0.010,0.007,3.807,0.010,0.007,0.017*54
$GPRMC,110852.70,A,4811.9117151,N,01136.3736424,E,7.2,11.1,221220,3.6,W,D*1B
$GPGGA,110852.70,4811.9117151,N,01136.3736424,E,4,14,0.9,499.2495,M,47.5439,M,0.7,3485*49
$GPGST,110852.70,0.026,0.016,0.013,15.704,0.016,0.013,0.029*67
$GPRMC,110852.80,A,4811.9119049,N,01136.3737079,E,7.1,14.1,221220,3.6,W,D*19
$GPGGA,110852.80,4811.9119049,N,01136.3737079,E,4,14,0.9,499.2419,M,47.5439,M,0.8,3485*46
$GPGST,110852.80,0.026,0.010,0.007,2.689,0.010,0.007,0.017*57
