# timestamp_ns, tran_x, tran_y, tran_z, quat_x, quat_y, quat_z, quat_w, scale, fusion_quality, v3
1608635075356672000,0.126164,-0.194251,-0.020672,0.009594,0.729904,-0.683374,0.012157,0.965996,2
1608635075389672192,0.126188,-0.194278,-0.020663,0.009592,0.729915,-0.683362,0.012162,0.965996,2
1608635075455672320,0.126318,-0.194156,-0.020675,0.009579,0.729933,-0.683343,0.012143,0.965996,2
1608635075488672256,0.126249,-0.194185,-0.020672,0.009590,0.729923,-0.683354,0.012149,0.965996,2
1608635075521672448,0.126214,-0.193754,-0.020672,0.009595,0.729926,-0.683351,0.012140,0.965996,2
1608635075587672576,0.126218,-0.194227,-0.020655,0.009593,0.729918,-0.683360,0.012144,0.965996,2
1608635076082673664,0.126448,-0.193951,-0.020672,0.009612,0.729919,-0.683358,0.012156,0.965996,2
1608635076445674496,0.126315,-0.194102,-0.020697,0.009631,0.729915,-0.683362,0.012176,0.965996,2
1608635076742675456,0.126371,-0.193927,-0.020705,0.009570,0.729909,-0.683370,0.012110,0.965996,2
1608635077303676672,0.126435,-0.194408,-0.020708,0.009572,0.729760,-0.683529,0.012115,0.965996,2
1608635077468677120,0.127369,-0.203975,-0.021255,0.009621,0.728745,-0.684611,0.012122,0.965996,2
1608635077666677504,0.126843,-0.248815,-0.023079,0.009480,0.728133,-0.685264,0.012067,0.965996,2
1608635077897678080,0.126816,-0.356986,-0.026384,0.009428,0.727533,-0.685902,0.012024,0.965996,2
1608635078161678592,0.130594,-0.590314,-0.031139,0.009132,0.726283,-0.687235,0.011760,0.965996,2
1608635078425679360,0.136048,-0.959387,-0.035379,0.008760,0.726360,-0.687161,0.011619,0.965996,2
1608635078689679872,0.144181,-1.461508,-0.041711,0.008192,0.726147,-0.687399,0.011219,0.965996,2
1608635078986680576,0.148437,-2.194047,-0.047095,0.008428,0.725644,-0.687917,0.011808,0.965996,2
1608635079283681280,0.165641,-3.105836,-0.043824,0.007854,0.723490,-0.690189,0.011797,0.965996,2
1608635079547682048,0.176080,-4.051936,-0.048049,0.007541,0.720891,-0.692912,0.011537,0.965996,2
1608635079778682624,0.191127,-4.981280,-0.047081,0.007062,0.717499,-0.696424,0.011777,0.965996,2
1608635080009683200,0.206980,-6.003850,-0.034989,0.006827,0.716278,-0.697679,0.011952,0.965996,2
1608635080174683392,0.217994,-6.792415,-0.023454,0.007108,0.717357,-0.696563,0.012182,0.965996,2
1608635080372684032,0.228587,-7.774966,0.002915,0.006866,0.717356,-0.696548,0.013214,0.965996,2
1608635080537684224,0.242352,-8.622560,0.018568,0.006434,0.718047,-0.695846,0.012861,0.965996,2
1608635080702684672,0.254148,-9.482953,0.024822,0.006293,0.717661,-0.696235,0.013403,0.965996,2
1608635080900685312,0.264541,-10.536966,0.047930,0.006199,0.717691,-0.696193,0.014056,0.965996,2
1608635081131685632,0.294928,-11.775903,0.080014,0.004793,0.719057,-0.694803,0.013508,0.965996,2
1608635081362686208,0.304181,-13.000372,0.105900,0.005672,0.718616,-0.695258,0.013259,0.965996,2
1608635081560686848,0.319332,-14.038383,0.116671,0.005861,0.718801,-0.695106,0.010870,0.965996,2
1608635081758687232,0.322320,-15.056241,0.141520,0.008228,0.719484,-0.694433,0.006150,0.965996,2
1608635081956687616,0.299449,-16.063848,0.162813,0.014680,0.721402,-0.692349,-0.004011,0.965996,2
1608635082154688256,0.231499,-17.045165,0.176913,0.027018,0.720801,-0.692405,-0.017061,0.965996,2
1608635082352688640,0.103609,-17.998909,0.192047,0.045081,0.718571,-0.693195,-0.033237,0.965996,2
1608635082550689024,-0.072272,-18.932500,0.212733,0.064602,0.716983,-0.691901,-0.055084,0.965996,2
1608635082748689664,-0.315759,-19.834657,0.210925,0.087925,0.715389,-0.688545,-0.079957,0.965996,2
1608635082913689856,-0.583435,-20.567887,0.224817,0.110314,0.713529,-0.684166,-0.103073,0.965996,2
1608635083078690304,-0.896191,-21.249765,0.237015,0.136574,0.710045,-0.679030,-0.126895,0.965996,2
1608635083243690752,-1.257372,-21.886159,0.255432,0.164547,0.702727,-0.675150,-0.152551,0.965996,2
1608635083375691008,-1.579809,-22.361048,0.267268,0.187442,0.695958,-0.670667,-0.175252,0.965996,2
1608635083507691520,-1.934022,-22.799326,0.271417,0.211401,0.688447,-0.664577,-0.199216,0.965996,2
1608635083639691776,-2.313648,-23.225612,0.287478,0.235431,0.680141,-0.657500,-0.222878,0.965996,2
1608635083771692032,-2.737327,-23.597731,0.287213,0.261594,0.670679,-0.650389,-0.242387,0.965996,2
1608635083870692352,-3.070689,-23.854347,0.292779,0.281147,0.662756,-0.645172,-0.255858,0.965996,2
1608635083969692416,-3.409946,-24.105705,0.307400,0.299549,0.655641,-0.637653,-0.271668,0.965996,2
1608635084068692736,-3.753796,-24.345343,0.316537,0.315914,0.649245,-0.628634,-0.288960,0.965996,2
1608635084167693056,-4.103958,-24.572434,0.321276,0.331447,0.642386,-0.619681,-0.305741,0.965996,2
1608635084299693312,-4.597514,-24.831283,0.322313,0.353982,0.631293,-0.608428,-0.325546,0.965996,2
1608635084431693568,-5.117182,-25.037213,0.323114,0.377272,0.618710,-0.596913,-0.344322,0.965996,2
1608635084563693824,-5.645022,-25.217136,0.322399,0.398718,0.605454,-0.584484,-0.364456,0.965996,2
1608635084695694336,-6.180443,-25.378664,0.322218,0.418731,0.592328,-0.570516,-0.385128,0.965996,2
1608635084827694592,-6.732863,-25.498436,0.320654,0.438730,0.579131,-0.555014,-0.405073,0.965996,2
1608635084959694848,-7.293328,-25.579526,0.318083,0.458795,0.565083,-0.539100,-0.423743,0.965996,2
1608635085091695104,-7.858809,-25.617871,0.312220,0.478434,0.549763,-0.523304,-0.441604,0.965996,2
1608635085223695360,-8.419787,-25.608379,0.305953,0.497335,0.533232,-0.507424,-0.459176,0.965996,2
1608635085355695872,-8.980798,-25.567091,0.302910,0.515074,0.516002,-0.490830,-0.476997,0.965996,2
1608635085487696128,-9.536781,-25.492636,0.293219,0.531883,0.498018,-0.473525,-0.494827,0.965996,2
1608635085619696384,-10.094230,-25.374488,0.282794,-0.548516,-0.479061,0.455793,0.511745,0.965996,2
1608635085751696640,-10.640575,-25.211356,0.276761,-0.565076,-0.459543,0.437264,0.527550,0.965996,2
1608635085883696896,-11.181173,-25.011868,0.274531,-0.580834,-0.439442,0.418251,0.542761,0.965996,2
1608635086015697408,-11.710667,-24.774434,0.270497,-0.596216,-0.418523,0.398552,0.557245,0.965996,2
1608635086147697664,-12.226229,-24.495041,0.259315,-0.611062,-0.396769,0.378154,0.571120,0.965996,2
1608635086279697920,-12.723674,-24.176400,0.247851,-0.625089,-0.373998,0.357121,0.584682,0.965996,2
1608635086411698432,-13.201651,-23.815527,0.235363,-0.638678,-0.350364,0.335354,0.597389,0.965996,2
1608635086543698688,-13.662835,-23.417381,0.229555,-0.650410,-0.326916,0.312432,0.610311,0.965996,2
1608635086675698944,-14.093764,-22.986775,0.226722,-0.661198,-0.303094,0.287904,0.622946,0.965996,2
1608635086774699264,-14.403793,-22.636176,0.221008,-0.668992,-0.283906,0.270281,0.631502,0.965996,2
1608635086873699328,-14.695448,-22.259929,0.209844,-0.675888,-0.264336,0.253961,0.639379,0.965996,2
1608635086972699648,-14.959961,-21.865568,0.198043,-0.681898,-0.244577,0.238458,0.646788,0.965996,2
1608635087071699968,-15.214656,-21.455469,0.189246,-0.687593,-0.226263,0.222078,0.653225,0.965996,2
1608635087170700032,-15.465335,-21.032266,0.184661,-0.692807,-0.209428,0.204702,0.658981,0.965996,2
1608635087302700288,-15.773266,-20.446262,0.188542,-0.699716,-0.187956,0.182484,0.664658,0.965996,2
1608635087434700800,-16.047732,-19.827320,0.184119,-0.705218,-0.166830,0.162194,0.669723,0.965996,2
1608635087566701056,-16.285961,-19.191679,0.172235,-0.709570,-0.146540,0.142982,0.674235,0.965996,2
1608635087731701504,-16.553554,-18.364518,0.168809,-0.715006,-0.124056,0.119806,0.677512,0.965996,2
1608635087863701760,-16.738818,-17.677624,0.169429,-0.718696,-0.107614,0.102190,0.679303,0.965996,2
1608635088028702208,-16.929728,-16.795074,0.160752,-0.722207,-0.087588,0.083512,0.681008,0.965996,2
1608635088193702400,-17.088343,-15.887707,0.138795,-0.724845,-0.070809,0.067828,0.681899,0.965996,2
1608635088358702848,-17.220103,-14.961670,0.122551,-0.726950,-0.057975,0.053715,0.682127,0.965996,2
1608635088556703488,-17.359784,-13.817604,0.099607,-0.728518,-0.046469,0.041329,0.682198,0.965996,2
1608635088754703872,-17.466208,-12.653743,0.073481,-0.728176,-0.036397,0.031850,0.683681,0.965996,2
1608635088952704256,-17.547389,-11.455504,0.045469,-0.728445,-0.028764,0.024782,0.684052,0.965996,2
1608635089117704704,-17.610566,-10.436880,0.028209,-0.729468,-0.023661,0.018311,0.683360,0.965996,2
1608635089315705088,-17.663686,-9.192113,0.002923,-0.729540,-0.017652,0.010468,0.683631,0.965996,2
1608635089480705536,-17.678930,-8.139601,-0.023401,-0.729413,-0.011657,0.005006,0.683956,0.965996,2
1608635089645705984,-17.677157,-7.064250,-0.039726,-0.729521,-0.005197,-0.000064,0.683939,0.965996,2
1608635089810706432,-17.659026,-5.977777,-0.055465,-0.728853,0.000632,-0.005160,0.684651,0.965996,2
1608635089975706880,-17.633694,-4.874174,-0.074460,-0.727726,0.005200,-0.007920,0.685802,0.965996,2
1608635090140707072,-17.590932,-3.780590,-0.087322,-0.725825,0.009142,-0.009451,0.687754,0.965996,2
1608635090305707520,-17.552866,-2.668897,-0.090627,-0.722589,0.010919,-0.011267,0.691100,0.965996,2
1608635090470707968,-17.510881,-1.565964,-0.085495,-0.718793,0.012818,-0.011885,0.695005,0.965996,2
1608635090635708416,-17.455448,-0.447788,-0.074366,-0.719556,0.014693,-0.012692,0.694163,0.965996,2
1608635090800708608,-17.405562,0.684084,-0.054525,-0.721857,0.015736,-0.013461,0.691732,0.965996,2
1608635090965709056,-17.350660,1.751446,-0.034136,-0.722155,0.017700,-0.014292,0.691357,0.965996,2
1608635091130709504,-17.294871,2.840195,-0.033741,-0.720276,0.018538,-0.014926,0.693279,0.965996,2
1608635091295709952,-17.234203,3.911773,-0.029995,-0.720689,0.019710,-0.015350,0.692808,0.965996,2
1608635091460710400,-17.177445,4.981491,-0.018709,-0.721813,0.020710,-0.015800,0.691598,0.965996,2
1608635091625710592,-17.118944,6.030836,-0.010142,-0.721844,0.021681,-0.015827,0.691535,0.965996,2
1608635091790711040,-17.056660,7.072427,-0.010888,-0.722219,0.022653,-0.015334,0.691123,0.965996,2
1608635091955711488,-16.998272,8.105440,-0.006195,-0.723081,0.022810,-0.015448,0.690214,0.965996,2
1608635092120711936,-16.941025,9.126463,0.003956,-0.722756,0.023315,-0.015536,0.690535,0.965996,2
1608635092285712384,-16.882421,10.133441,0.003528,-0.722619,0.021978,-0.017349,0.690679,0.965996,2
1608635092417712640,-16.851253,10.943296,-0.004517,-0.723954,0.021549,-0.018356,0.689267,0.965996,2
1608635092549712896,-16.792784,11.737333,0.000938,-0.723698,0.024393,-0.015649,0.689508,0.965996,2
1608635092681713152,-16.726414,12.511249,0.013746,-0.722063,0.025943,-0.014367,0.691191,0.965996,2
1608635092813713408,-16.697050,13.270563,0.012956,-0.718378,0.023663,-0.018485,0.695005,0.965996,2
1608635092945713920,-16.672308,14.002445,0.007554,-0.717181,0.022934,-0.019570,0.696235,0.965996,2
1608635093077714176,-16.606214,14.761546,0.027424,-0.719330,0.025381,-0.015487,0.694032,0.965996,2
1608635093209714432,-16.542103,15.486539,0.053407,-0.721727,0.028208,-0.014902,0.691442,0.965996,2
1608635093341714688,-16.512131,16.203836,0.057971,-0.722744,0.026970,-0.016094,0.690402,0.965996,2
1608635093473715200,-16.481110,16.884460,0.058070,-0.722693,0.025790,-0.016199,0.690497,0.965996,2
1608635093572715264,-16.455920,17.380505,0.069346,-0.722517,0.025115,-0.015659,0.690719,0.965996,2
1608635093671715584,-16.428806,17.852699,0.077715,-0.721407,0.024632,-0.015055,0.691909,0.965996,2
1608635093770715904,-16.406897,18.307531,0.082228,-0.719472,0.024403,-0.013796,0.693955,0.965996,2
1608635093869715968,-16.385873,18.748886,0.078940,-0.717193,0.023983,-0.012733,0.696346,0.965996,2
1608635093968716288,-16.366128,19.180216,0.079077,-0.715806,0.022719,-0.012499,0.697818,0.965996,2
1608635094067716352,-16.352803,19.599238,0.080206,-0.716056,0.021230,-0.012611,0.697606,0.965996,2
1608635094166716672,-16.343323,20.011872,0.093228,-0.717536,0.019805,-0.012689,0.696124,0.965996,2
1608635094232716800,-16.335637,20.269923,0.104806,-0.718720,0.019327,-0.012327,0.694922,0.965996,2
1608635094298716928,-16.321185,20.544722,0.121960,-0.719510,0.019279,-0.011896,0.694113,0.965996,2
1608635094364717056,-16.309647,20.786867,0.131750,-0.719966,0.019243,-0.011262,0.693652,0.965996,2
1608635094463717376,-16.290208,21.147204,0.147353,-0.720080,0.019561,-0.009729,0.693547,0.965996,2
1608635094562717696,-16.276052,21.489254,0.157877,-0.720853,0.019652,-0.008671,0.692755,0.965996,2
1608635094628717824,-16.272358,21.706011,0.164307,-0.721740,0.019440,-0.008612,0.691837,0.965996,2
1608635094727718144,-16.272155,22.014089,0.178087,-0.722423,0.018479,-0.009270,0.691143,0.965996,2
1608635094826718208,-16.262505,22.311934,0.195203,-0.721911,0.017281,-0.009874,0.691700,0.965996,2
1608635094925718528,-16.246661,22.578362,0.208396,-0.721121,0.016907,-0.009581,0.692537,0.965996,2
1608635095024718848,-16.229133,22.829554,0.221283,-0.720913,0.017193,-0.008895,0.692755,0.965996,2
1608635095123718912,-16.213464,23.071142,0.219568,-0.721550,0.017826,-0.007761,0.692089,0.965996,2
1608635095222719232,-16.194924,23.289390,0.224015,-0.722000,0.017548,-0.007333,0.691631,0.965996,2
1608635095354719488,-16.195784,23.562046,0.218866,-0.722334,0.016588,-0.007635,0.691304,0.965996,2
1608635095519719936,-16.186546,23.863962,0.220986,-0.722335,0.015853,-0.007360,0.691322,0.965996,2
1608635095651720192,-16.164677,24.080132,0.223871,-0.721241,0.016473,-0.005876,0.692463,0.965996,2
1608635095816720640,-16.161628,24.348393,0.218814,-0.719216,0.016365,-0.005082,0.694575,0.965996,2
1608635095981721088,-16.162435,24.607769,0.220078,-0.719395,0.014960,-0.005796,0.694416,0.965996,2
1608635096146721536,-16.158947,24.870104,0.226461,-0.720345,0.014032,-0.005754,0.693450,0.965996,2
1608635096377722112,-16.147356,25.222739,0.235941,-0.720583,0.014332,-0.004408,0.693206,0.965996,2
1608635096608722688,-16.139741,25.570540,0.244148,-0.720036,0.014028,-0.003876,0.693784,0.965996,2
1608635096839723264,-16.131171,25.938312,0.245396,-0.718184,0.013884,-0.003452,0.695706,0.965996,2
1608635097103723776,-16.128607,26.373160,0.249949,-0.719153,0.012588,-0.004493,0.694723,0.965996,2
1608635097334724352,-16.111749,26.769979,0.252265,-0.718853,0.014987,-0.005927,0.694975,0.965996,2
1608635097565724928,-16.090564,27.145846,0.256177,-0.717816,0.017185,-0.004950,0.696004,0.965996,2
1608635097796725504,-16.086727,27.532627,0.263556,-0.717431,0.015663,-0.004808,0.696437,0.965996,2
1608635097994725888,-16.081963,27.882426,0.269171,-0.717097,0.014790,-0.004488,0.696802,0.965996,2
1608635098159726336,-16.074020,28.160930,0.274687,-0.717617,0.014674,-0.003430,0.696275,0.965996,2
1608635098324726784,-16.067809,28.462209,0.281660,-0.718124,0.014309,-0.002835,0.695762,0.965996,2
1608635098456727040,-16.064107,28.714844,0.287337,-0.718253,0.013757,-0.002681,0.695641,0.965996,2
1608635098588727296,-16.061802,28.958000,0.286973,-0.718355,0.013375,-0.002354,0.695544,0.965996,2
1608635098687727616,-16.059165,29.144443,0.288116,-0.718605,0.013283,-0.002017,0.695288,0.965996,2
1608635098819727872,-16.055290,29.392702,0.290207,-0.718972,0.013307,-0.001465,0.694910,0.965996,2
1608635099017728256,-16.047232,29.764770,0.296104,-0.719338,0.013295,-0.000507,0.694533,0.965996,2
1608635099347729152,-16.037509,30.373076,0.306300,-0.720950,0.013071,0.000962,0.692863,0.965996,2
1608635099644729856,-16.031030,30.875460,0.311274,-0.722489,0.012736,0.002184,0.691262,0.965996,2
1608635100007730688,-16.028504,31.425197,0.314772,-0.723396,0.011999,0.002780,0.690324,0.965996,2
1608635100370731520,-16.023737,31.959747,0.315133,-0.723398,0.011209,0.003356,0.690332,0.965996,2
1608635100766732544,-16.021845,32.548866,0.316951,-0.724450,0.010757,0.003915,0.689233,0.965996,2
1608635101129733376,-16.018135,33.122175,0.318148,-0.724742,0.010611,0.004889,0.688922,0.965996,2
1608635101558734336,-16.011441,33.871853,0.318652,-0.724727,0.010755,0.005571,0.688930,0.965996,2
1608635101855735040,-16.006558,34.450499,0.315216,-0.724684,0.011661,0.004809,0.688966,0.965996,2
1608635102119735808,-16.000316,34.998475,0.314039,-0.724198,0.012219,0.003732,0.689474,0.965996,2
1608635102350736384,-15.993889,35.512772,0.314060,-0.723997,0.012743,0.002713,0.689680,0.965996,2
1608635102548736768,-15.986224,35.957183,0.312536,-0.723697,0.013715,0.002085,0.689978,0.965996,2
1608635102746737152,-15.975745,36.425802,0.312043,-0.723956,0.014736,0.001480,0.689687,0.965996,2
1608635102944737792,-15.966995,36.900955,0.310696,-0.724406,0.015556,0.000375,0.689198,0.965996,2
1608635103109737984,-15.959678,37.318072,0.309962,-0.724468,0.016226,-0.000076,0.689117,0.965996,2
1608635103274738432,-15.945574,37.678432,0.310513,-0.724366,0.017104,-0.000639,0.689203,0.965996,2
1608635103406738688,-15.937292,37.989117,0.310291,-0.724084,0.017548,-0.001163,0.689487,0.965996,2
1608635103538739200,-15.928186,38.302270,0.309917,-0.724095,0.017930,-0.001624,0.689466,0.965996,2
1608635103637739264,-15.921456,38.539571,0.310416,-0.724240,0.018311,-0.001954,0.689302,0.965996,2
1608635103835739904,-15.907344,38.994499,0.310352,-0.724956,0.018861,-0.002834,0.688531,0.965996,2
1608635104132740608,-15.890219,39.627566,0.306640,-0.725730,0.019858,-0.004000,0.687681,0.965996,2
1608635104561741568,-15.856618,40.423289,0.309071,-0.725568,0.021557,-0.004718,0.687797,0.965996,2
1608635105089742848,-15.821962,41.191809,0.309361,-0.724610,0.024802,-0.009720,0.688644,0.965996,2
1608635105584743936,-15.750757,41.878236,0.306197,-0.723086,0.035778,-0.020371,0.689530,0.965996,2
1608635106013744896,-15.659365,42.492761,0.304836,-0.722259,0.047720,-0.032814,0.689193,0.965996,2
1608635106409745920,-15.539427,43.077463,0.304539,-0.721607,0.061900,-0.046374,0.687969,0.965996,2
1608635106739746816,-15.402897,43.578728,0.304278,-0.720495,0.077629,-0.062043,0.686302,0.965996,2
1608635107036747520,-15.246999,44.031859,0.303835,-0.718450,0.095644,-0.079221,0.684402,0.965996,2
1608635107267747840,-15.114400,44.360507,0.298888,-0.717005,0.109543,-0.093178,0.682072,0.965996,2
1608635107498748416,-14.951895,44.737136,0.301194,-0.714870,0.124486,-0.107307,0.679669,0.965996,2
1608635107729748992,-14.776555,45.081876,0.298581,-0.711966,0.140655,-0.122857,0.676925,0.965996,2
1608635107927749632,-14.613871,45.367627,0.298000,-0.708982,0.155212,-0.136858,0.674184,0.965996,2
1608635108092749824,-14.467619,45.597307,0.296602,-0.705931,0.167902,-0.148659,0.671842,0.965996,2
1608635108257750272,-14.309688,45.825942,0.293398,-0.702599,0.180358,-0.160161,0.669458,0.965996,2
1608635108455750656,-14.108572,46.097699,0.289858,-0.698745,0.194901,-0.173740,0.666020,0.965996,2
1608635108653751296,-13.906223,46.333004,0.287803,-0.694963,0.208972,-0.186954,0.662122,0.965996,2
1608635108917751808,-13.608421,46.707111,0.289307,-0.690119,0.226939,-0.202871,0.656566,0.965996,2
1608635109214752512,-13.263347,47.094342,0.284134,-0.684919,0.243551,-0.218471,0.651029,0.965996,2
1608635109511753216,-12.912075,47.438150,0.271980,-0.681188,0.256089,-0.228715,0.646599,0.965996,2
1608635109808753920,-12.576558,47.838785,0.270155,-0.680464,0.261465,-0.232814,0.643741,0.965996,2
1608635110105754624,-12.273477,48.184590,0.267232,-0.680737,0.261172,-0.230329,0.644465,0.965996,2
1608635110369755392,-12.034111,48.501588,0.264123,-0.683551,0.253705,-0.222108,0.647348,0.965996,2
1608635110600755968,-11.858676,48.786544,0.260949,-0.687443,0.241129,-0.212085,0.651382,0.965996,2
1608635110831756544,-11.691018,49.084252,0.256268,-0.690852,0.227675,-0.199931,0.656442,0.965996,2
1608635111062756864,-11.533459,49.394897,0.252986,-0.694940,0.213658,-0.187289,0.660554,0.965996,2
1608635111293757440,-11.390132,49.691692,0.240964,-0.698207,0.199685,-0.175109,0.664808,0.965996,2
1608635111557758208,-11.224998,50.043425,0.251914,-0.698005,0.188518,-0.157410,0.672661,0.965996,2
1608635111821758720,-11.077239,50.396234,0.253914,-0.699091,0.176283,-0.141952,0.678267,0.965996,2
1608635112085759488,-10.969920,50.742756,0.259544,-0.698003,0.160078,-0.132817,0.685220,0.965996,2
1608635112382760192,-10.849668,51.136805,0.269494,-0.695368,0.146069,-0.121805,0.693030,0.965996,2
1608635112646760704,-10.751463,51.499959,0.279276,-0.694450,0.133615,-0.113094,0.697923,0.965996,2
1608635112910761472,-10.654035,51.865981,0.284824,-0.692663,0.121731,-0.103504,0.703339,0.965996,2
1608635113141761792,-10.580447,52.183547,0.300721,-0.690658,0.112814,-0.093137,0.708230,0.965996,2
1608635113372762368,-10.478573,52.487024,0.322345,-0.687962,0.109920,-0.076707,0.713262,0.965996,2
1608635113603762944,-10.426422,52.779548,0.349439,-0.685013,0.100724,-0.068072,0.718316,0.965996,2
1608635113834763520,-10.411182,53.066819,0.376681,-0.683468,0.087287,-0.065053,0.721817,0.965996,2
1608635114065764096,-10.363667,53.342958,0.404955,-0.681772,0.080850,-0.054855,0.725012,0.965996,2
1608635114296764672,-10.336459,53.626184,0.432504,-0.679495,0.072088,-0.047715,0.728569,0.965996,2
1608635114560765184,-10.313750,53.969936,0.468012,-0.676239,0.061822,-0.040361,0.732973,0.965996,2
1608635114791765760,-10.288565,54.297415,0.497858,-0.673592,0.053820,-0.033718,0.736370,0.965996,2
1608635115022766336,-10.266032,54.638179,0.536033,-0.670087,0.047575,-0.027190,0.740257,0.965996,2
1608635115253766912,-10.237928,55.000345,0.576083,-0.666302,0.042986,-0.021014,0.744146,0.965996,2
1608635115484767488,-10.216315,55.383097,0.636383,-0.666704,0.039179,-0.017372,0.744090,0.965996,2
1608635115682767872,-10.204286,55.725466,0.687990,-0.665829,0.035455,-0.015926,0.745092,0.965996,2
1608635115913768448,-10.182061,56.139621,0.739707,-0.663665,0.032717,-0.011453,0.747227,0.965996,2
1608635116144769024,-10.163228,56.596042,0.811278,-0.663822,0.030104,-0.008487,0.747236,0.965996,2
1608635116375769344,-10.144929,57.066693,0.875547,-0.664159,0.027183,-0.006592,0.747068,0.965996,2
1608635116573769728,-10.133420,57.482924,0.942092,-0.665177,0.025408,-0.003949,0.746242,0.965996,2
1608635116771770368,-10.120559,57.898645,1.011662,-0.666145,0.023832,-0.001586,0.745439,0.965996,2
1608635116936770816,-10.115739,58.241071,1.065530,-0.665470,0.021449,-0.000249,0.746116,0.965996,2
1608635117134771200,-10.111848,58.661953,1.131442,-0.665104,0.018839,0.001182,0.746512,0.965996,2
1608635117299771648,-10.108233,59.019741,1.183920,-0.665419,0.017498,0.001783,0.746262,0.965996,2
1608635117464772096,-10.108113,59.377501,1.233180,-0.666356,0.016029,0.002950,0.745456,0.965996,2
1608635117629772288,-10.102993,59.751210,1.295118,-0.666582,0.014800,0.004028,0.745274,0.965996,2
1608635117794772736,-10.106093,60.122056,1.346823,-0.666876,0.013103,0.004483,0.745040,0.965996,2
1608635117959773184,-10.108378,60.496005,1.399924,-0.666653,0.011125,0.004940,0.745269,0.965996,2
1608635118091773440,-10.111269,60.796531,1.447312,-0.667927,0.010266,0.005095,0.744139,0.965996,2
1608635118223773696,-10.110680,61.090579,1.494785,-0.669190,0.009919,0.005618,0.743004,0.965996,2
1608635118388774144,-10.109832,61.450466,1.550981,-0.668967,0.009372,0.006214,0.743207,0.965996,2
1608635118586774528,-10.116760,61.883770,1.603876,-0.668210,0.007612,0.005483,0.743914,0.965996,2
1608635118784775168,-10.115226,62.323681,1.676431,-0.667998,0.007573,0.006061,0.744100,0.965996,2
1608635118949775360,-10.110050,62.701260,1.729978,-0.668289,0.007681,0.006756,0.743832,0.965996,2
1608635119180776192,-10.115019,63.241335,1.806689,-0.667643,0.006686,0.006161,0.744426,0.965996,2
1608635119378776576,-10.119438,63.714617,1.878735,-0.666966,0.005833,0.005790,0.745043,0.965996,2
1608635119576776960,-10.124251,64.206408,1.944898,-0.668544,0.006159,0.006472,0.743619,0.965996,2
1608635119807777536,-10.127315,64.777593,2.031190,-0.669228,0.004936,0.005720,0.743019,0.965996,2
1608635120038778112,-10.131838,65.354562,2.111377,-0.669497,0.004550,0.006082,0.742776,0.965996,2
1608635120269778688,-10.137242,65.937785,2.192479,-0.669698,0.004184,0.006132,0.742596,0.965996,2
1608635120467779072,-10.151606,66.450880,2.263502,-0.672065,0.002775,0.005117,0.740469,0.965996,2
1608635120698779648,-10.147917,67.035094,2.349471,-0.671230,0.003152,0.006830,0.741211,0.965996,2
1608635120896780032,-10.159809,67.537928,2.417279,-0.670840,0.002087,0.005989,0.741575,0.965996,2
1608635121094780672,-10.170967,68.036385,2.490746,-0.671544,0.000579,0.005676,0.740943,0.965996,2
1608635121259780864,-10.167638,68.443257,2.544288,-0.671618,0.001513,0.006945,0.740864,0.965996,2
1608635121424781312,-10.177727,68.834056,2.591005,-0.671798,-0.000009,0.005835,0.740711,0.965996,2
1608635121655781888,-10.185922,69.362743,2.665011,-0.672380,-0.001232,0.005321,0.740186,0.965996,2
1608635121919782400,-10.184857,69.912915,2.740862,-0.673273,-0.000602,0.006984,0.739360,0.965996,2
1608635122183783168,-10.198367,70.433842,2.803638,-0.675691,-0.000077,0.007606,0.737146,0.965996,2
1608635122513783808,-10.184343,71.046564,2.882288,-0.679240,0.001817,0.010165,0.733844,0.965996,2
1608635122810784768,-10.193509,71.567624,2.943757,-0.681363,0.001866,0.010388,0.731870,0.965996,2
1608635123107785216,-10.198813,72.105028,2.994291,-0.688861,0.002378,0.010971,0.724806,0.965996,2
1608635123437786112,-10.216303,72.717475,3.039424,-0.701890,0.001645,0.010508,0.712206,0.965996,2
1608635123833787136,-10.218879,73.350851,3.077983,-0.709701,0.002592,0.012079,0.704395,0.965996,2
1608635124262788096,-10.229426,73.953732,3.115464,-0.717585,0.003519,0.013682,0.696328,0.965996,2
1608635124691789312,-10.246085,74.595199,3.146406,-0.724222,0.002615,0.015024,0.689398,0.965996,2
1608635125021789952,-10.257553,75.131073,3.149018,-0.725173,0.001145,0.018299,0.688322,0.965996,2
1608635125318790656,-10.293496,75.712514,3.146062,-0.725533,-0.004237,0.023266,0.687781,0.965996,2
1608635125549791232,-10.338199,76.195433,3.144969,-0.725891,-0.011262,0.031126,0.687012,0.965996,2
1608635125813791744,-10.422420,76.781877,3.142962,-0.725063,-0.022504,0.041755,0.687047,0.965996,2
1608635126077792512,-10.527564,77.380951,3.136941,-0.723558,-0.035427,0.055241,0.687137,0.965996,2
1608635126308793088,-10.656391,77.930041,3.134716,-0.722008,-0.050212,0.069242,0.686578,0.965996,2
1608635126506793472,-10.793013,78.415095,3.133942,-0.720465,-0.064377,0.083444,0.685437,0.965996,2
1608635126704794112,-10.956594,78.949793,3.132959,-0.718843,-0.079423,0.099097,0.683474,0.965996,2
1608635126902794496,-11.137786,79.394098,3.130260,-0.717217,-0.095235,0.115015,0.680663,0.965996,2
1608635127133795072,-11.385851,79.946060,3.128531,-0.714474,-0.115541,0.134579,0.676805,0.965996,2
1608635127331795456,-11.635539,80.404256,3.126532,-0.710812,-0.135148,0.150593,0.673649,0.965996,2
1608635127529795840,-11.916522,80.890686,3.129496,-0.706901,-0.154439,0.168536,0.669355,0.965996,2
1608635127727796480,-12.208457,81.318250,3.129945,-0.703818,-0.173192,0.188502,0.662655,0.965996,2
1608635127892796672,-12.490423,81.694356,3.131705,-0.700089,-0.190961,0.204817,0.656856,0.965996,2
1608635128057797120,-12.802343,82.079565,3.131342,-0.694498,-0.208137,0.221977,0.651980,0.965996,2
1608635128222797568,-13.112717,82.394587,3.126397,-0.688191,-0.225405,0.239484,0.646709,0.965996,2
1608635128387798016,-13.462870,82.721699,3.128182,-0.681518,-0.243795,0.255133,0.641096,0.965996,2
1608635128552798464,-13.831496,83.034145,3.131225,-0.674100,-0.262234,0.271343,0.634977,0.965996,2
1608635128717798656,-14.226141,83.348397,3.135136,-0.665964,-0.278815,0.288680,0.628823,0.965996,2
1608635128882799104,-14.622989,83.621043,3.134534,-0.657063,-0.294981,0.306072,0.622555,0.965996,2
1608635129014799360,-14.961502,83.842568,3.136340,-0.650330,-0.308313,0.319170,0.616558,0.965996,2
1608635129146799872,-15.312905,84.049502,3.134480,-0.644121,-0.322098,0.330836,0.609843,0.965996,2
1608635129278800128,-15.689586,84.243242,3.139321,-0.637448,-0.336283,0.342044,0.602976,0.965996,2
1608635129410800384,-16.066880,84.423153,3.140863,-0.630544,-0.349823,0.353417,0.595931,0.965996,2
1608635129542800640,-16.458868,84.596636,3.143768,-0.623974,-0.362461,0.364527,0.588556,0.965996,2
1608635129674801152,-16.855953,84.759825,3.143543,-0.617614,-0.374529,0.375486,0.580768,0.965996,2
1608635129806801408,-17.270846,84.922118,3.154535,-0.611453,-0.385823,0.386533,0.572589,0.965996,2
1608635129938801664,-17.672627,85.048724,3.152588,-0.604250,-0.396991,0.397134,0.565300,0.965996,2
1608635130070801920,-18.091011,85.167134,3.156226,-0.595803,-0.408050,0.407408,0.559046,0.965996,2
1608635130202802176,-18.506622,85.264587,3.154406,-0.586895,-0.418880,0.418313,0.552366,0.965996,2
1608635130367802624,-19.048249,85.377660,3.155525,-0.576445,-0.431915,0.431735,0.542923,0.965996,2
1608635130499802880,-19.480283,85.448517,3.161076,-0.568023,-0.442563,0.441840,0.535038,0.965996,2
1608635130631803392,-19.921733,85.506826,3.164551,-0.559339,-0.453387,0.451159,0.527290,0.965996,2
1608635130763803648,-20.355357,85.539478,3.161309,-0.550973,-0.463399,0.459675,0.519989,0.965996,2
1608635130928804096,-20.917736,85.583051,3.177880,-0.541175,-0.474560,0.469387,0.511467,0.965996,2
1608635131126804480,-21.567063,85.612469,3.187706,-0.530955,-0.485298,0.480626,0.501569,0.965996,2
1608635131324804864,-22.227274,85.610849,3.200211,0.521429,0.493505,-0.491005,-0.493436,0.965996,2
1608635131522805504,-22.860711,85.581735,3.193287,0.510680,0.502439,-0.500544,-0.486021,0.965996,2
1608635131720805888,-23.536239,85.539518,3.206566,0.503072,0.514119,-0.505775,-0.476227,0.965996,2
1608635131918806272,-24.174695,85.470792,3.210608,0.496652,0.524635,-0.511770,-0.464958,0.965996,2
1608635132116806912,-24.823956,85.382419,3.219510,0.488526,0.534949,-0.519448,-0.453151,0.965996,2
1608635132314807296,-25.439417,85.255136,3.232867,0.478952,0.547935,-0.527072,-0.438825,0.965996,2
1608635132512807680,-26.045807,85.097392,3.207843,0.465840,0.558654,-0.539690,-0.423831,0.965996,2
1608635132677808128,-26.508316,84.937080,3.219780,0.451715,0.568617,-0.550780,-0.411424,0.965996,2
1608635132842808576,-26.979644,84.745811,3.219651,0.437143,0.580805,-0.559983,-0.397480,0.965996,2
1608635133040808960,-27.541505,84.497028,3.205686,0.419847,0.594131,-0.571714,-0.379315,0.965996,2
1608635133205809408,-27.968307,84.265169,3.214849,0.405174,0.603781,-0.582300,-0.363606,0.965996,2
1608635133370809856,-28.385098,84.013738,3.210289,0.389621,0.614001,-0.592022,-0.347431,0.965996,2
1608635133535810304,-28.776255,83.739710,3.207954,0.372475,0.624322,-0.601205,-0.331718,0.965996,2
1608635133700810496,-29.160975,83.445482,3.198967,0.355263,0.633189,-0.611295,-0.314925,0.965996,2
1608635133865810944,-29.520752,83.124888,3.189808,0.338093,0.641737,-0.620281,-0.298527,0.965996,2
1608635134030811392,-29.857048,82.788151,3.170831,0.319903,0.651257,-0.627456,-0.282533,0.965996,2
1608635134195811840,-30.171999,82.439235,3.183249,0.301493,0.659217,-0.635179,-0.266610,0.965996,2
1608635134360812288,-30.463971,82.084837,3.183551,0.284226,0.666006,-0.642900,-0.249661,0.965996,2
1608635134492812544,-30.681673,81.790331,3.184220,0.270216,0.671574,-0.648100,-0.236513,0.965996,2
1608635134624812800,-30.880240,81.487353,3.164254,0.256119,0.676795,-0.652929,-0.223688,0.965996,2
1608635134789813248,-31.123469,81.106343,3.182786,0.238786,0.683124,-0.658455,-0.206785,0.965996,2
1608635134954813440,-31.333011,80.712246,3.182421,0.220824,0.689003,-0.663329,-0.191067,0.965996,2
1608635135119813888,-31.518978,80.311820,3.184372,0.202925,0.694731,-0.667338,-0.175587,0.965996,2
1608635135284814336,-31.687523,79.909374,3.180669,0.186780,0.699958,-0.670951,-0.158106,0.965996,2
1608635135449814784,-31.851652,79.494605,3.190123,0.170948,0.704828,-0.673891,-0.140942,0.965996,2
1608635135614815232,-31.971751,79.091026,3.189133,0.153606,0.708665,-0.677122,-0.125321,0.965996,2
1608635135779815424,-32.076375,78.681227,3.152000,0.137085,0.711448,-0.680570,-0.108968,0.965996,2
1608635135944815872,-32.169371,78.267275,3.192108,0.120889,0.714453,-0.682918,-0.092553,0.965996,2
1608635136109816320,-32.233405,77.860442,3.193464,0.104458,0.716664,-0.685292,-0.076528,0.965996,2
1608635136274816768,-32.277387,77.452204,3.174585,0.088010,0.718319,-0.687457,-0.060619,0.965996,2
1608635136439817216,-32.304603,77.053465,3.189653,0.071629,0.719522,-0.689332,-0.044489,0.965996,2
1608635136604817664,-32.313936,76.648649,3.188833,0.055788,0.720650,-0.690402,-0.029948,0.965996,2
1608635136736817920,-32.306519,76.333025,3.194306,0.043167,0.721373,-0.690914,-0.019894,0.965996,2
1608635136868818176,-32.294329,76.017232,3.199435,0.031920,0.721684,-0.691408,-0.010439,0.965996,2
1608635137000818432,-32.283126,75.701560,3.204815,0.023463,0.721673,-0.691834,-0.001687,0.965996,2
1608635137132818944,-32.281066,75.383393,3.181222,0.016518,0.721452,-0.692240,0.006172,0.965996,2
1608635137264819200,-32.254698,75.079749,3.209796,0.009918,0.721489,-0.692242,0.012539,0.965996,2
1608635137396819456,-32.235643,74.766901,3.209135,0.004342,0.721335,-0.692362,0.017083,0.965996,2
1608635137561819904,-32.212085,74.378398,3.203675,-0.001141,0.720894,-0.692720,0.021201,0.965996,2
1608635137726820096,-32.186639,73.996033,3.199927,-0.005013,0.720572,-0.692950,0.023892,0.965996,2
1608635137891820544,-32.162629,73.616663,3.202906,-0.006837,0.721301,-0.692139,0.024935,0.965996,2
1608635138089821184,-32.144578,73.162726,3.203134,-0.006413,0.721874,-0.691527,0.025417,0.965996,2
1608635138386821888,-32.119676,72.493145,3.211900,-0.004829,0.722513,-0.690923,0.024024,0.965996,2
1608635138683822592,-32.095420,71.827778,3.216836,-0.003487,0.722350,-0.691157,0.022357,0.965996,2
1608635138947823104,-32.075985,71.236008,3.212547,-0.002317,0.722788,-0.690759,0.020583,0.965996,2
1608635139211823872,-32.057567,70.632204,3.217432,-0.001260,0.722918,-0.690676,0.018841,0.965996,2
1608635139475824384,-32.041914,70.026813,3.218420,0.000169,0.722684,-0.690954,0.017605,0.965996,2
1608635139739824896,-32.025188,69.411233,3.213443,0.001143,0.722287,-0.691404,0.016159,0.965996,2
1608635139970825472,-32.010300,68.880198,3.227938,0.001772,0.722396,-0.691318,0.014851,0.965996,2
1608635140201826048,-32.001868,68.342406,3.227553,0.002749,0.721414,-0.692359,0.013881,0.965996,2
1608635140432826624,-32.000496,67.791379,3.228555,0.003676,0.720523,-0.693295,0.013274,0.965996,2
1608635140663827200,-31.996582,67.240113,3.233316,0.004282,0.719945,-0.693916,0.011932,0.965996,2
1608635140861827584,-31.988809,66.757772,3.239014,0.004251,0.719690,-0.694199,0.010739,0.965996,2
1608635141059828224,-31.985652,66.277251,3.247721,0.005284,0.719116,-0.694795,0.010211,0.965996,2
1608635141257828608,-31.986756,65.783188,3.245653,0.005684,0.719151,-0.694767,0.009442,0.965996,2
1608635141521829120,-31.981262,65.108057,3.255700,0.006856,0.719917,-0.693968,0.008975,0.965996,2
1608635141785829888,-31.977099,64.416768,3.259345,0.007474,0.720841,-0.693013,0.008112,0.965996,2
1608635142016830464,-31.977005,63.791662,3.263264,0.007062,0.721921,-0.691906,0.006840,0.965996,2
1608635142247831040,-31.980817,63.156229,3.275716,0.007665,0.723449,-0.690304,0.006648,0.965996,2
1608635142478831616,-31.979646,62.523760,3.277090,0.008415,0.723374,-0.690378,0.006209,0.965996,2
1608635142709832192,-31.983270,61.869956,3.280348,0.008931,0.723147,-0.690608,0.006294,0.965996,2
1608635142940832512,-31.989465,61.199995,3.274591,0.009854,0.722827,-0.690932,0.006070,0.965996,2
1608635143171833088,-31.999374,60.543138,3.282083,0.010975,0.721930,-0.691851,0.006188,0.965996,2
1608635143369833728,-32.001156,59.963388,3.288017,0.011234,0.721149,-0.692665,0.005683,0.965996,2
1608635143534833920,-32.007291,59.473832,3.284893,0.011356,0.720688,-0.693147,0.005211,0.965996,2
1608635143699834368,-32.009871,58.980494,3.292162,0.011592,0.720113,-0.693744,0.004693,0.965996,2
1608635143864834816,-32.014517,58.492594,3.295373,0.011566,0.719947,-0.693919,0.004371,0.965996,2
1608635143963835136,-32.018316,58.194761,3.297932,0.011657,0.720215,-0.693639,0.004344,0.965996,2
1608635144095835392,-32.025603,57.789056,3.300193,0.012299,0.720805,-0.693012,0.004730,0.965996,2
1608635144260835840,-32.034677,57.280572,3.294986,0.013271,0.721037,-0.692751,0.005098,0.965996,2
1608635144458836224,-32.034073,56.682159,3.308943,0.013087,0.721252,-0.692537,0.004103,0.965996,2
1608635144656836608,-32.043175,56.058449,3.312868,0.013067,0.722269,-0.691478,0.003925,0.965996,2
1608635144887837184,-32.047871,55.326660,3.315272,0.012566,0.723030,-0.690695,0.003313,0.965996,2
1608635145118837760,-32.057626,54.609682,3.312900,0.012120,0.722406,-0.691354,0.003634,0.965996,2
1608635145349838336,-32.067021,53.930145,3.322151,0.012340,0.723190,-0.690525,0.004343,0.965996,2
1608635145580838912,-32.063213,53.173386,3.323549,0.012129,0.722011,-0.691762,0.004323,0.965996,2
1608635145844839424,-32.076568,52.377546,3.321993,0.012169,0.721610,-0.692174,0.005101,0.965996,2
1608635146075840000,-32.081259,51.718174,3.332113,0.011071,0.721658,-0.692142,0.005128,0.965996,2
1608635146306840576,-32.085170,50.973451,3.338634,0.011123,0.721211,-0.692607,0.005184,0.965996,2
1608635146537841152,-32.095411,50.247989,3.350047,0.011169,0.720617,-0.693218,0.005869,0.965996,2
1608635146735841792,-32.100665,49.633405,3.341395,0.011970,0.720075,-0.693758,0.006918,0.965996,2
1608635146966842112,-32.100777,48.924585,3.357050,0.010889,0.721343,-0.692463,0.006442,0.965996,2
1608635147230842880,-32.096658,48.121054,3.364219,0.010605,0.721890,-0.691893,0.006857,0.965996,2
1608635147494843392,-32.095028,47.318175,3.374508,0.010442,0.723154,-0.690567,0.007537,0.965996,2
1608635147791844096,-32.097124,46.418640,3.377521,0.010785,0.723105,-0.690602,0.008444,0.965996,2
1608635148055844864,-32.084138,45.670362,3.373107,0.009742,0.723211,-0.690514,0.007857,0.965996,2
1608635148319845376,-32.095417,44.854301,3.383619,0.009429,0.723032,-0.690693,0.008826,0.965996,2
1608635148583846144,-32.087893,44.079274,3.382996,0.009340,0.722750,-0.690986,0.009161,0.965996,2
1608635148913846784,-32.087792,43.121227,3.384839,0.009002,0.722293,-0.691461,0.009667,0.965996,2
1608635149210847488,-32.079262,42.265467,3.394823,0.007278,0.720956,-0.692885,0.008967,0.965996,2
1608635149375847936,-32.076453,41.807067,3.399109,0.007177,0.720974,-0.692862,0.009330,0.965996,2
1608635149507848192,-32.078409,41.480614,3.389066,0.007463,0.721055,-0.692762,0.010175,0.965996,2
1608635149870849024,-32.060465,40.457950,3.409233,0.005292,0.720219,-0.693601,0.013155,0.965996,2
1608635150167849728,-32.016906,39.681252,3.405208,-0.003859,0.721893,-0.691595,0.023515,0.965996,2
1608635150398850304,-31.938156,39.060761,3.420237,-0.018944,0.722017,-0.690480,0.039626,0.965996,2
1608635150629850880,-31.807055,38.503604,3.420089,-0.042024,0.720063,-0.689976,0.060635,0.965996,2
1608635150827851264,-31.648331,38.043215,3.430553,-0.066047,0.717951,-0.688365,0.079608,0.965996,2
1608635151025851904,-31.467045,37.598457,3.431028,-0.089016,0.713667,-0.687185,0.102627,0.965996,2
1608635151190852352,-31.285212,37.219130,3.434590,-0.110167,0.709975,-0.684235,0.124985,0.965996,2
1608635151355852544,-31.066296,36.858674,3.436134,-0.134905,0.705925,-0.679541,0.147290,0.965996,2
1608635151520852992,-30.813360,36.508649,3.442608,-0.160755,0.700761,-0.673605,0.171313,0.965996,2
1608635151685853440,-30.529910,36.165480,3.447578,-0.186708,0.694476,-0.666462,0.196652,0.965996,2
1608635151817853696,-30.279959,35.909735,3.452574,-0.208058,0.688577,-0.660147,0.216288,0.965996,2
1608635151949854208,-30.007369,35.659436,3.458041,-0.229628,0.681721,-0.653450,0.235649,0.965996,2
1608635152081854464,-29.716733,35.409982,3.462553,-0.250597,0.673923,-0.646404,0.255326,0.965996,2
1608635152213854720,-29.414304,35.207594,3.466022,-0.271483,0.665446,-0.638815,0.274581,0.965996,2
1608635152345854976,-29.095357,34.998422,3.470366,-0.291527,0.656769,-0.630557,0.293367,0.965996,2
1608635152477855488,-28.767121,34.794879,3.478880,-0.310631,0.648095,-0.621022,0.312750,0.965996,2
1608635152609855744,-28.428919,34.638741,3.485336,-0.329193,0.638851,-0.610844,0.332223,0.965996,2
1608635152741856000,-28.086507,34.482398,3.490059,-0.347687,0.628222,-0.600781,0.351445,0.965996,2
1608635152873856256,-27.733354,34.370581,3.493777,-0.366236,0.616976,-0.590251,0.369886,0.965996,2
1608635153005856512,-27.375505,34.273228,3.497044,-0.385214,0.605150,-0.579238,0.387153,0.965996,2
1608635153137857024,-27.011743,34.186171,3.505056,-0.403877,0.593290,-0.568069,0.402726,0.965996,2
1608635153269857280,-26.648815,34.139998,3.510984,-0.421161,0.581468,-0.557107,0.417313,0.965996,2
1608635153401857536,-26.285936,34.089629,3.518226,-0.436771,0.570039,-0.546359,0.431021,0.965996,2
1608635153566857984,-25.841193,34.064234,3.519644,-0.454560,0.556924,-0.533435,0.445711,0.965996,2
1608635153731858432,-25.392040,34.034363,3.524808,-0.470761,0.545786,-0.520102,0.458254,0.965996,2
1608635153896858880,-24.947183,34.032969,3.525748,-0.484743,0.535827,-0.507537,0.469382,0.965996,2
1608635154094859264,-24.419599,34.055239,3.528006,-0.500425,0.523701,-0.493009,0.481928,0.965996,2
1608635154292859648,-23.906251,34.116637,3.523396,0.515432,-0.510610,0.478827,-0.494300,0.965996,2
1608635154523860224,-23.310603,34.206311,3.529364,-0.532411,0.495044,-0.462150,0.507826,0.965996,2
1608635154754860800,-22.750761,34.326163,3.520984,-0.548223,0.477546,-0.444038,0.523671,0.965996,2
1608635154952861184,-22.287229,34.484791,3.509976,-0.562112,0.460948,-0.426935,0.537851,0.965996,2
1608635155150861824,-21.828590,34.668739,3.507244,-0.577571,0.442445,-0.408131,0.551438,0.965996,2
1608635155348862208,-21.397133,34.903986,3.500864,-0.593450,0.421317,-0.389429,0.564495,0.965996,2
1608635155513862656,-21.041144,35.118614,3.488653,-0.606259,0.403108,-0.372960,0.575200,0.965996,2
1608635155678863104,-20.708255,35.341322,3.489352,-0.617898,0.385870,-0.354820,0.586011,0.965996,2
1608635155843863296,-20.385079,35.586263,3.483572,-0.628650,0.368301,-0.336242,0.596737,0.965996,2
1608635156008863744,-20.064640,35.855330,3.473230,-0.638930,0.349871,-0.317150,0.607269,0.965996,2
1608635156173864192,-19.771513,36.139401,3.471040,-0.648741,0.331422,-0.297507,0.617078,0.965996,2
1608635156338864640,-19.491743,36.445859,3.468751,-0.658431,0.311707,-0.277897,0.626164,0.965996,2
1608635156503864832,-19.238671,36.774249,3.457437,-0.667579,0.290991,-0.259482,0.634296,0.965996,2
1608635156635865344,-19.031543,37.060074,3.458865,-0.674491,0.273911,-0.243649,0.640835,0.965996,2
1608635156767865600,-18.840130,37.354107,3.455419,-0.680245,0.257517,-0.227543,0.647438,0.965996,2
1608635156899865856,-18.662172,37.655748,3.449993,-0.685168,0.241712,-0.210904,0.653942,0.965996,2
1608635157031866112,-18.497912,37.961276,3.451077,-0.690029,0.226325,-0.193283,0.659757,0.965996,2
1608635157163866624,-18.350429,38.283973,3.448242,-0.694997,0.209889,-0.176955,0.664539,0.965996,2
1608635157295866880,-18.232577,38.602715,3.440923,-0.699837,0.191784,-0.162204,0.668683,0.965996,2
1608635157427867136,-18.126013,38.933455,3.431130,-0.704528,0.173217,-0.147451,0.672231,0.965996,2
1608635157592867584,-18.012856,39.348594,3.426485,-0.709688,0.151618,-0.127219,0.676144,0.965996,2
1608635157724867840,-17.924462,39.703488,3.425409,-0.713546,0.134788,-0.109891,0.678681,0.965996,2
1608635157856868096,-17.853914,40.053539,3.424265,-0.716981,0.118534,-0.092719,0.680655,0.965996,2
1608635158021868544,-17.789867,40.511073,3.425289,-0.720936,0.098976,-0.073616,0.681935,0.965996,2
1608635158186868992,-17.748219,40.953831,3.420892,-0.724277,0.080619,-0.057658,0.682348,0.965996,2
1608635158351869440,-17.716892,41.424477,3.415814,-0.726403,0.064358,-0.043387,0.682872,0.965996,2
1608635158516869632,-17.689133,41.904429,3.409210,-0.727475,0.050498,-0.030550,0.683591,0.965996,2
1608635158714870272,-17.687637,42.458666,3.396315,-0.727685,0.036320,-0.018160,0.684708,0.965996,2
1608635158912870656,-17.667726,43.063453,3.389792,-0.727683,0.025734,-0.007810,0.685386,0.965996,2
1608635159110871040,-17.672012,43.640256,3.385029,-0.727637,0.017940,0.000082,0.685728,0.965996,2
1608635159308871680,-17.681109,44.224542,3.380316,-0.726676,0.012620,0.006211,0.686836,0.965996,2
1608635159506872064,-17.689556,44.820826,3.370551,-0.725111,0.008637,0.010635,0.688495,0.965996,2
1608635159704872448,-17.707176,45.424704,3.371414,-0.723903,0.005259,0.010458,0.689802,0.965996,2
1608635159869872896,-17.710983,45.934156,3.369776,-0.722922,0.005892,0.009759,0.690836,0.965996,2
1608635160001873152,-17.701654,46.343747,3.367553,-0.722321,0.008307,0.009965,0.691437,0.965996,2
1608635160100873472,-17.694192,46.649124,3.366978,-0.722134,0.009989,0.010213,0.691605,0.965996,2
1608635160199873792,-17.688692,46.956901,3.368108,-0.722275,0.011274,0.010249,0.691438,0.965996,2
1608635160331874048,-17.681310,47.386510,3.364830,-0.723011,0.012434,0.009435,0.690661,0.965996,2
1608635160529874432,-17.683727,48.002946,3.361837,-0.725174,0.012648,0.006542,0.688418,0.965996,2
1608635160694874880,-17.665872,48.566653,3.360677,-0.726154,0.013869,0.005200,0.687372,0.965996,2
1608635160859875328,-17.649532,49.099328,3.363650,-0.726201,0.016485,0.005155,0.687266,0.965996,2
1608635161024875776,-17.629176,49.641431,3.361198,-0.726915,0.018531,0.004476,0.686463,0.965996,2
1608635161189876224,-17.616823,50.190496,3.353160,-0.727272,0.020132,0.003421,0.686046,0.965996,2
1608635161420876544,-17.593120,50.932887,3.346251,-0.725077,0.022611,0.001478,0.688295,0.965996,2
1608635161651877120,-17.559398,51.692757,3.347360,-0.725741,0.024704,-0.000163,0.687524,0.965996,2
1608635161882877696,-17.522432,52.463842,3.338387,-0.724956,0.026255,-0.002166,0.688291,0.965996,2
1608635162113878272,-17.485833,53.222400,3.332891,-0.723911,0.027364,-0.004019,0.689339,0.965996,2
1608635162311878656,-17.448310,53.888172,3.331807,-0.724546,0.028961,-0.004618,0.688603,0.965996,2
1608635162476879104,-17.425553,54.427445,3.327292,-0.724484,0.029571,-0.005966,0.688631,0.965996,2
1608635162641879552,-17.401202,54.974951,3.325360,-0.724322,0.029512,-0.007688,0.688787,0.965996,2
1608635162773879808,-17.380253,55.434533,3.323113,-0.725147,0.029605,-0.008620,0.687903,0.965996,2
1608635163037880576,-17.336309,56.299820,3.317397,-0.726954,0.029522,-0.009364,0.685988,0.965996,2
1608635163301881088,-17.287920,57.210318,3.311959,-0.727879,0.029756,-0.009048,0.685000,0.965996,2
1608635163532881664,-17.250225,57.973171,3.306243,-0.728375,0.028684,-0.010236,0.684501,0.965996,2
1608635163730882304,-17.220030,58.635166,3.300126,-0.726594,0.028697,-0.010131,0.686393,0.965996,2
1608635163961882624,-17.178616,59.405373,3.289142,-0.725564,0.029128,-0.009606,0.687471,0.965996,2
1608635164192883200,-17.134396,60.197570,3.283354,-0.724606,0.029282,-0.009417,0.688476,0.965996,2
1608635164390883840,-17.100041,60.894707,3.278649,-0.723964,0.029333,-0.009529,0.689148,0.965996,2
1608635164654884352,-17.053264,61.795504,3.278347,-0.724617,0.028697,-0.009813,0.688484,0.965996,2
1608635164885884928,-17.018349,62.602244,3.277327,-0.723996,0.027512,-0.010269,0.689178,0.965996,2
1608635165116885504,-16.976611,63.454701,3.270514,-0.725260,0.026903,-0.009217,0.687887,0.965996,2
1608635165347886080,-16.938992,64.285270,3.267451,-0.726562,0.025771,-0.007846,0.686573,0.965996,2
1608635165545886464,-16.911982,65.001938,3.265209,-0.726928,0.024029,-0.006448,0.686263,0.965996,2
1608635165743886848,-16.889147,65.745630,3.260175,-0.727469,0.022017,-0.004914,0.685770,0.965996,2
1608635165941887488,-16.876054,66.450162,3.251545,-0.726172,0.020408,-0.003238,0.687203,0.965996,2
1608635166205888000,-16.859001,67.400068,3.248684,-0.725343,0.017675,-0.000603,0.688160,0.965996,2
1608635166469888512,-16.842347,68.366933,3.250327,-0.724570,0.016202,0.001784,0.689008,0.965996,2
1608635166733889024,-16.832742,69.358854,3.240640,-0.724291,0.014411,0.002823,0.689338,0.965996,2
1608635166964889600,-16.821438,70.232758,3.245195,-0.724289,0.013816,0.004707,0.689342,0.965996,2
1608635167162889984,-16.817557,70.969007,3.250682,-0.724802,0.012656,0.005395,0.688819,0.965996,2
1608635167294890496,-16.821325,71.430139,3.239279,-0.725910,0.011546,0.005669,0.687669,0.965996,2
1608635167558891008,-16.825147,72.422965,3.227606,-0.727509,0.009662,0.006627,0.685998,0.965996,2
1608635167888891904,-16.829084,73.621428,3.223637,-0.729992,0.007974,0.008575,0.683356,0.965996,2
1608635168218892544,-16.842334,74.859677,3.202659,-0.727597,0.005850,0.010910,0.685893,0.965996,2
1608635168515893248,-16.872412,75.896699,3.194552,-0.725840,0.001832,0.013689,0.687725,0.965996,2
1608635168812893952,-16.903564,76.985221,3.184332,-0.723985,-0.001566,0.019542,0.689537,0.965996,2
1608635169109894656,-16.972633,78.009010,3.190842,-0.723611,-0.010574,0.029712,0.689487,0.965996,2
1608635169340895232,-17.067257,78.799660,3.189875,-0.722092,-0.023656,0.041865,0.690123,0.965996,2
1608635169571895808,-17.203910,79.558044,3.189443,-0.722481,-0.039698,0.061374,0.687517,0.965996,2
1608635169802896384,-17.402459,80.297204,3.183996,-0.723289,-0.063303,0.083352,0.682568,0.965996,2
1608635169967896576,-17.590470,80.810157,3.184113,-0.722518,-0.083552,0.100334,0.678911,0.965996,2
1608635170132897024,-17.805210,81.278577,3.185163,-0.720697,-0.104788,0.118594,0.674946,0.965996,2
1608635170264897280,-17.995064,81.662041,3.184410,-0.717942,-0.121674,0.135482,0.671863,0.965996,2
1608635170429897728,-18.239994,82.109800,3.180448,-0.712932,-0.142286,0.159037,0.667974,0.965996,2
1608635170594898176,-18.527106,82.538769,3.175250,-0.707119,-0.163822,0.182297,0.663259,0.965996,2
1608635170759898624,-18.847463,82.938267,3.170003,-0.700332,-0.187260,0.204605,0.657728,0.965996,2
1608635170891898880,-19.132695,83.246077,3.168719,-0.693979,-0.206359,0.221583,0.653231,0.965996,2
1608635171023899136,-19.433462,83.539820,3.164958,-0.687532,-0.224841,0.238369,0.648017,0.965996,2
1608635171155899648,-19.746084,83.824840,3.163790,-0.681126,-0.242663,0.255431,0.641823,0.965996,2
1608635171287899904,-20.072092,84.091293,3.167754,-0.674167,-0.260854,0.272122,0.635141,0.965996,2
1608635171419900160,-20.422509,84.362888,3.166749,-0.666519,-0.278872,0.288825,0.628142,0.965996,2
1608635171551900416,-20.763370,84.553108,3.169408,-0.658555,-0.296120,0.305769,0.620583,0.965996,2
1608635171683900672,-21.141963,84.799185,3.169367,-0.650384,-0.312805,0.322064,0.612722,0.965996,2
1608635171815901184,-21.520878,85.020355,3.174825,-0.641630,-0.328811,0.337192,0.605390,0.965996,2
1608635171947901440,-21.905618,85.201008,3.183170,-0.632418,-0.343631,0.353116,0.597724,0.965996,2
1608635172079901696,-22.289355,85.374332,3.190984,-0.623391,-0.357834,0.369431,0.588947,0.965996,2
1608635172211901952,-22.683150,85.523192,3.197203,-0.613455,-0.373185,0.383877,0.580555,0.965996,2
1608635172343902208,-23.099332,85.636228,3.201288,-0.601720,-0.391112,0.396012,0.572833,0.965996,2
1608635172508902656,-23.634412,85.753222,3.203903,-0.588331,-0.412012,0.412334,0.560440,0.965996,2
1608635172640903168,-24.053571,85.833672,3.204715,-0.579385,-0.426709,0.426294,0.548184,0.965996,2
1608635172772903424,-24.501201,85.907902,3.212263,-0.570735,-0.441915,0.439328,0.534756,0.965996,2
1608635172904903680,-24.930125,85.942779,3.217563,-0.560869,-0.458000,0.451133,0.521672,0.965996,2
1608635173036903936,-25.372459,85.954277,3.222349,-0.550025,-0.474062,0.461581,0.509588,0.965996,2
1608635173168904192,-25.814328,85.935941,3.225947,0.537932,0.489217,-0.472523,-0.498014,0.965996,2
1608635173300904704,-26.246759,85.907038,3.216333,0.524865,0.502199,-0.485774,-0.486146,0.965996,2
1608635173432904960,-26.680741,85.857210,3.206824,0.512246,0.514450,-0.499149,-0.473070,0.965996,2
1608635173597905408,-27.222180,85.753886,3.197631,0.497116,0.531266,-0.512689,-0.455830,0.965996,2
1608635173762905600,-27.754060,85.619755,3.199362,0.480752,0.547695,-0.526108,-0.438314,0.965996,2
1608635173927906048,-28.264104,85.451809,3.193698,0.462343,0.562581,-0.541715,-0.419865,0.965996,2
1608635174059906304,-28.649822,85.288175,3.191896,0.446233,0.574992,-0.553792,-0.404444,0.965996,2
1608635174191906816,-29.035642,85.101329,3.187320,0.430023,0.586765,-0.565060,-0.389221,0.965996,2
1608635174323907072,-29.417020,84.900134,3.182998,0.413720,0.597558,-0.576684,-0.373090,0.965996,2
1608635174455907328,-29.786796,84.684496,3.174943,0.397106,0.608004,-0.587952,-0.356301,0.965996,2
1608635174587907584,-30.124814,84.440851,3.176336,0.380089,0.618450,-0.597907,-0.339940,0.965996,2
1608635174719908096,-30.452383,84.177963,3.173694,0.362870,0.628591,-0.607397,-0.322905,0.965996,2
1608635174851908352,-30.776785,83.893656,3.169756,0.345707,0.637791,-0.616623,-0.305755,0.965996,2
1608635174983908608,-31.071083,83.599889,3.172149,0.327549,0.646415,-0.625783,-0.288540,0.965996,2
1608635175115908864,-31.357857,83.288858,3.167385,0.308986,0.654387,-0.634661,-0.271128,0.965996,2
1608635175247909120,-31.624054,82.963107,3.163372,0.290442,0.662287,-0.642561,-0.253249,0.965996,2
1608635175379909632,-31.878313,82.626104,3.165820,0.271675,0.669987,-0.649462,-0.235603,0.965996,2
1608635175511909888,-32.099941,82.265823,3.161349,0.252272,0.677052,-0.655848,-0.218684,0.965996,2
1608635175610909952,-32.253562,81.989605,3.162741,0.237539,0.682138,-0.660271,-0.205682,0.965996,2
1608635175709910272,-32.402214,81.710583,3.163425,0.223085,0.686839,-0.664379,-0.192576,0.965996,2
1608635175808910592,-32.541189,81.427548,3.171775,0.208874,0.691338,-0.668086,-0.179121,0.965996,2
1608635175907910912,-32.663486,81.139330,3.169691,0.195046,0.695538,-0.671359,-0.165715,0.965996,2
1608635176039911168,-32.810800,80.744570,3.172659,0.176610,0.701139,-0.674829,-0.147710,0.965996,2
1608635176171911424,-32.941462,80.338604,3.171340,0.157578,0.706387,-0.677697,-0.130048,0.965996,2
1608635176303911680,-33.039445,79.928903,3.169151,0.139186,0.711272,-0.679719,-0.112700,0.965996,2
1608635176435912192,-33.133450,79.509324,3.172916,0.121810,0.714844,-0.681978,-0.095221,0.965996,2
1608635176567912448,-33.203720,79.093815,3.176433,0.104928,0.717149,-0.684604,-0.077489,0.965996,2
1608635176699912704,-33.243267,78.673425,3.177784,0.087655,0.719258,-0.686479,-0.061081,0.965996,2
1608635176831912960,-33.274266,78.241614,3.179054,0.070058,0.721119,-0.687764,-0.045392,0.965996,2
1608635176963913472,-33.283974,77.812214,3.177185,0.053837,0.721749,-0.689401,-0.030080,0.965996,2
1608635177095913728,-33.284394,77.377514,3.174175,0.039580,0.721470,-0.691137,-0.015628,0.965996,2
1608635177227913984,-33.274631,76.927790,3.172607,0.026724,0.721618,-0.691766,-0.003589,0.965996,2
1608635177359914240,-33.248657,76.483566,3.179444,0.014914,0.721834,-0.691881,0.005812,0.965996,2
1608635177491914752,-33.217246,76.029830,3.181336,0.005031,0.721720,-0.692030,0.013782,0.965996,2
1608635177590914816,-33.200114,75.672819,3.175618,-0.000510,0.721277,-0.692379,0.019255,0.965996,2
1608635177689915136,-33.177694,75.331955,3.169536,-0.004892,0.720556,-0.692943,0.024595,0.965996,2
1608635177788915456,-33.147976,74.986121,3.180140,-0.009048,0.719958,-0.693368,0.028615,0.965996,2
1608635177887915520,-33.116711,74.626672,3.183604,-0.012888,0.719485,-0.693670,0.031575,0.965996,2
1608635177986915840,-33.082315,74.282410,3.188313,-0.016093,0.719198,-0.693775,0.034238,0.965996,2
1608635178085916160,-33.050527,73.926524,3.187047,-0.018487,0.719112,-0.693689,0.036493,0.965996,2
1608635178184916224,-33.011307,73.570377,3.195722,-0.020711,0.719749,-0.692891,0.037877,0.965996,2
1608635178316916736,-32.959437,73.087014,3.197140,-0.023502,0.720482,-0.691970,0.039133,0.965996,2
1608635178514917120,-32.885444,72.358182,3.199648,-0.025237,0.721239,-0.690951,0.042001,0.965996,2
1608635178679917568,-32.823108,71.748073,3.207695,-0.026498,0.721652,-0.690369,0.043672,0.965996,2
1608635178844917760,-32.754058,71.136161,3.207124,-0.028131,0.721772,-0.690167,0.043858,0.965996,2
1608635179009918208,-32.684729,70.512978,3.208882,-0.029158,0.721783,-0.690141,0.043407,0.965996,2
1608635179174918656,-32.619704,69.886528,3.210125,-0.028484,0.721408,-0.690615,0.042552,0.965996,2
1608635179339919104,-32.560101,69.259396,3.215254,-0.026285,0.721365,-0.690807,0.041557,0.965996,2
1608635179504919552,-32.505494,68.616736,3.216058,-0.024286,0.721127,-0.691224,0.039944,0.965996,2
1608635179669919744,-32.446791,67.980842,3.224392,-0.022745,0.719749,-0.692845,0.037547,0.965996,2
1608635179834920192,-32.396241,67.317191,3.227164,-0.021902,0.718598,-0.694155,0.035860,0.965996,2
1608635179999920640,-32.342407,66.662404,3.235678,-0.020760,0.718552,-0.694316,0.034310,0.965996,2
1608635180131920896,-32.304399,66.124628,3.240081,-0.019934,0.718288,-0.694669,0.033165,0.965996,2
1608635180263921152,-32.262719,65.587202,3.248635,-0.018728,0.718247,-0.694780,0.032418,0.965996,2
1608635180428921600,-32.221941,64.899193,3.252018,-0.017296,0.719563,-0.693487,0.031723,0.965996,2
1608635180593922048,-32.173431,64.212669,3.261290,-0.016695,0.721018,-0.692059,0.030147,0.965996,2
1608635180758922496,-32.128511,63.517507,3.266638,-0.016380,0.722183,-0.690943,0.027941,0.965996,2
1608635180923922944,-32.079276,62.803458,3.277157,-0.014767,0.723574,-0.689570,0.026743,0.965996,2
1608635181088923136,-32.054424,62.103616,3.269254,-0.012290,0.723182,-0.690036,0.026608,0.965996,2
1608635181253923584,-32.015465,61.388920,3.277214,-0.010771,0.722550,-0.690770,0.025344,0.965996,2
1608635181385923840,-31.995113,60.824613,3.279915,-0.009602,0.722067,-0.691330,0.024283,0.965996,2
1608635181517924352,-31.972609,60.245535,3.280895,-0.008135,0.721307,-0.692165,0.023630,0.965996,2
1608635181649924608,-31.949831,59.665315,3.286330,-0.006982,0.720563,-0.692975,0.022929,0.965996,2
1608635181781924864,-31.927449,59.075750,3.292068,-0.006205,0.719997,-0.693608,0.021775,0.965996,2
1608635181880925184,-31.909659,58.644250,3.294406,-0.005751,0.719592,-0.694064,0.020741,0.965996,2
1608635181979925248,-31.894109,58.203838,3.296839,-0.005299,0.719589,-0.694095,0.019878,0.965996,2
1608635182078925568,-31.880572,57.756284,3.300746,-0.004120,0.720305,-0.693361,0.019849,0.965996,2
1608635182210925824,-31.867529,57.161766,3.304233,-0.002291,0.721182,-0.692467,0.019513,0.965996,2
1608635182342926336,-31.850556,56.550767,3.309854,-0.001158,0.721353,-0.692320,0.018510,0.965996,2
1608635182507926528,-31.828106,55.791401,3.310334,-0.000598,0.722084,-0.691604,0.016683,0.965996,2
1608635182672926976,-31.807969,55.038259,3.321889,-0.000330,0.722914,-0.690787,0.014449,0.965996,2
1608635182837927424,-31.789820,54.256882,3.328560,0.001622,0.722836,-0.690882,0.013682,0.965996,2
1608635183035927808,-31.747022,53.326435,3.344528,0.004015,0.722946,-0.690791,0.011834,0.965996,2
1608635183200928256,-31.779956,52.630129,3.331593,0.004028,0.721845,-0.691940,0.011904,0.965996,2
1608635183365928704,-31.841235,52.051823,3.310130,0.002912,0.720942,-0.692870,0.012891,0.965996,2
1608635183530928896,-31.779634,51.130786,3.339932,0.006312,0.721271,-0.692553,0.009903,0.965996,2
1608635183695929344,-31.757056,50.350762,3.353476,0.008170,0.721006,-0.692832,0.008148,0.965996,2
1608635183827929856,-31.780062,49.742382,3.359040,0.009430,0.720258,-0.693590,0.008572,0.965996,2
1608635183959930112,-31.789250,49.128842,3.360348,0.010229,0.720733,-0.693087,0.008416,0.965996,2
1608635184124930560,-31.834557,48.394393,3.362583,0.009477,0.722068,-0.691706,0.008354,0.965996,2
1608635184289931008,-31.787576,47.620912,3.370674,0.009768,0.723071,-0.690659,0.007994,0.965996,2
1608635184487931392,-31.787210,46.743416,3.381661,0.009320,0.724126,-0.689514,0.011188,0.965996,2
1608635184685931776,-31.770288,45.894132,3.380359,0.005871,0.723374,-0.690260,0.015394,0.965996,2
1608635184883932160,-31.724742,45.037848,3.390257,-0.001764,0.723355,-0.690107,0.022501,0.965996,2
1608635185048932608,-31.662631,44.342908,3.398274,-0.009777,0.723165,-0.689939,0.030358,0.965996,2
1608635185246933248,-31.572334,43.546938,3.393613,-0.020833,0.721919,-0.690389,0.041977,0.965996,2
1608635185378933504,-31.485736,42.978821,3.395925,-0.029634,0.720855,-0.690564,0.051090,0.965996,2
1608635185510933760,-31.387350,42.445601,3.403847,-0.040008,0.719909,-0.690182,0.061481,0.965996,2
1608635185642934016,-31.268126,41.916607,3.409993,-0.051858,0.719019,-0.689214,0.072846,0.965996,2
1608635185741934336,-31.167736,41.529316,3.415611,-0.061536,0.718435,-0.687980,0.082150,0.965996,2
1608635185873934592,-31.019089,41.052009,3.420817,-0.074960,0.716815,-0.686638,0.095318,0.965996,2
1608635186038935040,-30.799124,40.418314,3.430509,-0.093123,0.714227,-0.684342,0.113512,0.965996,2
1608635186203935488,-30.540655,39.827766,3.434655,-0.113393,0.712222,-0.680155,0.131419,0.965996,2
1608635186368935936,-30.250668,39.266318,3.474696,-0.134269,0.710008,-0.674773,0.150141,0.965996,2
1608635186533936128,-29.941286,38.733879,3.458859,-0.153767,0.705032,-0.670833,0.171079,0.965996,2
1608635186698936576,-29.610473,38.228751,3.460800,-0.174901,0.700081,-0.664920,0.192814,0.965996,2
1608635186830936832,-29.311203,37.849560,3.462808,-0.193035,0.695256,-0.659770,0.209904,0.965996,2
1608635186962937088,-28.989789,37.496985,3.462138,-0.212277,0.689287,-0.654679,0.226314,0.965996,2
1608635187094937600,-28.652841,37.165791,3.463572,-0.231675,0.682266,-0.649285,0.243452,0.965996,2
1608635187226937856,-28.305105,36.848459,3.469221,-0.250142,0.674899,-0.642713,0.262414,0.965996,2
1608635187358938112,-27.949747,36.553869,3.478191,-0.267655,0.667605,-0.634964,0.281932,0.965996,2
1608635187490938368,-27.574130,36.289698,3.485348,-0.285929,0.659744,-0.627158,0.299425,0.965996,2
1608635187622938880,-27.184227,36.055293,3.491584,-0.305552,0.650882,-0.619579,0.314822,0.965996,2
1608635187754939136,-26.781861,35.840065,3.497292,-0.325419,0.640876,-0.611913,0.330066,0.965996,2
1608635187886939392,-26.372956,35.633402,3.499172,-0.344012,0.630883,-0.602852,0.346716,0.965996,2
1608635188018939648,-25.958827,35.444249,3.498038,-0.362075,0.620957,-0.592437,0.363775,0.965996,2
1608635188150940160,-25.523522,35.286417,3.510111,-0.381151,0.610965,-0.580502,0.380082,0.965996,2
1608635188282940416,-25.089574,35.176734,3.512811,-0.400801,0.599948,-0.567812,0.396246,0.965996,2
1608635188414940672,-24.647478,35.070882,3.510442,-0.421084,0.587695,-0.553956,0.412838,0.965996,2
1608635188546940928,-24.199137,35.009709,3.510992,-0.441019,0.574490,-0.539332,0.429634,0.965996,2
1608635188678941184,-23.739659,34.987188,3.515429,-0.460646,0.560398,-0.524154,0.446119,0.965996,2
1608635188810941696,-23.282554,35.003520,3.515137,-0.479769,0.545116,-0.508764,0.462417,0.965996,2
1608635188942941952,-22.824760,35.030626,3.514046,-0.498182,0.528726,-0.492628,0.479146,0.965996,2
1608635189074942208,-22.369612,35.103791,3.508477,0.515872,-0.511325,0.475710,-0.496108,0.965996,2
1608635189206942464,-21.924667,35.214737,3.498388,-0.533608,0.493566,-0.457515,0.512187,0.965996,2
1608635189338942976,-21.473666,35.347760,3.493029,-0.551053,0.475261,-0.438896,0.527104,0.965996,2
1608635189470943232,-21.033857,35.522812,3.487125,-0.567652,0.455925,-0.420104,0.541679,0.965996,2
1608635189602943488,-20.605857,35.726309,3.481781,-0.583221,0.435748,-0.399844,0.556868,0.965996,2
1608635189734943744,-20.186381,35.954034,3.475267,-0.597813,0.416340,-0.378768,0.570802,0.965996,2
1608635189833944064,-19.890287,36.142951,3.472898,-0.608629,0.401428,-0.362215,0.580712,0.965996,2
1608635189965944320,-19.484019,36.421038,3.464872,-0.621871,0.380657,-0.340215,0.593826,0.965996,2
1608635190097944832,-19.130446,36.727935,3.461037,-0.634724,0.358245,-0.319406,0.605612,0.965996,2
1608635190196944896,-18.869583,36.979119,3.456266,-0.644070,0.340873,-0.304398,0.613451,0.965996,2
1608635190295945216,-18.619420,37.236395,3.450067,-0.652570,0.323841,-0.289285,0.620962,0.965996,2
1608635190394945536,-18.384223,37.504063,3.448266,-0.659945,0.308101,-0.273001,0.628504,0.965996,2
1608635190493945600,-18.150416,37.773532,3.446337,-0.665963,0.293482,-0.256216,0.636172,0.965996,2
1608635190592945920,-17.926665,38.053659,3.442095,-0.671132,0.279458,-0.240915,0.642997,0.965996,2
1608635190691945984,-17.724063,38.348140,3.439624,-0.676430,0.265011,-0.226783,0.648677,0.965996,2
1608635190790946304,-17.532560,38.659614,3.437457,-0.682054,0.249805,-0.214525,0.652977,0.965996,2
1608635190889946624,-17.362591,38.976337,3.432143,-0.687180,0.234622,-0.203513,0.656749,0.965996,2
1608635190988946944,-17.199794,39.291277,3.429053,-0.691889,0.220218,-0.192066,0.660231,0.965996,2
1608635191087947008,-17.026524,39.638005,3.429612,-0.696381,0.207025,-0.180105,0.663141,0.965996,2
1608635191219947264,-16.801887,40.104598,3.433705,-0.702110,0.192280,-0.163396,0.665862,0.965996,2
1608635191384947712,-16.559010,40.678270,3.442120,-0.708015,0.176727,-0.147924,0.667533,0.965996,2
1608635191549948160,-16.370267,41.179544,3.409668,-0.711868,0.163833,-0.139552,0.668526,0.965996,2
1608635191747948544,-16.110620,41.865798,3.404863,-0.715650,0.154617,-0.134294,0.667760,0.965996,2
1608635191945949184,-15.852116,42.495887,3.391363,-0.716809,0.152973,-0.133029,0.667149,0.965996,2
1608635192143949568,-15.585632,43.086175,3.382243,-0.715397,0.155932,-0.134296,0.667726,0.965996,2
1608635192308950016,-15.377188,43.536479,3.380263,-0.713817,0.159189,-0.137333,0.668030,0.965996,2
1608635192506950400,-15.137291,44.050496,3.370100,-0.711529,0.162186,-0.143407,0.668474,0.965996,2
1608635192704950784,-14.906367,44.519524,3.360448,-0.708519,0.168376,-0.153399,0.667921,0.965996,2
1608635192902951424,-14.633224,44.960336,3.354743,-0.704706,0.181517,-0.166132,0.665463,0.965996,2
1608635193067951872,-14.401234,45.291978,3.348225,-0.700144,0.195658,-0.179060,0.662913,0.965996,2
1608635193232952064,-14.144190,45.614691,3.348869,-0.695336,0.211819,-0.192274,0.659296,0.965996,2
1608635193397952512,-13.877686,45.919795,3.342470,-0.690896,0.227856,-0.204094,0.655049,0.965996,2
1608635193562952960,-13.607494,46.221096,3.339080,-0.686753,0.241480,-0.215837,0.650747,0.965996,2
1608635193760953344,-13.285506,46.574039,3.333063,-0.682849,0.252865,-0.227128,0.646675,0.965996,2
1608635193958953984,-12.964801,46.934540,3.325164,-0.680566,0.259454,-0.234242,0.643929,0.965996,2
1608635194156954368,-12.654257,47.278915,3.320247,-0.679267,0.262656,-0.235202,0.643652,0.965996,2
1608635194354954752,-12.348393,47.635745,3.314423,-0.679154,0.261133,-0.230375,0.646132,0.965996,2
1608635194552955392,-12.080066,47.996107,3.306601,-0.681301,0.253039,-0.224814,0.649045,0.965996,2
1608635194750955776,-11.831749,48.370549,3.302383,-0.684327,0.243078,-0.216684,0.652425,0.965996,2
1608635194915956224,-11.633156,48.679315,3.299189,-0.687271,0.234733,-0.208066,0.655185,0.965996,2
1608635195080956672,-11.450395,48.996251,3.292150,-0.690569,0.224069,-0.198877,0.658298,0.965996,2
1608635195245956864,-11.286567,49.308437,3.290993,-0.692981,0.212680,-0.190036,0.662142,0.965996,2
1608635195410957312,-11.128600,49.619972,3.288947,-0.695576,0.202288,-0.179549,0.665594,0.965996,2
1608635195575957760,-10.974060,49.942620,3.288611,-0.698022,0.192121,-0.167406,0.669202,0.965996,2
1608635195707958016,-10.860773,50.192075,3.294655,-0.698305,0.183982,-0.155834,0.673971,0.965996,2
1608635195839958272,-10.747412,50.454860,3.298081,-0.698157,0.174986,-0.142236,0.679504,0.965996,2
1608635195971958784,-10.649549,50.733665,3.304526,-0.697525,0.163957,-0.130191,0.685293,0.965996,2
1608635196103959040,-10.569758,51.037305,3.315280,-0.696256,0.150334,-0.120919,0.691380,0.965996,2
1608635196235959296,-10.502703,51.339643,3.327167,-0.694786,0.135277,-0.110719,0.697649,0.965996,2
1608635196367959552,-10.433893,51.662934,3.338591,-0.692941,0.121366,-0.098690,0.703821,0.965996,2
1608635196466959872,-10.385877,51.916815,3.346981,-0.691546,0.111122,-0.089070,0.708154,0.965996,2
1608635196565960192,-10.344957,52.172433,3.355795,-0.690303,0.100134,-0.079272,0.712159,0.965996,2
1608635196664960256,-10.309534,52.443909,3.366312,-0.688710,0.089128,-0.070622,0.716064,0.965996,2
1608635196796960512,-10.265830,52.817873,3.381675,-0.686528,0.076781,-0.059608,0.720577,0.965996,2
1608635196895960832,-10.225397,53.114874,3.400348,-0.686062,0.069388,-0.051008,0.722428,0.965996,2
1608635196994961152,-10.191060,53.423189,3.425949,-0.686736,0.062971,-0.043455,0.722869,0.965996,2
1608635197093961216,-10.162708,53.746629,3.459874,-0.688454,0.056615,-0.036806,0.722129,0.965996,2
1608635197192961536,-10.141134,54.077034,3.494850,-0.688971,0.049696,-0.030630,0.722434,0.965996,2
1608635197291961856,-10.124425,54.416742,3.530056,-0.687479,0.042133,-0.025512,0.724532,0.965996,2
1608635197390962176,-10.115142,54.753870,3.564265,-0.683927,0.035869,-0.021481,0.728351,0.965996,2
1608635197489962240,-10.101793,55.107382,3.600434,-0.679945,0.031522,-0.018273,0.732357,0.965996,2
1608635197588962560,-10.087221,55.477585,3.636539,-0.676539,0.028296,-0.015689,0.735696,0.965996,2
1608635197687962624,-10.069552,55.870145,3.672749,-0.674278,0.025307,-0.013530,0.737920,0.965996,2
1608635197786962944,-10.056471,56.271820,3.711752,-0.672613,0.023548,-0.011600,0.739528,0.965996,2
1608635197885963264,-10.038476,56.690400,3.756106,-0.671076,0.022499,-0.008852,0.740995,0.965996,2
1608635197984963584,-10.026944,57.114633,3.808545,-0.670162,0.020356,-0.006916,0.741903,0.965996,2
1608635198083963648,-10.017704,57.553630,3.880226,-0.669716,0.017986,-0.005908,0.742376,0.965996,2
1608635198182963968,-10.017507,57.995546,3.953149,-0.669028,0.014493,-0.005397,0.743077,0.965996,2
1608635198281964032,-10.017725,58.443185,4.020463,-0.667220,0.011250,-0.004728,0.744761,0.965996,2
1608635198347964416,-10.017943,58.738489,4.058871,-0.665532,0.009720,-0.004042,0.746295,0.965996,2
1608635198446964480,-10.011398,59.203934,4.115525,-0.663103,0.009117,-0.002097,0.748470,0.965996,2
1608635198512964608,-10.005751,59.518587,4.153982,-0.662462,0.008753,-0.000904,0.749044,0.965996,2
1608635198578964736,-10.000175,59.838902,4.197292,-0.663022,0.008909,0.000423,0.748547,0.965996,2
1608635198677965056,-9.997833,60.328510,4.269597,-0.665917,0.008709,0.001268,0.745974,0.965996,2
1608635198776965376,-9.999648,60.838618,4.354176,-0.669760,0.007480,0.000146,0.742540,0.965996,2
1608635198875965440,-10.005436,61.344651,4.433396,-0.672112,0.006287,-0.000946,0.740422,0.965996,2
1608635198974965760,-10.007479,61.843353,4.507564,-0.672621,0.005763,-0.001237,0.739964,0.965996,2
1608635199073966080,-9.998857,62.360463,4.575446,-0.671829,0.006380,-0.000558,0.740679,0.965996,2
1608635199172966144,-9.994291,62.875963,4.640070,-0.671352,0.006593,0.000014,0.741109,0.965996,2
1608635199271966464,-9.990783,63.409395,4.705980,-0.671701,0.006940,0.000478,0.740790,0.965996,2
1608635199370966784,-9.989908,63.968379,4.776267,-0.672259,0.006670,0.000141,0.740286,0.965996,2
1608635199469966848,-9.991578,64.494162,4.855858,-0.672158,0.005925,-0.000692,0.740384,0.965996,2
1608635199568967168,-9.992813,65.041120,4.940154,-0.670737,0.005318,-0.001405,0.741675,0.965996,2
1608635199667967488,-9.991987,65.588136,5.020066,-0.668405,0.004887,-0.002061,0.743779,0.965996,2
1608635199766967552,-9.991302,66.137289,5.092921,-0.666164,0.004951,-0.002034,0.745786,0.965996,2
1608635199865967872,-9.984103,66.683823,5.165120,-0.665148,0.005475,-0.001324,0.746691,0.965996,2
1608635199964968192,-9.977023,67.252959,5.247404,-0.666544,0.006617,-0.000483,0.745436,0.965996,2
1608635200096968448,-9.971888,67.948208,5.364925,-0.670302,0.006413,-0.000862,0.742060,0.965996,2
1608635200261968896,-9.966866,68.825795,5.498434,-0.671828,0.006728,-0.000255,0.740677,0.965996,2
1608635200426969088,-9.957241,69.676073,5.616655,-0.670453,0.007053,0.001821,0.741916,0.965996,2
1608635200558969600,-9.957476,70.344433,5.715614,-0.669795,0.005844,0.003062,0.742517,0.965996,2
1608635200690969856,-9.960115,70.995894,5.812651,-0.670749,0.004420,0.004846,0.741655,0.965996,2
1608635200921970432,-9.964323,72.122668,5.958177,-0.676210,0.002636,0.012972,0.736590,0.965996,2
1608635201152971008,-10.023256,73.318558,6.067687,-0.699016,-0.005756,0.017014,0.714881,0.965996,2
1608635201350971392,-10.085083,74.310302,6.122903,-0.718797,-0.013417,0.025118,0.694637,0.965996,2
1608635201515971840,-10.144145,75.135186,6.172897,-0.727934,-0.019164,0.038467,0.684299,0.965996,2
1608635201680972288,-10.248472,75.923852,6.178643,-0.726361,-0.030287,0.053025,0.684595,0.965996,2
1608635201812972544,-10.375006,76.571793,6.167767,-0.722404,-0.043248,0.066550,0.686901,0.965996,2
1608635201977972992,-10.578645,77.327164,6.154179,-0.720931,-0.064275,0.085946,0.684646,0.965996,2
1608635202109973248,-10.782431,77.953447,6.159864,-0.720854,-0.081979,0.102051,0.680613,0.965996,2
1608635202241973504,-11.010864,78.573533,6.163214,-0.719041,-0.098281,0.120088,0.677422,0.965996,2
1608635202373973760,-11.269021,79.189868,6.160805,-0.715949,-0.114970,0.138681,0.674512,0.965996,2
1608635202538974208,-11.643039,79.952936,6.165511,-0.710593,-0.137443,0.160807,0.671051,0.965996,2
1608635202703974656,-12.074003,80.653567,6.155303,-0.705342,-0.162015,0.182313,0.665587,0.965996,2
1608635202835974912,-12.446399,81.212808,6.158948,-0.700518,-0.181461,0.199868,0.660606,0.965996,2
1608635202967975168,-12.846151,81.747741,6.162581,-0.695047,-0.200491,0.217687,0.655229,0.965996,2
1608635203099975424,-13.272705,82.256793,6.164145,-0.689578,-0.218996,0.235886,0.648754,0.965996,2
1608635203231975936,-13.732877,82.748220,6.162937,-0.683324,-0.237101,0.254152,0.642073,0.965996,2
1608635203363976192,-14.216410,83.203159,6.165815,-0.676243,-0.255910,0.271646,0.635148,0.965996,2
1608635203495976448,-14.732339,83.632097,6.173207,-0.668206,-0.275102,0.288138,0.628328,0.965996,2
1608635203627976704,-15.254303,83.988213,6.190477,-0.658504,-0.293630,0.305327,0.622036,0.965996,2
1608635203759977216,-15.824229,84.401695,6.183340,-0.648412,-0.311871,0.323339,0.614614,0.965996,2
1608635203891977472,-16.404696,84.753994,6.194532,-0.639413,-0.329445,0.341954,0.604718,0.965996,2
1608635204023977728,-16.977982,85.015784,6.211586,-0.631111,-0.347554,0.359447,0.593046,0.965996,2
1608635204155977984,-17.622381,85.337080,6.214940,-0.621576,-0.366990,0.375474,0.581361,0.965996,2
1608635204287978496,-18.262578,85.549732,6.225365,-0.610113,-0.386223,0.391130,0.570624,0.965996,2
1608635204419978752,-18.869277,85.702671,6.233823,-0.597518,-0.403797,0.408402,0.559578,0.965996,2
1608635204551979008,-19.556295,85.892785,6.239136,-0.585347,-0.420955,0.426520,0.546119,0.965996,2
1608635204683979264,-20.210131,85.999799,6.246935,-0.572194,-0.438528,0.444959,0.531318,0.965996,2
1608635204815979520,-20.865759,86.054961,6.253426,-0.556698,-0.457469,0.462105,0.516980,0.965996,2
1608635204947980032,-21.565101,86.086090,6.258953,-0.540460,-0.476674,0.479022,0.501221,0.965996,2
1608635205046980096,-22.074912,86.065422,6.264365,0.527779,0.490658,-0.491698,-0.488812,0.965996,2
1608635205178980608,-22.754461,86.008352,6.266947,0.510515,0.508827,-0.508516,-0.471042,0.965996,2
1608635205310980864,-23.404301,85.877823,6.279460,0.492975,0.527803,-0.523524,-0.452020,0.965996,2
1608635205442981120,-24.108415,85.733640,6.274014,0.475414,0.546605,-0.537547,-0.431564,0.965996,2
1608635205574981376,-24.762859,85.515961,6.278613,0.456395,0.563872,-0.551983,-0.411176,0.965996,2
1608635205706981888,-25.386509,85.251887,6.284566,0.435876,0.580346,-0.566060,-0.390880,0.965996,2
1608635205838982144,-26.020804,84.942998,6.279222,0.414207,0.595540,-0.580053,-0.370543,0.965996,2
1608635205970982400,-26.628411,84.598114,6.276324,0.391851,0.608732,-0.594964,-0.349164,0.965996,2
1608635206102982656,-27.204601,84.212639,6.276975,0.369410,0.621497,-0.608947,-0.326283,0.965996,2
1608635206234982912,-27.777680,83.767477,6.274871,0.346984,0.634794,-0.620715,-0.302244,0.965996,2
1608635206366983168,-28.300946,83.272711,6.282174,0.323179,0.647053,-0.631828,-0.278696,0.965996,2
1608635206498983424,-28.799049,82.722976,6.276676,0.298303,0.657896,-0.642581,-0.255498,0.965996,2
1608635206630983680,-29.250519,82.152214,6.284390,0.272593,0.668112,-0.652195,-0.232295,0.965996,2
1608635206762984192,-29.688750,81.504426,6.283126,0.246696,0.677624,-0.660329,-0.209600,0.965996,2
1608635206894984448,-30.082263,80.828564,6.285059,0.222244,0.686174,-0.667098,-0.186421,0.965996,2
1608635207026984704,-30.451963,80.107013,6.281993,0.199131,0.694032,-0.672138,-0.164001,0.965996,2
1608635207125985024,-30.699650,79.531698,6.280317,0.181474,0.698934,-0.675455,-0.149393,0.965996,2
1608635207224985344,-30.925207,78.934410,6.278893,0.164290,0.702701,-0.678628,-0.136687,0.965996,2
1608635207356985600,-31.196511,78.140119,6.279778,0.143932,0.705319,-0.683504,-0.120960,0.965996,2
1608635207455985920,-31.403046,77.500449,6.279023,0.131921,0.706769,-0.686562,-0.108199,0.965996,2
1608635207554985984,-31.586249,76.859107,6.266175,0.121779,0.708717,-0.688433,-0.094605,0.965996,2
1608635207653986304,-31.768524,76.184663,6.283586,0.110972,0.711398,-0.689084,-0.082222,0.965996,2
1608635207752986624,-31.914287,75.495759,6.284959,0.099013,0.714347,-0.689050,-0.071518,0.965996,2
1608635207851986688,-32.040920,74.785586,6.290343,0.087650,0.716847,-0.688885,-0.062338,0.965996,2
1608635207983986944,-32.186878,73.824082,6.297125,0.074771,0.717285,-0.690741,-0.052801,0.965996,2
1608635208115987456,-32.321553,72.829471,6.299940,0.065603,0.718314,-0.691266,-0.043272,0.965996,2
1608635208247987712,-32.460788,71.821112,6.302759,0.058636,0.719523,-0.691143,-0.034200,0.965996,2
1608635208379987968,-32.553483,70.818378,6.306320,0.051888,0.721486,-0.689911,-0.028076,0.965996,2
1608635208478988288,-32.624353,70.055833,6.307584,0.047422,0.721535,-0.690289,-0.025278,0.965996,2
1608635208577988608,-32.679068,69.269510,6.307555,0.043252,0.721248,-0.690917,-0.023758,0.965996,2
1608635208709988864,-32.756768,68.230462,6.306973,0.039262,0.721298,-0.691166,-0.021839,0.965996,2
1608635208841989120,-32.828665,67.194838,6.311202,0.036592,0.721652,-0.691009,-0.019638,0.965996,2
1608635208940989184,-32.883130,66.399030,6.313584,0.035047,0.721067,-0.691749,-0.017801,0.965996,2
1608635209072989696,-32.947640,65.339629,6.326596,0.032494,0.720241,-0.692775,-0.016109,0.965996,2
1608635209204989952,-33.002875,64.281328,6.327233,0.030318,0.720759,-0.692381,-0.013976,0.965996,2
1608635209336990208,-33.064199,63.194955,6.336696,0.028543,0.722137,-0.691070,-0.011202,0.965996,2
1608635209468990464,-33.122880,62.110669,6.344934,0.027314,0.722014,-0.691293,-0.008027,0.965996,2
1608635209600990976,-33.165138,61.057149,6.343447,0.024922,0.721137,-0.692320,-0.005748,0.965996,2
1608635209732991232,-33.194139,59.992490,6.356656,0.021770,0.720664,-0.692927,-0.004669,0.965996,2
1608635209864991488,-33.218147,58.911912,6.361006,0.019397,0.722365,-0.691235,-0.002486,0.965996,2
1608635209996991744,-33.238164,57.845425,6.383671,0.017716,0.722934,-0.690690,-0.000377,0.965996,2
1608635210161992192,-33.251932,56.520094,6.385083,0.013992,0.724156,-0.689494,-0.000075,0.965996,2
1608635210293992448,-33.260155,55.469704,6.373003,0.012740,0.725977,-0.687599,0.001644,0.965996,2
1608635210425992960,-33.267541,54.437545,6.373572,0.011997,0.727465,-0.686032,0.003272,0.965996,2
1608635210590993152,-33.279015,53.185887,6.388272,0.010549,0.725837,-0.687770,0.004747,0.965996,2
1608635210722993408,-33.269279,52.220699,6.377107,0.009096,0.723650,-0.690082,0.005832,0.965996,2
1608635210854993920,-33.264222,51.265437,6.382379,0.007285,0.723544,-0.690211,0.006367,0.965996,2
1608635211019994368,-33.255404,50.096730,6.401585,0.006129,0.722798,-0.690976,0.008852,0.965996,2
1608635211184994560,-33.240970,48.966543,6.412686,0.003407,0.723001,-0.690714,0.013127,0.965996,2
1608635211349995008,-33.192334,47.866523,6.423350,-0.002499,0.724945,-0.688570,0.017880,0.965996,2
1608635211481995264,-33.144130,47.002774,6.425814,-0.008210,0.727823,-0.685263,0.024922,0.965996,2
1608635211646995712,-33.053631,45.972905,6.432900,-0.017650,0.727276,-0.685178,0.035895,0.965996,2
1608635211811996160,-32.926713,45.003475,6.429409,-0.030049,0.723765,-0.687837,0.046266,0.965996,2
1608635211976996608,-32.762876,44.052477,6.431655,-0.042886,0.722353,-0.687880,0.056475,0.965996,2
1608635212141996800,-32.579466,43.123947,6.450313,-0.053886,0.721631,-0.686758,0.068619,0.965996,2
1608635212306997248,-32.381701,42.233849,6.458123,-0.066269,0.719637,-0.686041,0.084140,0.965996,2
1608635212471997696,-32.127797,41.393566,6.460216,-0.082303,0.717448,-0.684458,0.100061,0.965996,2
1608635212636998144,-31.826319,40.583512,6.469225,-0.101607,0.715902,-0.680823,0.116793,0.965996,2
1608635212801998592,-31.500014,39.806767,6.468285,-0.121101,0.712867,-0.677239,0.136021,0.965996,2
1608635212966998784,-31.120780,39.064217,6.476789,-0.142110,0.708717,-0.672909,0.157222,0.965996,2
1608635213131999232,-30.704468,38.363308,6.482011,-0.164738,0.703314,-0.667177,0.181895,0.965996,2
1608635213263999744,-30.335575,37.834867,6.483031,-0.185198,0.698044,-0.661635,0.201682,0.965996,2
1608635213396000000,-29.929361,37.345429,6.485936,-0.207897,0.691803,-0.655068,0.221525,0.965996,2
1608635213528000256,-29.486206,36.890703,6.494532,-0.230921,0.684485,-0.647943,0.241509,0.965996,2
1608635213660000512,-29.034775,36.471473,6.506045,-0.253496,0.676342,-0.639367,0.263649,0.965996,2
1608635213759000832,-28.679007,36.180746,6.514366,-0.270309,0.669168,-0.632699,0.280784,0.965996,2
1608635213858000896,-28.312222,35.917248,6.515216,-0.287632,0.661185,-0.625457,0.298172,0.965996,2
1608635213957001216,-27.937663,35.678173,6.516204,-0.306157,0.652432,-0.617253,0.315592,0.965996,2
1608635214056001536,-27.542892,35.466266,6.518223,-0.325125,0.643095,-0.608068,0.333130,0.965996,2
1608635214155001856,-27.146717,35.286671,6.524580,-0.344612,0.632759,-0.597698,0.351590,0.965996,2
1608635214254001920,-26.735541,35.125676,6.527872,-0.364643,0.621455,-0.587101,0.368974,0.965996,2
1608635214353002240,-26.312394,35.003009,6.532727,-0.384800,0.609121,-0.576210,0.385853,0.965996,2
1608635214452002304,-25.886711,34.906258,6.537522,-0.405361,0.596096,-0.564387,0.402267,0.965996,2
1608635214551002624,-25.452315,34.841235,6.542970,-0.425893,0.582454,-0.551350,0.418779,0.965996,2
1608635214650002944,-25.024407,34.795855,6.542171,-0.445420,0.568936,-0.536303,0.436225,0.965996,2
1608635214749003008,-24.588327,34.777219,6.539292,-0.464271,0.555289,-0.519754,0.453832,0.965996,2
1608635214848003328,-24.147194,34.786276,6.539830,-0.483571,0.541214,-0.502237,0.470111,0.965996,2
1608635214947003648,-23.716260,34.830403,6.538369,-0.502479,0.526228,-0.484442,0.485710,0.965996,2
1608635215046003712,-23.288193,34.906133,6.538116,-0.520827,0.510449,-0.466379,0.500671,0.965996,2
1608635215145004032,-22.863442,35.009477,6.536380,-0.538613,0.493382,-0.448275,0.515286,0.965996,2
1608635215244004352,-22.449418,35.141588,6.529843,-0.554876,0.475183,-0.430061,0.530435,0.965996,2
1608635215343004416,-22.049081,35.296915,6.521575,-0.569783,0.455835,-0.411382,0.546193,0.965996,2
1608635215442004736,-21.649134,35.483248,6.507364,-0.584274,0.436793,-0.391095,0.561142,0.965996,2
1608635215541005056,-21.265528,35.699132,6.495514,-0.599003,0.416752,-0.370129,0.574907,0.965996,2
1608635215640005120,-20.887638,35.945774,6.485157,-0.613622,0.396526,-0.348122,0.587406,0.965996,2
1608635215739005440,-20.523156,36.225243,6.475528,-0.627882,0.375324,-0.326333,0.598668,0.965996,2
1608635215838005760,-20.176244,36.534899,6.468551,-0.640900,0.353233,-0.304734,0.609599,0.965996,2
1608635215937005824,-19.843948,36.868839,6.462041,-0.652667,0.331052,-0.282958,0.619972,0.965996,2
1608635216036006144,-19.537063,37.227847,6.452805,-0.662845,0.308043,-0.261480,0.630376,0.965996,2
1608635216135006464,-19.243855,37.610461,6.440013,-0.671684,0.285224,-0.239837,0.640286,0.965996,2
1608635216234006528,-18.967190,38.022204,6.431364,-0.679489,0.262046,-0.218383,0.649566,0.965996,2
1608635216333006848,-18.714813,38.456922,6.422820,-0.687032,0.239143,-0.196653,0.657362,0.965996,2
1608635216432007168,-18.495560,38.912493,6.413497,-0.694504,0.215954,-0.174871,0.663662,0.965996,2
1608635216531007232,-18.289889,39.399302,6.404678,-0.701465,0.192204,-0.154149,0.668761,0.965996,2
1608635216630007552,-18.108076,39.912198,6.393929,-0.707359,0.168863,-0.135321,0.672917,0.965996,2
1608635216729007872,-17.945188,40.445211,6.387216,-0.711599,0.148409,-0.117473,0.676611,0.965996,2
1608635216828007936,-17.794507,40.995142,6.383703,-0.714564,0.130704,-0.100158,0.679914,0.965996,2
1608635216927008256,-17.659700,41.560902,6.378786,-0.717255,0.115349,-0.083180,0.682144,0.965996,2
1608635217026008576,-17.542840,42.149324,6.375600,-0.718922,0.101138,-0.068681,0.684256,0.965996,2
1608635217125008640,-17.447565,42.755211,6.369761,-0.719584,0.087462,-0.057476,0.686473,0.965996,2
1608635217257009152,-17.337890,43.591888,6.357692,-0.720135,0.071582,-0.045130,0.688655,0.965996,2
1608635217389009408,-17.248973,44.447213,6.350307,-0.720303,0.060202,-0.035113,0.690149,0.965996,2
1608635217521009664,-17.154474,45.343020,6.345979,-0.720193,0.052565,-0.028026,0.691211,0.965996,2
1608635217653009920,-17.067988,46.267376,6.348138,-0.720787,0.047381,-0.022886,0.691157,0.965996,2
1608635217785010432,-17.000123,47.207156,6.344379,-0.721752,0.043435,-0.019491,0.690512,0.965996,2
1608635217917010688,-16.924448,48.176917,6.340273,-0.723196,0.040822,-0.016307,0.689243,0.965996,2
1608635218049010944,-16.857149,49.167127,6.338214,-0.723265,0.038363,-0.013655,0.689369,0.965996,2
1608635218181011200,-16.789121,50.182378,6.331900,-0.723337,0.036598,-0.010845,0.689440,0.965996,2
1608635218313011456,-16.729138,51.206963,6.320885,-0.724453,0.034769,-0.008492,0.688394,0.965996,2
1608635218445011968,-16.679474,52.250027,6.316194,-0.726487,0.032694,-0.008252,0.686353,0.965996,2
1608635218577012224,-16.622721,53.311653,6.303436,-0.727978,0.031890,-0.006879,0.684823,0.965996,2
1608635218709012480,-16.566680,54.374041,6.292228,-0.726621,0.030950,-0.005679,0.686318,0.965996,2
1608635218808012800,-16.538494,55.166666,6.282538,-0.724884,0.029787,-0.005937,0.688201,0.965996,2
1608635218940013056,-16.494721,56.245993,6.273223,-0.724127,0.027832,-0.006915,0.689071,0.965996,2
1608635219072013312,-16.449173,57.338880,6.269971,-0.726675,0.026759,-0.006974,0.686425,0.965996,2
1608635219171013632,-16.414101,58.161623,6.267815,-0.727928,0.026444,-0.006527,0.685112,0.965996,2
1608635219270013952,-16.377144,58.986974,6.260680,-0.727616,0.026253,-0.005914,0.685457,0.965996,2
1608635219402014208,-16.337669,60.072650,6.250495,-0.725434,0.025237,-0.005976,0.687802,0.965996,2
1608635219534014464,-16.293531,61.176982,6.238332,-0.724603,0.025126,-0.005312,0.688688,0.965996,2
1608635219666014720,-16.244233,62.273598,6.244936,-0.724603,0.025189,-0.004136,0.688693,0.965996,2
1608635219798014976,-16.204332,63.372656,6.249378,-0.724590,0.024628,-0.003754,0.688729,0.965996,2
1608635219930015488,-16.169851,64.463953,6.243122,-0.725692,0.023937,-0.003446,0.687594,0.965996,2
1608635220062015744,-16.128947,65.556976,6.239177,-0.727817,0.023716,-0.002584,0.685357,0.965996,2
1608635220194016000,-16.094838,66.646254,6.234162,-0.729171,0.022992,-0.002821,0.683939,0.965996,2
1608635220326016256,-16.061448,67.707911,6.219390,-0.728506,0.022439,-0.002740,0.684666,0.965996,2
1608635220458016768,-16.020957,68.757919,6.208432,-0.728348,0.022255,-0.002030,0.684842,0.965996,2
1608635220590017024,-16.000989,69.785065,6.201717,-0.728560,0.022109,-0.001206,0.684624,0.965996,2
1608635220722017280,-15.977122,70.796070,6.195480,-0.727897,0.021200,-0.000277,0.685359,0.965996,2
1608635220854017536,-15.948789,71.787851,6.194270,-0.727294,0.020434,0.001339,0.686020,0.965996,2
1608635220986017792,-15.935498,72.753867,6.193954,-0.729618,0.018297,0.003524,0.683601,0.965996,2
1608635221118018304,-15.930812,73.707955,6.189287,-0.732292,0.015585,0.006413,0.680782,0.965996,2
1608635221250018560,-15.939172,74.612639,6.192657,-0.733048,0.011794,0.010615,0.679992,0.965996,2
1608635221382018816,-15.958944,75.476373,6.171072,-0.730686,0.007606,0.015712,0.682491,0.965996,2
1608635221514019072,-15.993263,76.298266,6.160881,-0.728419,0.002666,0.021720,0.684783,0.965996,2
1608635221646019584,-16.037861,77.099197,6.168992,-0.727701,-0.003738,0.028860,0.685276,0.965996,2
1608635221811019776,-16.120559,78.059522,6.169494,-0.725718,-0.013517,0.039638,0.686717,0.965996,2
1608635221976020224,-16.244584,78.975890,6.166944,-0.725634,-0.025526,0.051024,0.685712,0.965996,2
1608635222141020672,-16.396376,79.857111,6.170869,-0.725743,-0.038191,0.062740,0.684034,0.965996,2
1608635222339021056,-16.614871,80.845642,6.169182,-0.725016,-0.054903,0.080804,0.681768,0.965996,2
1608635222537021696,-16.886574,81.764196,6.176579,-0.722721,-0.075505,0.100497,0.679613,0.965996,2
1608635222702022144,-17.154846,82.480916,6.178344,-0.718263,-0.095909,0.120221,0.678562,0.965996,2
1608635222867022336,-17.468059,83.159594,6.178385,-0.713018,-0.118795,0.143102,0.676028,0.965996,2
1608635222999022848,-17.756933,83.677157,6.183223,-0.709551,-0.139722,0.162107,0.671369,0.965996,2
1608635223131023104,-18.082059,84.178027,6.189581,-0.705510,-0.161394,0.181468,0.665790,0.965996,2
1608635223263023360,-18.431599,84.644134,6.193728,-0.700102,-0.183436,0.203140,0.659502,0.965996,2
1608635223395023616,-19.026956,85.066512,6.191977,-0.693701,-0.204400,0.224896,0.653009,0.965996,2
1608635223527023872,-19.214407,85.489628,6.198727,-0.685367,-0.229327,0.249340,0.644601,0.965996,2
1608635223659024128,-19.647205,85.861164,6.203823,-0.676236,-0.254687,0.271711,0.635620,0.965996,2
1608635223791024640,-20.109892,86.197266,6.206267,-0.665862,-0.279210,0.294961,0.625834,0.965996,2
1608635223923024896,-20.595695,86.501810,6.211277,-0.654674,-0.303156,0.318107,0.615066,0.965996,2
1608635224055025152,-21.127237,86.764058,6.217444,-0.642837,-0.326624,0.339864,0.603796,0.965996,2
1608635224187025408,-21.641858,86.996964,6.230192,-0.628670,-0.351900,0.362650,0.591122,0.965996,2
1608635224319025920,-22.189973,87.182413,6.235378,-0.614238,-0.375596,0.384860,0.577514,0.965996,2
1608635224451026176,-22.752618,87.335745,6.240538,-0.599590,-0.398829,0.406399,0.562376,0.965996,2
1608635224550026496,-23.193178,87.423211,6.245077,-0.588528,-0.416526,0.421425,0.550038,0.965996,2
1608635224682026752,-23.786415,87.499364,6.246439,-0.573394,-0.440266,0.440349,0.532427,0.965996,2
1608635224814027008,-24.390176,87.529616,6.250155,-0.557218,-0.462901,0.459799,0.513629,0.965996,2
1608635224913027328,-24.840813,87.527373,6.250555,0.543997,0.478939,-0.475053,-0.499008,0.965996,2
1608635225012027392,-25.284966,87.492183,6.258127,0.530052,0.495285,-0.490055,-0.483304,0.965996,2
1608635225111027712,-25.737626,87.425462,6.267329,0.514884,0.511603,-0.504968,-0.467081,0.965996,2
1608635225210028032,-26.184099,87.330968,6.266639,0.498337,0.527058,-0.520492,-0.450510,0.965996,2
1608635225309028096,-26.625692,87.207700,6.263073,0.480538,0.541868,-0.536126,-0.433625,0.965996,2
1608635225408028416,-27.052974,87.056250,6.260922,0.461343,0.557320,-0.550517,-0.416520,0.965996,2
1608635225540028672,-27.611459,86.794012,6.257371,0.435646,0.578210,-0.567768,-0.391823,0.965996,2
1608635225639028992,-28.021838,86.564824,6.259113,0.415958,0.592818,-0.580393,-0.372411,0.965996,2
1608635225738029312,-28.418373,86.312668,6.257265,0.396134,0.606115,-0.593078,-0.352081,0.965996,2
1608635225837029376,-28.799636,86.036303,6.259556,0.375650,0.619136,-0.604972,-0.331009,0.965996,2
1608635225936029696,-29.162943,85.732486,6.260823,0.354755,0.631499,-0.615838,-0.310001,0.965996,2
1608635226035030016,-29.508744,85.396089,6.261948,0.332442,0.643652,-0.625874,-0.288922,0.965996,2
1608635226134030080,-29.826868,85.030408,6.263423,0.309189,0.654264,-0.635963,-0.268127,0.965996,2
1608635226233030400,-30.128731,84.640443,6.262298,0.285562,0.663089,-0.646390,-0.246875,0.965996,2
1608635226332030720,-30.406565,84.234507,6.257353,0.262454,0.670651,-0.656244,-0.225141,0.965996,2
1608635226431030784,-30.674188,83.801477,6.256713,0.239850,0.678198,-0.664532,-0.202277,0.965996,2
1608635226530031104,-30.918081,83.339581,6.259912,0.217318,0.685827,-0.671008,-0.179338,0.965996,2
1608635226629031424,-31.138093,82.846666,6.266551,0.195022,0.692546,-0.676477,-0.157245,0.965996,2
1608635226728031488,-31.328923,82.329896,6.270338,0.172183,0.698527,-0.680985,-0.136649,0.965996,2
1608635226827031808,-31.490848,81.790505,6.271889,0.149018,0.703681,-0.684586,-0.118190,0.965996,2
1608635226926032128,-31.627819,81.226867,6.270419,0.128024,0.708180,-0.686973,-0.100797,0.965996,2
1608635227025032192,-31.750470,80.641503,6.272494,0.110004,0.712048,-0.688174,-0.085458,0.965996,2
1608635227124032512,-31.866140,80.039653,6.274123,0.095768,0.714606,-0.689218,-0.071730,0.965996,2
1608635227256032768,-32.004205,79.213375,6.278029,0.079858,0.716775,-0.690325,-0.057515,0.965996,2
1608635227388033024,-32.121484,78.363739,6.278784,0.067443,0.717068,-0.692232,-0.045609,0.965996,2
1608635227487033344,-32.196895,77.712035,6.276414,0.058875,0.716752,-0.693930,-0.035502,0.965996,2
1608635227586033664,-32.260504,77.046012,6.275629,0.050058,0.717390,-0.694407,-0.025369,0.965996,2
1608635227718033920,-32.309573,76.127559,6.282984,0.037999,0.718723,-0.694039,-0.017446,0.965996,2
1608635227850034176,-32.330877,75.177173,6.291337,0.028728,0.720922,-0.692254,-0.015188,0.965996,2
1608635227982034432,-32.373354,74.218188,6.293952,0.024751,0.720777,-0.692636,-0.011112,0.965996,2
1608635228114034944,-32.418120,73.235773,6.300620,0.024214,0.719988,-0.693539,-0.005834,0.965996,2
1608635228246035200,-32.460084,72.225049,6.296928,0.023294,0.719823,-0.693759,-0.003183,0.965996,2
1608635228345035520,-32.480298,71.452830,6.298348,0.021710,0.720319,-0.693293,-0.003633,0.965996,2
1608635228477035776,-32.504994,70.404327,6.302363,0.020138,0.721440,-0.692167,-0.004930,0.965996,2
1608635228576035840,-32.530313,69.606049,6.307507,0.020611,0.720922,-0.692689,-0.005331,0.965996,2
1608635228675036160,-32.560364,68.796963,6.305705,0.021347,0.720710,-0.692885,-0.005701,0.965996,2
1608635228807036416,-32.604312,67.700715,6.308364,0.022020,0.720991,-0.692566,-0.006335,0.965996,2
1608635228906036736,-32.630278,66.867980,6.316871,0.021909,0.721110,-0.692433,-0.007499,0.965996,2
1608635229005036800,-32.663735,66.033592,6.315368,0.022342,0.720831,-0.692700,-0.008391,0.965996,2
1608635229137037312,-32.707208,64.915918,6.326087,0.022959,0.721130,-0.692355,-0.009408,0.965996,2
1608635229269037568,-32.760150,63.800925,6.332751,0.024312,0.722040,-0.691354,-0.009834,0.965996,2
1608635229401037824,-32.821265,62.686818,6.343223,0.026282,0.723027,-0.690256,-0.009408,0.965996,2
1608635229533038080,-32.879890,61.588042,6.349782,0.027441,0.722198,-0.691070,-0.009944,0.965996,2
1608635229665038592,-32.937468,60.495189,6.348322,0.027526,0.721205,-0.692088,-0.010966,0.965996,2
1608635229797038848,-32.993390,59.399348,6.352843,0.027588,0.721852,-0.691391,-0.012145,0.965996,2
1608635229929039104,-33.051971,58.315164,6.366945,0.028633,0.723049,-0.690090,-0.012487,0.965996,2
1608635230061039360,-33.112792,57.229770,6.369283,0.028767,0.722832,-0.690309,-0.012679,0.965996,2
1608635230193039616,-33.164194,56.156674,6.370189,0.028371,0.723777,-0.689323,-0.013250,0.965996,2
1608635230358040064,-33.238951,54.817532,6.372493,0.028784,0.725740,-0.687248,-0.012749,0.965996,2
1608635230490040576,-33.295465,53.762933,6.376095,0.028809,0.725744,-0.687257,-0.011948,0.965996,2
1608635230655040768,-33.359957,52.481392,6.372444,0.027643,0.723570,-0.689628,-0.009736,0.965996,2
1608635230787041024,-33.402557,51.479231,6.381706,0.025478,0.723715,-0.689585,-0.007779,0.965996,2
1608635230919041536,-33.436627,50.500394,6.390330,0.022977,0.724158,-0.689238,-0.004411,0.965996,2
1608635231084041728,-33.459480,49.326448,6.409635,0.018387,0.723784,-0.689781,0.001213,0.965996,2
1608635231249042176,-33.447593,48.199022,6.413052,0.010807,0.725297,-0.688297,0.008633,0.965996,2
1608635231381042688,-33.425467,47.325037,6.415393,0.003823,0.727224,-0.686147,0.018247,0.965996,2
1608635231513042944,-33.371351,46.476635,6.430634,-0.005744,0.728348,-0.684624,0.027688,0.965996,2
1608635231678043392,-33.255204,45.463810,6.435225,-0.020543,0.726107,-0.686111,0.039977,0.965996,2
1608635231843043584,-33.103726,44.489026,6.428549,-0.035948,0.723698,-0.686959,0.055275,0.965996,2
1608635231975043840,-32.959778,43.733214,6.435387,-0.048798,0.722865,-0.685810,0.068924,0.965996,2
1608635232140044288,-32.729399,42.834829,6.447250,-0.067545,0.720566,-0.684600,0.086864,0.965996,2
1608635232272044800,-32.509699,42.145070,6.451456,-0.083866,0.717140,-0.684279,0.102169,0.965996,2
1608635232404045056,-32.261190,41.473599,6.453384,-0.100423,0.714131,-0.682344,0.119743,0.965996,2
1608635232536045312,-31.977206,40.815467,6.459140,-0.119212,0.712032,-0.677980,0.138358,0.965996,2
1608635232668045568,-31.655775,40.182534,6.468609,-0.139352,0.709642,-0.672364,0.157845,0.965996,2
1608635232800046080,-31.298806,39.586882,6.473136,-0.161559,0.705808,-0.666407,0.177863,0.965996,2
1608635232932046336,-30.907930,39.036020,6.478755,-0.184011,0.699871,-0.660476,0.200227,0.965996,2
1608635233064046592,-30.491699,38.522350,6.482628,-0.207006,0.692879,-0.653630,0.223238,0.965996,2
1608635233196046848,-30.044824,38.050481,6.483506,-0.230848,0.684872,-0.646316,0.244818,0.965996,2
1608635233328047104,-29.563045,37.623825,6.487206,-0.255032,0.675597,-0.638379,0.266459,0.965996,2
1608635233460047616,-29.069018,37.233837,6.492459,-0.278783,0.666183,-0.628454,0.289008,0.965996,2
1608635233592047872,-28.551746,36.882838,6.502911,-0.303367,0.655762,-0.617231,0.311401,0.965996,2
1608635233691048192,-28.146045,36.657085,6.505742,-0.321967,0.646299,-0.608868,0.328503,0.965996,2
1608635233790048256,-27.739842,36.462809,6.510912,-0.341161,0.636219,-0.600005,0.344716,0.965996,2
1608635233889048576,-27.328124,36.297902,6.516266,-0.360081,0.625431,-0.590583,0.361095,0.965996,2
1608635233988048896,-26.908468,36.153111,6.517383,-0.378551,0.614244,-0.580310,0.377682,0.965996,2
1608635234087048960,-26.481095,36.031229,6.517240,-0.396805,0.602461,-0.569227,0.394420,0.965996,2
1608635234186049280,-26.053858,35.937937,6.520913,-0.414987,0.590206,-0.557673,0.410419,0.965996,2
1608635234285049600,-25.626248,35.878358,6.523072,-0.433427,0.577044,-0.545455,0.426191,0.965996,2
1608635234384049664,-25.194113,35.844396,6.523631,-0.451307,0.563630,-0.531540,0.442842,0.965996,2
1608635234483049984,-24.756312,35.831826,6.523425,-0.469456,0.550118,-0.515498,0.459612,0.965996,2
1608635234582050048,-24.316674,35.846159,6.520750,-0.487459,0.535825,-0.497810,0.476929,0.965996,2
1608635234681050624,-23.875978,35.894842,6.520831,-0.505948,0.520037,-0.479461,0.493654,0.965996,2
1608635234780050688,-23.436635,35.984435,6.519578,-0.524670,0.502376,-0.461530,0.509244,0.965996,2
1608635234879051008,-22.999663,36.106927,6.517673,-0.543078,0.484133,-0.442701,0.524116,0.965996,2
1608635234978051328,-22.567486,36.263744,6.509265,-0.560155,0.465324,-0.422914,0.539299,0.965996,2
1608635235077051392,-22.140201,36.441373,6.500570,-0.576411,0.445656,-0.402367,0.554295,0.965996,2
1608635235176051712,-21.718358,36.650472,6.490493,-0.591936,0.426386,-0.380244,0.568525,0.965996,2
1608635235275052032,-21.307603,36.892689,6.481619,-0.607308,0.406242,-0.358456,0.581080,0.965996,2
1608635235374052096,-20.908927,37.174474,6.470697,-0.621977,0.385188,-0.337967,0.592075,0.965996,2
1608635235473052416,-20.526094,37.487707,6.462552,-0.635212,0.363355,-0.317451,0.603078,0.965996,2
1608635235572052736,-20.155112,37.828057,6.454090,-0.646807,0.341578,-0.296557,0.614019,0.965996,2
1608635235671052800,-19.799667,38.189836,6.447489,-0.656640,0.320217,-0.274427,0.625279,0.965996,2
1608635235770053120,-19.454255,38.581813,6.434480,-0.665084,0.298500,-0.252558,0.636220,0.965996,2
1608635235869053440,-19.132501,39.005745,6.423251,-0.673124,0.275773,-0.231795,0.645852,0.965996,2
1608635235968053504,-18.835939,39.467063,6.415092,-0.681748,0.253140,-0.211000,0.653161,0.965996,2
1608635236034053632,-18.651573,39.791977,6.407266,-0.687338,0.237613,-0.197507,0.657342,0.965996,2
1608635236100053760,-18.473829,40.128737,6.399637,-0.692604,0.222328,-0.183456,0.661222,0.965996,2
1608635236199054080,-18.223417,40.644343,6.386995,-0.699177,0.200659,-0.160358,0.667213,0.965996,2
1608635236298054400,-17.992324,41.202331,6.382798,-0.705387,0.179185,-0.136064,0.672167,0.965996,2
1608635236364054528,-17.857036,41.587708,6.382747,-0.709063,0.164507,-0.120545,0.675008,0.965996,2
1608635236463054848,-17.686058,42.184997,6.377811,-0.713236,0.142063,-0.100454,0.678985,0.965996,2
1608635236562054912,-17.553449,42.801146,6.370677,-0.715586,0.120327,-0.084946,0.682819,0.965996,2
1608635236661055232,-17.442133,43.440476,6.359951,-0.716696,0.102209,-0.071839,0.686105,0.965996,2
1608635236760055552,-17.339172,44.093878,6.353431,-0.717495,0.087959,-0.060999,0.688290,0.965996,2
1608635236892055808,-17.196543,44.988347,6.350661,-0.718198,0.074859,-0.045858,0.690279,0.965996,2
1608635236991055872,-17.094861,45.688001,6.351587,-0.718782,0.066875,-0.035444,0.691103,0.965996,2
1608635237090056192,-17.012232,46.401885,6.353223,-0.719728,0.059125,-0.026919,0.691210,0.965996,2
1608635237189056512,-16.961248,47.134387,6.346843,-0.720730,0.050948,-0.021057,0.691021,0.965996,2
1608635237321056768,-16.906416,48.148701,6.341660,-0.722450,0.041153,-0.015388,0.690025,0.965996,2
1608635237453057024,-16.857566,49.184320,6.341168,-0.722925,0.034692,-0.011463,0.689960,0.965996,2
1608635237585057280,-16.801392,50.243984,6.333910,-0.723096,0.031842,-0.006811,0.689979,0.965996,2
1608635237684057600,-16.759357,51.047371,6.324382,-0.723210,0.030754,-0.003973,0.689931,0.965996,2
1608635237783057920,-16.722487,51.878428,6.316208,-0.724704,0.028699,-0.003009,0.688456,0.965996,2
1608635237882057984,-16.701484,52.718871,6.308516,-0.726702,0.027458,-0.002083,0.686401,0.965996,2
1608635238014058496,-16.666760,53.849511,6.299478,-0.727096,0.026466,-0.000998,0.686025,0.965996,2
1608635238146058752,-16.625595,54.984454,6.284949,-0.725199,0.024714,-0.000804,0.688096,0.965996,2
1608635238278059008,-16.595299,56.125895,6.268309,-0.724401,0.023060,-0.000868,0.688993,0.965996,2
1608635238377059328,-16.571855,57.000184,6.263963,-0.726451,0.021918,-0.000038,0.686868,0.965996,2
1608635238509059584,-16.543495,58.168328,6.268053,-0.729196,0.020582,-0.000201,0.683995,0.965996,2
1608635238608059904,-16.523836,59.035065,6.266394,-0.729300,0.019812,0.000427,0.683907,0.965996,2
1608635238707059968,-16.505569,59.884738,6.252065,-0.727276,0.018620,0.000500,0.686092,0.965996,2
1608635238839060480,-16.486606,61.007131,6.236818,-0.725450,0.017934,0.000613,0.688041,0.965996,2
1608635238938060544,-16.465973,61.855503,6.237523,-0.724620,0.018129,0.001201,0.688909,0.965996,2
1608635239070060800,-16.438164,62.989734,6.246827,-0.724236,0.018507,0.001116,0.689303,0.965996,2
1608635239202061312,-16.415114,64.118844,6.246583,-0.725298,0.018490,0.000853,0.688186,0.965996,2
1608635239301061376,-16.395458,64.963314,6.242384,-0.727002,0.018689,0.001184,0.686380,0.965996,2
1608635239400061696,-16.374752,65.811256,6.239489,-0.728717,0.018857,0.001018,0.684555,0.965996,2
1608635239532061952,-16.356356,66.923769,6.226154,-0.729004,0.018722,0.000188,0.684254,0.965996,2
1608635239631062272,-16.336494,67.744781,6.220382,-0.727858,0.018428,-0.000318,0.685480,0.965996,2
1608635239730062592,-16.316722,68.573018,6.208706,-0.727208,0.018632,-0.000299,0.686165,0.965996,2
1608635239862062848,-16.291851,69.665318,6.198884,-0.727082,0.018906,-0.000227,0.686290,0.965996,2
1608635239994063104,-16.264319,70.743384,6.201484,-0.727261,0.019549,-0.000158,0.686083,0.965996,2
1608635240126063360,-16.232214,71.803930,6.203770,-0.726963,0.019931,0.001328,0.686386,0.965996,2
1608635240258063616,-16.212688,72.843078,6.196861,-0.729285,0.018842,0.005008,0.683932,0.965996,2
1608635240390064128,-16.207439,73.867166,6.188710,-0.732522,0.015292,0.010665,0.680488,0.965996,2
1608635240522064384,-16.232576,74.841676,6.189124,-0.733226,0.008941,0.017262,0.679707,0.965996,2
1608635240654064640,-16.279520,75.761096,6.173272,-0.730450,0.001375,0.024716,0.682518,0.965996,2
1608635240786065152,-16.345188,76.648431,6.170924,-0.728268,-0.007143,0.033870,0.684418,0.965996,2
1608635240918065408,-16.436798,77.501604,6.164694,-0.727298,-0.017061,0.045834,0.684577,0.965996,2
1608635241050065664,-16.555696,78.311958,6.167779,-0.726044,-0.030038,0.061193,0.684262,0.965996,2
1608635241182065920,-16.716313,79.091974,6.163477,-0.725059,-0.046227,0.077916,0.682702,0.965996,2
1608635241314066176,-16.920334,79.832916,6.172674,-0.723577,-0.065806,0.095178,0.680476,0.965996,2
1608635241446066432,-17.169814,80.540005,6.174650,-0.720984,-0.086535,0.113826,0.678040,0.965996,2
1608635241578066944,-17.447910,81.196077,6.177802,-0.717725,-0.107288,0.133731,0.674890,0.965996,2
1608635241710067200,-17.758505,81.831491,6.185709,-0.713446,-0.129041,0.155078,0.671040,0.965996,2
1608635241842067456,-18.113652,82.421019,6.190103,-0.707883,-0.151881,0.177350,0.666619,0.965996,2
1608635241974067712,-18.505651,82.979740,6.195591,-0.701755,-0.175604,0.200515,0.660679,0.965996,2
1608635242106068224,-18.925230,83.506405,6.201627,-0.695174,-0.200811,0.224107,0.652828,0.965996,2
1608635242238068480,-19.390127,83.980513,6.207941,-0.687434,-0.226169,0.247110,0.644374,0.965996,2
1608635242370068736,-19.690962,84.423411,6.218534,-0.677984,-0.250902,0.269303,0.636288,0.965996,2
1608635242502068992,-20.391361,84.828650,6.216400,-0.667891,-0.274155,0.290759,0.627869,0.965996,2
1608635242634069504,-20.941033,85.200901,6.222340,-0.657686,-0.296277,0.312160,0.618243,0.965996,2
1608635242766069760,-21.466641,85.545916,6.232747,-0.647997,-0.317126,0.331834,0.607797,0.965996,2
1608635242898070016,-22.100720,85.844538,6.239243,-0.637033,-0.340371,0.351810,0.595455,0.965996,2
1608635243030070272,-22.712751,86.099136,6.246660,-0.624813,-0.362664,0.371927,0.582884,0.965996,2
1608635243162070528,-23.329121,86.314770,6.252296,-0.611732,-0.384652,0.392612,0.568932,0.965996,2
1608635243261070848,-23.813005,86.439864,6.253129,-0.601652,-0.402155,0.408359,0.556354,0.965996,2
1608635243393071104,-24.469348,86.573855,6.256686,-0.587027,-0.425946,0.428282,0.539021,0.965996,2
1608635243492071424,-24.956283,86.628112,6.258145,-0.574364,-0.443430,0.442494,0.526948,0.965996,2
1608635243591071744,-25.453460,86.653397,6.258566,-0.561035,-0.460408,0.456847,0.514348,0.965996,2
1608635243690071808,-25.958652,86.666191,6.261586,-0.547011,-0.476464,0.472264,0.500726,0.965996,2
1608635243789072128,-26.458040,86.641564,6.260616,0.532741,0.490968,-0.488379,-0.486439,0.965996,2
1608635243888072448,-26.964972,86.582098,6.256872,0.517711,0.506042,-0.503356,-0.471731,0.965996,2
1608635243987072512,-27.470394,86.490004,6.255462,0.501860,0.522006,-0.516823,-0.456663,0.965996,2
1608635244086072832,-27.973234,86.373367,6.257843,0.485608,0.537685,-0.529706,-0.441013,0.965996,2
1608635244185073152,-28.478746,86.223389,6.255267,0.468932,0.552366,-0.542568,-0.424987,0.965996,2
1608635244284073216,-28.974893,86.037545,6.253585,0.451974,0.566283,-0.555761,-0.407643,0.965996,2
1608635244383073536,-29.465015,85.833513,6.252782,0.435181,0.579285,-0.568341,-0.389916,0.965996,2
1608635244482073856,-29.942049,85.593291,6.254296,0.417622,0.591845,-0.580006,-0.372698,0.965996,2
1608635244581073920,-30.410102,85.316834,6.256656,0.399190,0.603281,-0.591425,-0.356252,0.965996,2
1608635244680074240,-30.862400,85.014607,6.260337,0.380928,0.613883,-0.602058,-0.339952,0.965996,2
1608635244779074560,-31.305012,84.693063,6.255687,0.363103,0.623758,-0.611877,-0.323557,0.965996,2
1608635244878074624,-31.735509,84.341941,6.254317,0.346194,0.633141,-0.620291,-0.307442,0.965996,2
1608635245010074880,-32.288611,83.839402,6.255327,0.324779,0.645592,-0.628513,-0.287578,0.965996,2
1608635245142075392,-32.823373,83.294110,6.256321,0.304734,0.657325,-0.634781,-0.268541,0.965996,2
1608635245274075648,-33.329881,82.736669,6.258769,0.287621,0.665994,-0.641492,-0.249429,0.965996,2
1608635245406075904,-33.811958,82.160925,6.257393,0.271298,0.671920,-0.649493,-0.230391,0.965996,2
1608635245538076160,-34.245116,81.556507,6.257066,0.252260,0.677651,-0.656704,-0.214228,0.965996,2
1608635245670076672,-34.649079,80.919124,6.253575,0.232483,0.684223,-0.662078,-0.198606,0.965996,2
1608635245802076928,-35.041520,80.261259,6.250669,0.215586,0.691384,-0.665585,-0.180300,0.965996,2
1608635245934077184,-35.389584,79.586687,6.263945,0.199686,0.697842,-0.668397,-0.162444,0.965996,2
1608635246066077440,-35.702614,78.902328,6.268343,0.182272,0.702278,-0.672174,-0.147527,0.965996,2
1608635246198077952,-35.974393,78.210465,6.260084,0.164965,0.704233,-0.677166,-0.135238,0.965996,2
1608635246330078208,-36.230423,77.510961,6.261157,0.151485,0.704668,-0.681928,-0.124380,0.965996,2
1608635246462078464,-36.486167,76.802648,6.260809,0.141839,0.706746,-0.683363,-0.115787,0.965996,2
1608635246594078720,-36.727964,76.080642,6.266363,0.134027,0.709901,-0.682890,-0.108346,0.965996,2
1608635246726079232,-36.946420,75.361816,6.272370,0.126141,0.712833,-0.682391,-0.101489,0.965996,2
1608635246891079424,-37.196909,74.476120,6.286384,0.115560,0.713229,-0.685011,-0.093333,0.965996,2
1608635247056079872,-37.413288,73.593168,6.285950,0.103995,0.712992,-0.687877,-0.087474,0.965996,2
1608635247188080384,-37.581894,72.879162,6.281726,0.098403,0.715100,-0.687264,-0.081346,0.965996,2
1608635247320080640,-37.748020,72.167654,6.281028,0.094504,0.718810,-0.684629,-0.075259,0.965996,2
1608635247452080896,-37.894134,71.464826,6.295487,0.088516,0.722956,-0.681483,-0.071283,0.965996,2
1608635247584081152,-38.013728,70.785390,6.300208,0.082681,0.722815,-0.682864,-0.066323,0.965996,2
1608635247716081408,-38.134671,70.129694,6.285447,0.077061,0.720417,-0.686714,-0.059035,0.965996,2
1608635247848081920,-38.256501,69.464721,6.278015,0.073021,0.719694,-0.688519,-0.051469,0.965996,2
1608635247947081984,-38.332988,68.955873,6.281496,0.068485,0.720822,-0.688070,-0.047813,0.965996,2
1608635248046082304,-38.392671,68.449309,6.291300,0.063365,0.721418,-0.688147,-0.044663,0.965996,2
1608635248145082624,-38.443695,67.950495,6.298362,0.057883,0.720965,-0.689306,-0.041425,0.965996,2
1608635248244082688,-38.494946,67.457427,6.298482,0.053310,0.719483,-0.691426,-0.037845,0.965996,2
1608635248343083008,-38.545250,66.968002,6.290168,0.050290,0.718496,-0.692874,-0.034062,0.965996,2
1608635248508083456,-38.614130,66.122777,6.285949,0.042786,0.723399,-0.688384,-0.031472,0.965996,2
1608635248607083520,-38.645048,65.586229,6.266450,0.038347,0.733028,-0.678472,-0.029578,0.965996,2
1608635248706083840,-38.671465,65.032402,6.236950,0.034786,0.746066,-0.664386,-0.027694,0.965996,2
1608635248805084160,-38.713645,64.479326,6.185505,0.033496,0.759221,-0.649497,-0.024789,0.965996,2
1608635248904084224,-38.741323,63.919536,6.137516,0.032011,0.770215,-0.636617,-0.021512,0.965996,2
1608635249003084544,-38.772649,63.368813,6.103759,0.028599,0.777901,-0.627416,-0.020033,0.965996,2
1608635249102084864,-38.784276,62.825207,6.053656,0.025789,0.780314,-0.624589,-0.018278,0.965996,2
1608635249201084928,-38.806335,62.292409,5.965502,0.023193,0.778100,-0.627515,-0.015725,0.965996,2
1608635249267085056,-38.820538,61.941617,5.898493,0.021615,0.775689,-0.630604,-0.013380,0.965996,2
1608635249366085376,-38.844476,61.384843,5.794800,0.019858,0.773938,-0.632883,-0.009220,0.965996,2
1608635249465085696,-38.852443,60.815771,5.705536,0.017514,0.775492,-0.631071,-0.007356,0.965996,2
1608635249564085760,-38.851253,60.241064,5.621672,0.013882,0.778737,-0.627150,-0.007685,0.965996,2
1608635249663086080,-38.858370,59.678112,5.536453,0.011853,0.780041,-0.625581,-0.006598,0.965996,2
1608635249729086208,-38.866784,59.313281,5.474800,0.011605,0.779261,-0.626571,-0.005140,0.965996,2
1608635249795086336,-38.874058,58.955147,5.430566,0.011415,0.777823,-0.628364,-0.004417,0.965996,2
1608635249894086656,-38.887191,58.432494,5.349858,0.012456,0.774357,-0.632621,-0.002400,0.965996,2
1608635249960086784,-38.894625,58.093867,5.299351,0.012738,0.771823,-0.635708,-0.001351,0.965996,2
1608635250026086912,-38.897360,57.754638,5.249436,0.012543,0.769965,-0.637962,-0.000894,0.965996,2
1608635250125087232,-38.891539,57.249078,5.184063,0.011189,0.768683,-0.639529,-0.001739,0.965996,2
1608635250191087360,-38.890578,56.915791,5.140095,0.010251,0.769091,-0.639054,-0.002095,0.965996,2
1608635250290087680,-38.888780,56.401346,5.069994,0.009084,0.770215,-0.637714,-0.002582,0.965996,2
1608635250356087808,-38.890843,56.065617,5.020680,0.009049,0.771157,-0.636577,-0.002273,0.965996,2
1608635250455088128,-38.902533,55.561555,4.942314,0.009903,0.773001,-0.634328,-0.000707,0.965996,2
1608635250521088256,-38.910274,55.228716,4.901892,0.010291,0.774234,-0.632815,0.000028,0.965996,2
1608635250620088320,-38.916981,54.732195,4.840024,0.011958,0.776071,-0.630527,0.002270,0.965996,2
1608635250719088640,-38.916404,54.242416,4.783912,0.011471,0.777225,-0.629115,0.002065,0.965996,2
1608635250818088960,-38.908277,53.764597,4.705181,0.010144,0.778166,-0.627976,0.001110,0.965996,2
1608635250917089024,-38.898559,53.292062,4.636531,0.007923,0.778557,-0.627523,-0.000436,0.965996,2
1608635251016089344,-38.898484,52.830129,4.561675,0.006885,0.778522,-0.627579,-0.000812,0.965996,2
1608635251115089664,-38.900376,52.371442,4.498335,0.007814,0.778156,-0.628022,0.000520,0.965996,2
1608635251214089728,-38.908164,51.923716,4.442681,0.008357,0.778133,-0.628042,0.001566,0.965996,2
1608635251280089856,-38.913673,51.635453,4.399014,0.008715,0.778166,-0.627995,0.002113,0.965996,2
1608635251379090176,-38.916135,51.206999,4.328288,0.008514,0.777086,-0.629334,0.001783,0.965996,2
1608635251478090496,-38.912495,50.797278,4.257551,0.007372,0.775400,-0.631427,0.000905,0.965996,2
1608635251577090560,-38.905359,50.388971,4.192179,0.006000,0.773932,-0.633240,0.000098,0.965996,2
1608635251676090880,-38.901443,49.984805,4.134732,0.005742,0.773441,-0.633843,0.000021,0.965996,2
1608635251775091200,-38.907375,49.584689,4.084186,0.005743,0.774334,-0.632751,0.000520,0.965996,2
1608635251874091264,-38.909357,49.196427,4.041674,0.005538,0.774444,-0.632618,0.000592,0.965996,2
1608635251973091584,-38.908938,48.815882,3.989129,0.006411,0.773029,-0.634337,0.001414,0.965996,2
1608635252072091904,-38.906019,48.442401,3.930358,0.006260,0.771747,-0.635896,0.001722,0.965996,2
1608635252171091968,-38.909074,48.069156,3.869990,0.007113,0.771014,-0.636771,0.003121,0.965996,2
1608635252270092288,-38.915145,47.702896,3.821617,0.007216,0.770890,-0.636919,0.003268,0.965996,2
1608635252369092608,-38.918584,47.338982,3.771809,0.008231,0.770554,-0.637306,0.004425,0.965996,2
1608635252468092672,-38.919470,46.981161,3.716354,0.008637,0.769535,-0.638525,0.005205,0.965996,2
1608635252567092992,-38.906994,46.635922,3.670543,0.007995,0.767762,-0.640668,0.004677,0.965996,2
1608635252666093312,-38.899727,46.293623,3.637805,0.006613,0.765754,-0.643088,0.003825,0.965996,2
1608635252765093376,-38.903353,45.958847,3.611214,0.006264,0.763450,-0.645818,0.004915,0.965996,2
1608635252864093696,-38.904383,45.640593,3.584342,0.007019,0.760891,-0.648811,0.006354,0.965996,2
1608635252963094016,-38.909433,45.324339,3.544479,0.008775,0.758431,-0.651639,0.008474,0.965996,2
1608635253095094272,-38.913202,44.917230,3.496680,0.008935,0.756282,-0.654107,0.010095,0.965996,2
1608635253227094528,-38.906890,44.534971,3.459259,0.007434,0.754093,-0.656645,0.010307,0.965996,2
1608635253359094784,-38.894613,44.164915,3.426546,0.005691,0.751482,-0.659648,0.010348,0.965996,2
1608635253491095296,-38.882703,43.824503,3.416385,0.004444,0.748301,-0.663255,0.010885,0.965996,2
1608635253623095552,-38.861935,43.495700,3.403822,0.003105,0.744914,-0.667046,0.011962,0.965996,2
1608635253755095808,-38.853437,43.170246,3.403325,0.001847,0.741172,-0.671165,0.014042,0.965996,2
1608635253920096256,-38.842637,42.774144,3.389554,0.001177,0.736939,-0.675745,0.016984,0.965996,2
1608635254052096512,-38.852656,42.475387,3.375713,-0.000141,0.734703,-0.678135,0.018560,0.965996,2
1608635254217096960,-38.799730,42.188517,3.364679,-0.002584,0.732639,-0.680341,0.019225,0.965996,2
1608635254382097408,-38.771233,41.915825,3.354364,-0.004751,0.729978,-0.683161,0.020024,0.965996,2
1608635254580097792,-38.759880,41.608571,3.331840,-0.006194,0.725946,-0.687346,0.022789,0.965996,2
1608635254976098816,-38.715326,41.058980,3.324107,-0.012105,0.724277,-0.688867,0.027177,0.965996,2
1608635255537100032,-38.648233,40.437913,3.329926,-0.020744,0.722663,-0.690086,0.033314,0.965996,2
1608635256098101504,-38.556991,39.811427,3.333292,-0.029712,0.720857,-0.691095,0.043256,0.965996,2
1608635256560102400,-38.436833,39.163493,3.337821,-0.042726,0.719893,-0.690361,0.057718,0.965996,2
1608635256890103040,-38.299374,38.622431,3.341589,-0.059248,0.717978,-0.689467,0.075053,0.965996,2
1608635257154103808,-38.137465,38.151013,3.342671,-0.077706,0.714857,-0.688441,0.094816,0.965996,2
1608635257385104384,-37.939133,37.710154,3.350917,-0.100631,0.711158,-0.686187,0.115216,0.965996,2
1608635257583104768,-37.737805,37.305371,3.358164,-0.122594,0.706928,-0.682785,0.137942,0.965996,2
1608635257748105216,-37.532284,36.964295,3.366519,-0.141134,0.703190,-0.678349,0.159526,0.965996,2
1608635257913105664,-37.291555,36.617518,3.370376,-0.163215,0.697993,-0.673413,0.180779,0.965996,2
1608635258078105856,-37.011975,36.270999,3.375526,-0.187125,0.691880,-0.667576,0.201565,0.965996,2
1608635258210106368,-36.763305,35.993457,3.380816,-0.206746,0.686061,-0.662450,0.218487,0.965996,2
1608635258342106624,-36.491369,35.732600,3.388934,-0.226303,0.679908,-0.656203,0.236453,0.965996,2
1608635258474106880,-36.201426,35.464341,3.396102,-0.245611,0.673610,-0.648525,0.255615,0.965996,2
1608635258573107200,-35.968704,35.270636,3.399873,-0.260005,0.668549,-0.642137,0.270370,0.965996,2
1608635258672107264,-35.720338,35.085046,3.404452,-0.274672,0.662791,-0.635792,0.284661,0.965996,2
1608635258804107776,-35.368193,34.850265,3.411138,-0.294222,0.654311,-0.627308,0.302976,0.965996,2
1608635258936108032,-34.993163,34.631096,3.417852,-0.313795,0.645212,-0.618368,0.320709,0.965996,2
1608635259068108288,-34.596881,34.425228,3.426964,-0.332925,0.635462,-0.609129,0.338098,0.965996,2
1608635259200108544,-34.179845,34.239525,3.431376,-0.351163,0.625194,-0.598941,0.356491,0.965996,2
1608635259332108800,-33.744299,34.068825,3.435621,-0.368949,0.614403,-0.588131,0.374817,0.965996,2
1608635259464109312,-33.285858,33.926197,3.442221,-0.387593,0.603387,-0.576838,0.391094,0.965996,2
1608635259596109568,-32.816886,33.809024,3.449281,-0.406477,0.591616,-0.565509,0.406160,0.965996,2
1608635259728109824,-32.314533,33.712426,3.451466,-0.424148,0.579546,-0.554053,0.421012,0.965996,2
1608635259827110144,-31.940942,33.656893,3.457928,-0.436579,0.570452,-0.545204,0.432129,0.965996,2
1608635259926110208,-31.547369,33.603741,3.461117,-0.448205,0.561836,-0.535923,0.442988,0.965996,2
1608635260058110720,-31.019281,33.559067,3.470105,-0.463403,0.550397,-0.523660,0.456181,0.965996,2
1608635260157110784,-30.616372,33.545318,3.475905,-0.474810,0.541815,-0.514443,0.465124,0.965996,2
1608635260289111040,-30.069154,33.536867,3.479796,-0.488868,0.529307,-0.502723,0.477611,0.965996,2
1608635260421111552,-29.542145,33.576986,3.476670,-0.500932,0.516840,-0.491126,0.490651,0.965996,2
1608635260553111808,-28.994998,33.627501,3.479433,-0.513029,0.504443,-0.479622,0.502296,0.965996,2
1608635260685112064,-28.439560,33.700821,3.486524,-0.524714,0.492361,-0.469143,0.512016,0.965996,2
1608635260850112512,-27.750822,33.817803,3.495875,-0.536588,0.477666,-0.458060,0.523535,0.965996,2
1608635260982112768,-27.191374,33.927629,3.498167,-0.544332,0.467667,-0.449456,0.531959,0.965996,2
1608635261081113088,-26.769716,34.015863,3.502762,-0.549890,0.461562,-0.442069,0.537733,0.965996,2
1608635261246113536,-26.063825,34.191727,3.511148,-0.559841,0.451641,-0.429142,0.546293,0.965996,2
1608635261411113728,-25.363966,34.416683,3.515900,-0.571382,0.440643,-0.415622,0.553728,0.965996,2
1608635261576114176,-24.662826,34.671357,3.519993,-0.583843,0.429057,-0.399986,0.561291,0.965996,2
1608635261708114432,-24.118141,34.896579,3.521122,-0.593486,0.419015,-0.386336,0.568283,0.965996,2
1608635261840114944,-23.581288,35.154575,3.520986,-0.603248,0.407583,-0.372578,0.575459,0.965996,2
1608635261972115200,-23.064000,35.433600,3.516065,-0.612591,0.394234,-0.359011,0.583458,0.965996,2
1608635262104115456,-22.552476,35.744360,3.501927,-0.621266,0.379365,-0.345137,0.592445,0.965996,2
1608635262269115904,-21.945370,36.147100,3.492400,-0.631704,0.361167,-0.324967,0.604074,0.965996,2
1608635262368116224,-21.586171,36.414341,3.486471,-0.638306,0.350437,-0.311840,0.610340,0.965996,2
1608635262467116544,-21.240433,36.706100,3.478838,-0.645180,0.339204,-0.299711,0.615514,0.965996,2
1608635262566116608,-20.917052,37.005473,3.478664,-0.652399,0.326557,-0.287968,0.620331,0.965996,2
1608635262665116928,-20.601266,37.324897,3.473355,-0.658625,0.313365,-0.276942,0.625554,0.965996,2
1608635262764117248,-20.294621,37.653102,3.467808,-0.663728,0.300715,-0.264925,0.631546,0.965996,2
1608635262863117312,-19.989808,37.990694,3.461140,-0.668041,0.289030,-0.251185,0.638036,0.965996,2
1608635262962117632,-19.703224,38.334803,3.455026,-0.672049,0.277823,-0.237263,0.644105,0.965996,2
1608635263028117760,-19.525122,38.564897,3.448783,-0.675108,0.269489,-0.228692,0.647538,0.965996,2
1608635263094117888,-19.331850,38.828619,3.444629,-0.678472,0.260143,-0.221789,0.650239,0.965996,2
1608635263193118208,-19.108108,39.209189,3.444667,-0.684597,0.244639,-0.211538,0.653247,0.965996,2
1608635263292118272,-18.884105,39.601117,3.437665,-0.690167,0.229870,-0.200457,0.656237,0.965996,2
1608635263424118784,-18.625328,40.081261,3.411495,-0.695697,0.212634,-0.183140,0.661250,0.965996,2
1608635263556119040,-18.343776,40.602451,3.399022,-0.700872,0.197033,-0.163636,0.665718,0.965996,2
1608635263688119296,-18.070052,41.231079,3.414611,-0.707553,0.179917,-0.145734,0.667653,0.965996,2
1608635263820119552,-17.861122,41.808784,3.406386,-0.713083,0.160671,-0.131360,0.669658,0.965996,2
1608635263952119808,-17.680123,42.407398,3.390130,-0.716331,0.142687,-0.115652,0.673153,0.965996,2
1608635264051120128,-17.547171,42.856999,3.379630,-0.717679,0.130695,-0.102727,0.676242,0.965996,2
1608635264183120384,-17.396777,43.449036,3.375318,-0.719213,0.115852,-0.086348,0.679599,0.965996,2
1608635264315120896,-17.263830,44.092368,3.370099,-0.721102,0.100472,-0.072730,0.681636,0.965996,2
1608635264414120960,-17.184790,44.566273,3.365749,-0.721565,0.089166,-0.064041,0.683588,0.965996,2
1608635264513121280,-17.118313,45.032339,3.362570,-0.721085,0.079298,-0.055865,0.686023,0.965996,2
1608635264612121600,-17.050734,45.510997,3.358237,-0.720215,0.071505,-0.048121,0.688376,0.965996,2
1608635264711121664,-16.991324,45.989229,3.357629,-0.719658,0.065141,-0.041796,0.690002,0.965996,2
1608635264843122176,-16.931277,46.624201,3.360135,-0.720235,0.058271,-0.035140,0.690385,0.965996,2
1608635264942122240,-16.868317,47.138431,3.354076,-0.720892,0.053572,-0.031680,0.690247,0.965996,2
1608635265041122560,-16.821984,47.636146,3.352759,-0.722192,0.050429,-0.028259,0.689273,0.965996,2
1608635265173122816,-16.757492,48.313235,3.349476,-0.724708,0.047279,-0.024388,0.686999,0.965996,2
1608635265305123072,-16.703504,48.972113,3.348684,-0.726118,0.045045,-0.021422,0.685758,0.965996,2
1608635265437123328,-16.642581,49.667101,3.342874,-0.726096,0.042970,-0.020067,0.685956,0.965996,2
1608635265536123648,-16.601258,50.173647,3.340423,-0.726333,0.041695,-0.018914,0.685817,0.965996,2
1608635265635123968,-16.558998,50.688474,3.331923,-0.725668,0.040917,-0.017860,0.686595,0.965996,2
1608635265734124288,-16.525772,51.194210,3.325415,-0.724499,0.040797,-0.016798,0.687862,0.965996,2
1608635265833124352,-16.482014,51.725079,3.321227,-0.724060,0.040089,-0.016370,0.688377,0.965996,2
1608635265932124672,-16.444517,52.251715,3.320627,-0.724024,0.038862,-0.016273,0.688487,0.965996,2
1608635266064124928,-16.399943,52.963369,3.316757,-0.723496,0.037440,-0.016649,0.689112,0.965996,2
1608635266229125376,-16.328200,53.851785,3.309877,-0.722335,0.037197,-0.015483,0.690368,0.965996,2
1608635266361125632,-16.277602,54.577074,3.308764,-0.722626,0.037095,-0.014746,0.690086,0.965996,2
1608635266493125888,-16.223806,55.321908,3.308906,-0.723524,0.035849,-0.015095,0.689203,0.965996,2
1608635266658126336,-16.163140,56.276007,3.303121,-0.725364,0.034612,-0.014772,0.687336,0.965996,2
1608635266790126592,-16.110765,57.033407,3.296766,-0.726325,0.033758,-0.013967,0.686380,0.965996,2
1608635266922127104,-16.071052,57.790712,3.292336,-0.726983,0.032545,-0.013250,0.685756,0.965996,2
1608635267054127360,-16.021151,58.578230,3.289290,-0.726566,0.031907,-0.011893,0.686253,0.965996,2
1608635267153127424,-15.991781,59.129648,3.284335,-0.725516,0.031085,-0.010805,0.687418,0.965996,2
1608635267252127744,-15.957388,59.719410,3.276989,-0.724670,0.030276,-0.009460,0.688366,0.965996,2
1608635267351128064,-15.933875,60.305930,3.272928,-0.724351,0.029103,-0.008891,0.688760,0.965996,2
1608635267483128320,-15.900195,61.103090,3.270217,-0.724558,0.027877,-0.007696,0.688607,0.965996,2
1608635267615128576,-15.864628,61.880388,3.269199,-0.725032,0.026285,-0.006160,0.688185,0.965996,2
1608635267714128896,-15.840830,62.467495,3.270147,-0.724732,0.025381,-0.004888,0.688546,0.965996,2
1608635267846129152,-15.813684,63.248033,3.267879,-0.724238,0.023713,-0.003798,0.689132,0.965996,2
1608635267978129408,-15.790973,64.036146,3.259535,-0.725229,0.022272,-0.002528,0.688143,0.965996,2
1608635268110129664,-15.767050,64.837731,3.253141,-0.726777,0.020280,-0.001639,0.686572,0.965996,2
1608635268242130176,-15.756430,65.645741,3.248326,-0.728201,0.018184,-0.001455,0.685121,0.965996,2
1608635268407130368,-15.739839,66.629698,3.246027,-0.727732,0.017194,0.000852,0.685645,0.965996,2
1608635268572130816,-15.716975,67.610418,3.227223,-0.725739,0.016262,0.004453,0.687764,0.965996,2
1608635268770131456,-15.722510,68.749091,3.230644,-0.724829,0.011682,0.008364,0.688779,0.965996,2
1608635268935131648,-15.741117,69.710118,3.224691,-0.725780,0.006504,0.012012,0.687791,0.965996,2
1608635269133132288,-15.775335,70.816633,3.227305,-0.725918,0.001451,0.018455,0.687533,0.965996,2
1608635269232132352,-15.799853,71.368798,3.226017,-0.727168,-0.001047,0.023285,0.686064,0.965996,2
1608635269430132992,-15.873661,72.392360,3.218347,-0.729162,-0.009872,0.032332,0.683505,0.965996,2
1608635269628133376,-15.991853,73.440824,3.207002,-0.729697,-0.022673,0.040173,0.682213,0.965996,2
1608635269826133760,-16.120184,74.423750,3.203588,-0.728845,-0.032765,0.050393,0.682035,0.965996,2
1608635270024134400,-16.276130,75.411216,3.191784,-0.725619,-0.041372,0.061856,0.684061,0.965996,2
1608635270222134784,-16.471085,76.349198,3.187541,-0.724139,-0.054023,0.074914,0.683441,0.965996,2
1608635270387135232,-16.672523,77.078017,3.182777,-0.721979,-0.067549,0.086993,0.683092,0.965996,2
1608635270552135680,-16.889757,77.811197,3.184158,-0.718591,-0.083236,0.100789,0.683037,0.965996,2
1608635270717135872,-17.145139,78.510712,3.188336,-0.715183,-0.099514,0.115469,0.682112,0.965996,2
1608635270882136320,-17.423798,79.196943,3.192462,-0.712982,-0.114974,0.134001,0.678588,0.965996,2
1608635271047136768,-17.738262,79.846194,3.191275,-0.711521,-0.131720,0.154433,0.672710,0.965996,2
1608635271212137216,-18.102855,80.482241,3.189835,-0.709465,-0.153643,0.172393,0.665833,0.965996,2
1608635271344137472,-18.419488,80.946177,3.188436,-0.706732,-0.172651,0.186667,0.660210,0.965996,2
1608635271476137728,-18.759939,81.392640,3.190975,-0.702625,-0.190306,0.203629,0.654703,0.965996,2
1608635271608138240,-19.096532,81.825168,3.187785,-0.696675,-0.206957,0.224263,0.649245,0.965996,2
1608635271740138496,-19.466224,82.229961,3.182200,-0.689649,-0.224531,0.244637,0.643523,0.965996,2
1608635271872138752,-19.861579,82.595333,3.180073,-0.682510,-0.244276,0.262468,0.636883,0.965996,2
1608635272004139008,-20.288928,82.953719,3.182285,-0.674119,-0.264884,0.280214,0.629984,0.965996,2
1608635272136139264,-20.718075,83.278433,3.180141,-0.665061,-0.284622,0.299522,0.622070,0.965996,2
1608635272235139584,-21.063842,83.510217,3.189764,-0.658375,-0.298807,0.314353,0.615173,0.965996,2
1608635272334139904,-21.403148,83.714231,3.191335,-0.651445,-0.313309,0.328852,0.607711,0.965996,2
1608635272433139968,-21.761896,83.902345,3.195974,-0.643813,-0.328236,0.343313,0.599918,0.965996,2
1608635272532140288,-22.121807,84.079884,3.200186,-0.634867,-0.343111,0.358320,0.592305,0.965996,2
1608635272631140608,-22.483633,84.238260,3.201731,-0.624477,-0.358186,0.373371,0.585086,0.965996,2
1608635272730140672,-22.860929,84.352656,3.209657,-0.613349,-0.375236,0.386695,0.577466,0.965996,2
1608635272829140992,-23.242492,84.462206,3.210702,-0.601981,-0.392795,0.399515,0.568963,0.965996,2
1608635272961141248,-23.771896,84.582983,3.214500,-0.588518,-0.414568,0.417487,0.554514,0.965996,2
1608635273060141568,-24.182957,84.649715,3.214331,-0.579350,-0.429730,0.430855,0.542264,0.965996,2
1608635273159141888,-24.581464,84.700120,3.212494,-0.570110,-0.444383,0.444169,0.529350,0.965996,2
1608635273258141952,-24.998139,84.730522,3.223471,-0.560443,-0.459888,0.456207,0.516025,0.965996,2
1608635273357142272,-25.403227,84.733044,3.231423,-0.550506,-0.475656,0.467412,0.502214,0.965996,2
1608635273456142592,-25.808234,84.708277,3.231620,0.538883,0.490788,-0.478524,-0.489640,0.965996,2
1608635273555142656,-26.215770,84.663665,3.228044,0.525333,0.504172,-0.491706,-0.477557,0.965996,2
1608635273654142976,-26.607717,84.593550,3.213162,0.510339,0.516889,-0.505713,-0.465440,0.965996,2
1608635273786143232,-27.146883,84.480222,3.204553,0.491543,0.534041,-0.523151,-0.446654,0.965996,2
1608635273918143488,-27.674494,84.323714,3.207634,0.473390,0.551699,-0.538104,-0.426584,0.965996,2
1608635274017143808,-28.063908,84.186306,3.210717,0.459149,0.564364,-0.549350,-0.410962,0.965996,2
1608635274116144128,-28.452174,84.025979,3.205287,0.444523,0.576083,-0.560683,-0.395175,0.965996,2
1608635274215144192,-28.827377,83.843896,3.201049,0.428714,0.587458,-0.571854,-0.379579,0.965996,2
1608635274314144512,-29.191584,83.634581,3.196914,0.412294,0.598390,-0.582592,-0.364046,0.965996,2
1608635274413144832,-29.535648,83.414932,3.196556,0.395442,0.609024,-0.592971,-0.347995,0.965996,2
1608635274512144896,-29.878659,83.166702,3.192880,0.378260,0.619207,-0.602914,-0.331659,0.965996,2
1608635274611145216,-30.213324,82.894382,3.187758,0.360910,0.629101,-0.612164,-0.315011,0.965996,2
1608635274710145536,-30.518684,82.611998,3.187436,0.342821,0.638518,-0.620976,-0.298592,0.965996,2
1608635274809145600,-30.818705,82.305814,3.185776,0.324599,0.647378,-0.629389,-0.281792,0.965996,2
1608635274908145920,-31.112045,81.989512,3.186582,0.306170,0.655547,-0.637658,-0.264407,0.965996,2
1608635275007146240,-31.383893,81.646081,3.181859,0.287465,0.663605,-0.645365,-0.245962,0.965996,2
1608635275106146304,-31.639115,81.286678,3.181783,0.268398,0.671302,-0.652248,-0.227790,0.965996,2
1608635275205146624,-31.882212,80.909204,3.183291,0.248960,0.678442,-0.658478,-0.210102,0.965996,2
1608635275304146944,-32.096834,80.512743,3.178654,0.228524,0.685555,-0.663775,-0.192855,0.965996,2
1608635275403147008,-32.297863,80.099819,3.178293,0.208697,0.692684,-0.668042,-0.174225,0.965996,2
1608635275502147328,-32.481949,79.674507,3.177315,0.190274,0.699120,-0.671662,-0.154587,0.965996,2
1608635275601147648,-32.643528,79.236325,3.181205,0.172302,0.704512,-0.674901,-0.135954,0.965996,2
1608635275700147712,-32.793468,78.783576,3.180926,0.154706,0.708762,-0.678131,-0.117727,0.965996,2
1608635275799148032,-32.911017,78.323526,3.182293,0.136234,0.712309,-0.680996,-0.101488,0.965996,2
1608635275898148352,-33.003316,77.860039,3.181640,0.118754,0.714787,-0.683774,-0.086200,0.965996,2
1608635275997148416,-33.081813,77.384085,3.178844,0.102513,0.716230,-0.686537,-0.071918,0.965996,2
1608635276096148736,-33.151486,76.900053,3.177466,0.088231,0.717111,-0.688838,-0.058897,0.965996,2
1608635276195149056,-33.214310,76.389482,3.174814,0.075330,0.718022,-0.690322,-0.047176,0.965996,2
1608635276294149120,-33.254355,75.895253,3.176823,0.063412,0.718717,-0.691427,-0.036791,0.965996,2
1608635276360149504,-33.279930,75.550536,3.178888,0.056583,0.718812,-0.692222,-0.030599,0.965996,2
1608635276426149632,-33.302421,75.201865,3.180749,0.050279,0.718680,-0.693054,-0.025444,0.965996,2
1608635276492149760,-33.323951,74.849710,3.179810,0.044326,0.718425,-0.693860,-0.021412,0.965996,2
1608635276558149888,-33.336140,74.494523,3.182961,0.039330,0.718191,-0.694503,-0.017880,0.965996,2
1608635276624150016,-33.351526,74.136671,3.182594,0.035133,0.717869,-0.695142,-0.014365,0.965996,2
1608635276690150144,-33.364790,73.771828,3.184228,0.031428,0.717729,-0.695522,-0.011281,0.965996,2
1608635276756150528,-33.373900,73.408382,3.185984,0.028006,0.718144,-0.695273,-0.008925,0.965996,2
1608635276888150784,-33.388615,72.663985,3.191230,0.023023,0.719757,-0.693831,-0.004262,0.965996,2
1608635277020151040,-33.406334,71.890994,3.197083,0.018824,0.721554,-0.692101,0.001152,0.965996,2
1608635277152151296,-33.403041,71.141611,3.205315,0.014376,0.721927,-0.691801,0.005096,0.965996,2
1608635277251151616,-33.392544,70.555521,3.204021,0.010324,0.721681,-0.692126,0.005658,0.965996,2
1608635277350151936,-33.380837,69.970848,3.203603,0.007598,0.721089,-0.692777,0.005725,0.965996,2
1608635277449152000,-33.376920,69.363192,3.202874,0.006540,0.720464,-0.693429,0.006673,0.965996,2
1608635277548152320,-33.379896,68.753807,3.207661,0.006905,0.720337,-0.693537,0.008526,0.965996,2
1608635277647152640,-33.379322,68.139541,3.214603,0.007435,0.720101,-0.693767,0.009353,0.965996,2
1608635277746152704,-33.377330,67.523462,3.220980,0.007199,0.719480,-0.694420,0.008780,0.965996,2
1608635277845153024,-33.364863,66.897115,3.226283,0.006270,0.718630,-0.695321,0.007787,0.965996,2
1608635277944153088,-33.361854,66.264917,3.232474,0.005516,0.717619,-0.696376,0.007296,0.965996,2
1608635278043153408,-33.356657,65.628256,3.240999,0.005771,0.717100,-0.696909,0.007234,0.965996,2
1608635278175153664,-33.356331,64.759903,3.250364,0.006514,0.718338,-0.695626,0.007260,0.965996,2
1608635278274153984,-33.355201,64.102499,3.254444,0.006705,0.719833,-0.694078,0.007169,0.965996,2
1608635278373154304,-33.352045,63.438471,3.257947,0.006749,0.721573,-0.692272,0.006787,0.965996,2
1608635278472154368,-33.335680,62.779292,3.263135,0.006678,0.723200,-0.690579,0.006118,0.965996,2
1608635278571154688,-33.334505,62.106173,3.270297,0.006557,0.723645,-0.690117,0.005762,0.965996,2
1608635278670155008,-33.332190,61.423695,3.272056,0.006655,0.722793,-0.691008,0.005774,0.965996,2
1608635278769155072,-33.324347,60.730169,3.265328,0.007297,0.721711,-0.692130,0.006018,0.965996,2
1608635278868155392,-33.328115,60.051012,3.276471,0.007615,0.720877,-0.692996,0.005973,0.965996,2
1608635278967155712,-33.326155,59.355209,3.283022,0.008041,0.720512,-0.693371,0.005922,0.965996,2
1608635279066155776,-33.322827,58.659064,3.288528,0.008337,0.720344,-0.693543,0.005788,0.965996,2
1608635279165156096,-33.323437,57.957940,3.296199,0.008566,0.719998,-0.693900,0.005719,0.965996,2
1608635279231156224,-33.323883,57.492262,3.299820,0.008929,0.720310,-0.693570,0.005818,0.965996,2
1608635279330156544,-33.322541,56.796754,3.304589,0.009405,0.721251,-0.692584,0.005951,0.965996,2
1608635279429156864,-33.326222,56.097384,3.312045,0.009530,0.722094,-0.691704,0.005891,0.965996,2
1608635279561157120,-33.330875,55.175378,3.318056,0.009281,0.723146,-0.690612,0.005446,0.965996,2
1608635279693157376,-33.327292,54.247106,3.325300,0.009620,0.723422,-0.690315,0.005723,0.965996,2
1608635279825157632,-33.333736,53.313614,3.332178,0.010459,0.723442,-0.690281,0.005973,0.965996,2
1608635279924157952,-33.262080,52.435152,3.362541,0.014079,0.723613,-0.690057,0.002661,0.965996,2
1608635280023158272,-33.302286,51.887774,3.350642,0.011687,0.723059,-0.690672,0.004648,0.965996,2
1608635280155158528,-33.322154,51.073925,3.351953,0.009565,0.722681,-0.691088,0.006229,0.965996,2
1608635280287158784,-33.335334,50.213119,3.347539,0.008824,0.722232,-0.691544,0.008366,0.965996,2
1608635280386159104,-33.283566,49.556771,3.352531,0.008758,0.722173,-0.691598,0.009049,0.965996,2
1608635280518159360,-33.303358,48.667806,3.359694,0.007069,0.723102,-0.690617,0.011028,0.965996,2
1608635280650159616,-33.297842,47.842090,3.360233,0.004784,0.725092,-0.688524,0.012384,0.965996,2
1608635280782159872,-33.290268,47.028070,3.364291,0.002704,0.726780,-0.686698,0.015121,0.965996,2
1608635280914160384,-33.277582,46.249800,3.365390,0.000402,0.726691,-0.686710,0.018715,0.965996,2
1608635281046160640,-33.245428,45.470284,3.367548,-0.002957,0.725687,-0.687674,0.021771,0.965996,2
1608635281211161088,-33.190893,44.560427,3.373157,-0.007302,0.725039,-0.688111,0.027731,0.965996,2
1608635281376161280,-33.125597,43.681466,3.376460,-0.013082,0.724745,-0.687945,0.036112,0.965996,2
1608635281508161792,-33.060350,42.996606,3.381932,-0.020414,0.724754,-0.687321,0.043635,0.965996,2
1608635281640162048,-32.955139,42.366135,3.386274,-0.030301,0.723269,-0.688083,0.050048,0.965996,2
1608635281739162112,-32.872908,41.902674,3.392590,-0.037895,0.722026,-0.688515,0.056476,0.965996,2
1608635281838162432,-32.786565,41.452518,3.399988,-0.045354,0.721491,-0.687933,0.064358,0.965996,2
1608635282003162880,-32.625904,40.733102,3.403384,-0.058436,0.719264,-0.687564,0.080626,0.965996,2
1608635282168163328,-32.423348,40.046764,3.412058,-0.075462,0.716055,-0.686904,0.098658,0.965996,2
1608635282333163520,-32.161337,39.370323,3.428599,-0.098003,0.715504,-0.682020,0.115314,0.965996,2
1608635282498163968,-31.874622,38.741002,3.416969,-0.120144,0.711734,-0.678567,0.136184,0.965996,2
1608635282630164480,-31.616013,38.242642,3.397572,-0.139053,0.706740,-0.676252,0.154487,0.965996,2
1608635282762164736,-31.323846,37.778742,3.428211,-0.159502,0.702637,-0.671306,0.173807,0.965996,2
1608635282894164992,-31.002967,37.333574,3.437498,-0.181301,0.697373,-0.665814,0.193633,0.965996,2
1608635283026165248,-30.652132,36.909777,3.440560,-0.203526,0.690891,-0.659545,0.215053,0.965996,2
1608635283125165568,-30.372135,36.605782,3.444246,-0.220204,0.685420,-0.654133,0.231990,0.965996,2
1608635283224165888,-30.076201,36.314901,3.452215,-0.236874,0.679730,-0.647806,0.249408,0.965996,2
1608635283323165952,-29.764191,36.035114,3.457544,-0.254413,0.673909,-0.640377,0.266529,0.965996,2
1608635283422166272,-29.434732,35.774781,3.462755,-0.272681,0.667293,-0.632645,0.283064,0.965996,2
1608635283521166592,-29.092188,35.557874,3.468481,-0.291451,0.659161,-0.625343,0.299181,0.965996,2
1608635283620166656,-28.736767,35.358283,3.473629,-0.309472,0.649974,-0.618044,0.315884,0.965996,2
1608635283719166976,-28.377568,35.163271,3.477715,-0.327046,0.640326,-0.609928,0.333183,0.965996,2
1608635283818167296,-28.009511,34.990450,3.484814,-0.344030,0.630960,-0.600501,0.350614,0.965996,2
1608635283917167360,-27.633868,34.823520,3.494238,-0.360749,0.621483,-0.590044,0.368059,0.965996,2
1608635284016167680,-27.251022,34.703837,3.498829,-0.377396,0.611342,-0.579326,0.384987,0.965996,2
1608635284115168000,-26.857407,34.605134,3.504047,-0.394482,0.600025,-0.568858,0.400943,0.965996,2
1608635284214168064,-26.456941,34.518342,3.509055,-0.411948,0.588137,-0.557885,0.416124,0.965996,2
1608635284313168384,-26.059747,34.456308,3.511922,-0.429826,0.575982,-0.545772,0.430846,0.965996,2
1608635284412168448,-25.649881,34.432471,3.515732,-0.447325,0.564002,-0.532535,0.445206,0.965996,2
1608635284511168768,-25.248592,34.430653,3.522918,-0.464749,0.551884,-0.517814,0.459675,0.965996,2
1608635284610169088,-24.831796,34.432474,3.525734,-0.482648,0.539223,-0.502196,0.473380,0.965996,2
1608635284709169152,-24.425061,34.473554,3.525463,-0.499718,0.525318,-0.486774,0.487211,0.965996,2
1608635284808169472,-24.019568,34.531073,3.524690,-0.516226,0.510186,-0.471566,0.500845,0.965996,2
1608635284940169728,-23.497325,34.662491,3.522572,-0.537247,0.488769,-0.450637,0.519034,0.965996,2
1608635285072170240,-22.974010,34.810004,3.522366,-0.557688,0.466915,-0.428048,0.536423,0.965996,2
1608635285204170496,-22.457542,35.002984,3.513170,-0.576056,0.443741,-0.404673,0.554520,0.965996,2
1608635285336170752,-21.955649,35.270201,3.502988,-0.593500,0.419839,-0.380067,0.571876,0.965996,2
1608635285435171072,-21.589937,35.490496,3.494418,-0.607096,0.401099,-0.361545,0.582958,0.965996,2
1608635285534171136,-21.230747,35.752034,3.490765,-0.620037,0.381669,-0.342684,0.593675,0.965996,2
1608635285633171456,-20.885089,36.034792,3.485063,-0.631915,0.361703,-0.322734,0.604728,0.965996,2
1608635285732171776,-20.549500,36.323004,3.479023,-0.642489,0.342494,-0.301648,0.615560,0.965996,2
1608635285831171840,-20.221953,36.648880,3.472144,-0.652558,0.322627,-0.280641,0.625556,0.965996,2
1608635285930172160,-19.918634,37.003972,3.461325,-0.662173,0.301755,-0.259816,0.634796,0.965996,2
1608635286029172480,-19.622563,37.381436,3.462583,-0.671193,0.280430,-0.238439,0.643432,0.965996,2
1608635286095172608,-19.451847,37.637623,3.456429,-0.676240,0.266556,-0.224394,0.649072,0.965996,2
1608635286161172736,-19.273000,37.912875,3.453799,-0.680827,0.252734,-0.210016,0.654594,0.965996,2
1608635286227172864,-19.114777,38.194262,3.447612,-0.685069,0.238865,-0.195657,0.659805,0.965996,2
1608635286293172992,-18.957663,38.493727,3.441608,-0.689266,0.224278,-0.182190,0.664394,0.965996,2
1608635286359173120,-18.818396,38.796976,3.437277,-0.693416,0.209088,-0.169528,0.668369,0.965996,2
1608635286458173184,-18.629709,39.272520,3.430881,-0.699910,0.185978,-0.151271,0.672796,0.965996,2
1608635286557173504,-18.452689,39.775615,3.429909,-0.705727,0.164264,-0.132976,0.676228,0.965996,2
1608635286656173824,-18.292149,40.296208,3.421778,-0.710686,0.145320,-0.114044,0.678824,0.965996,2
1608635286755173888,-18.142539,40.838283,3.417436,-0.714359,0.128776,-0.096862,0.680974,0.965996,2
1608635286854174208,-18.012433,41.409769,3.417210,-0.718030,0.113274,-0.083260,0.681667,0.965996,2
1608635286953174528,-17.907276,41.978965,3.410013,-0.721336,0.099131,-0.072704,0.681588,0.965996,2
1608635287052174592,-17.804558,42.576185,3.398198,-0.722742,0.087063,-0.064190,0.682601,0.965996,2
1608635287184175104,-17.673180,43.389603,3.383780,-0.722794,0.075292,-0.054013,0.684823,0.965996,2
1608635287283175168,-17.577083,44.005552,3.369181,-0.722527,0.069406,-0.046589,0.686271,0.965996,2
1608635287382175488,-17.483757,44.640648,3.365001,-0.722040,0.064756,-0.039905,0.687657,0.965996,2
1608635287481175552,-17.406874,45.280213,3.363773,-0.721152,0.060109,-0.033831,0.689335,0.965996,2
1608635287580175872,-17.347447,45.917556,3.364592,-0.720150,0.054527,-0.029107,0.691059,0.965996,2
1608635287679176192,-17.276781,46.600883,3.360951,-0.719752,0.049059,-0.024569,0.692060,0.965996,2
1608635287745176320,-17.244708,47.040184,3.363151,-0.720049,0.045938,-0.021114,0.692079,0.965996,2
1608635287844176640,-17.198490,47.702899,3.362467,-0.721708,0.041895,-0.015708,0.690750,0.965996,2
1608635287943176704,-17.152571,48.399588,3.358742,-0.724253,0.037729,-0.010994,0.688413,0.965996,2
1608635288042177024,-17.117729,49.079623,3.357890,-0.726643,0.033588,-0.006867,0.686159,0.965996,2
1608635288141177344,-17.091309,49.766095,3.355968,-0.727743,0.029752,-0.003335,0.685196,0.965996,2
1608635288240177408,-17.068744,50.457865,3.347784,-0.727260,0.026292,-0.000553,0.685858,0.965996,2
1608635288339177728,-17.058283,51.127477,3.336438,-0.725540,0.024260,0.001738,0.687750,0.965996,2
1608635288438178048,-17.043169,51.831251,3.325776,-0.724295,0.022344,0.003336,0.689120,0.965996,2
1608635288537178112,-17.028352,52.518372,3.323824,-0.723952,0.020216,0.004815,0.689537,0.965996,2
1608635288669178368,-17.019681,53.448735,3.319619,-0.723597,0.017784,0.004846,0.689977,0.965996,2
1608635288768178688,-17.013409,54.152689,3.323686,-0.724142,0.017005,0.005601,0.689418,0.965996,2
1608635288867179008,-17.001617,54.847069,3.323671,-0.724428,0.016199,0.006218,0.689132,0.965996,2
1608635288933179136,-17.000745,55.309248,3.321773,-0.725086,0.015777,0.006256,0.688449,0.965996,2
1608635289032179456,-17.001696,56.003063,3.317721,-0.726623,0.014616,0.005723,0.686858,0.965996,2
1608635289164179712,-16.991642,56.927344,3.309953,-0.728705,0.013218,0.005649,0.684677,0.965996,2
1608635289263180032,-16.994221,57.612209,3.304599,-0.729491,0.012977,0.005874,0.683842,0.965996,2
1608635289362180096,-16.990821,58.311175,3.297170,-0.729231,0.012642,0.006335,0.684121,0.965996,2
1608635289494180352,-16.991327,59.195415,3.289716,-0.727391,0.012175,0.006486,0.686084,0.965996,2
1608635289626180864,-16.986601,60.098705,3.280590,-0.725325,0.012051,0.006631,0.688269,0.965996,2
1608635289725180928,-16.978903,60.773525,3.277381,-0.724586,0.012194,0.006875,0.689042,0.965996,2
1608635289890181376,-16.969380,61.923555,3.276994,-0.725460,0.012344,0.006682,0.688121,0.965996,2
1608635290022181888,-16.974232,62.800869,3.277984,-0.725778,0.011366,0.005565,0.687813,0.965996,2
1608635290154182144,-16.967760,63.672228,3.274091,-0.726320,0.010910,0.005510,0.687248,0.965996,2
1608635290286182400,-16.956843,64.587762,3.266705,-0.727339,0.011271,0.005586,0.686163,0.965996,2
1608635290418182656,-16.958251,65.449203,3.256558,-0.728194,0.011583,0.005475,0.685252,0.965996,2
1608635290517182976,-16.953113,66.114769,3.254332,-0.728409,0.011453,0.005232,0.685026,0.965996,2
1608635290649183232,-16.947083,66.974833,3.246792,-0.727156,0.011270,0.004897,0.686363,0.965996,2
1608635290781183488,-16.944591,67.840186,3.238064,-0.725859,0.011641,0.005783,0.687721,0.965996,2
1608635290946183936,-16.932006,68.900370,3.229669,-0.725329,0.011691,0.007842,0.688259,0.965996,2
1608635291111184384,-16.935856,69.943630,3.234540,-0.725564,0.010182,0.009063,0.688020,0.965996,2
1608635291243184640,-16.943383,70.753262,3.236755,-0.725440,0.008282,0.010479,0.688155,0.965996,2
1608635291342184960,-16.950886,71.334949,3.229784,-0.725893,0.007033,0.011812,0.687671,0.965996,2
1608635291540185344,-16.986742,72.619811,3.205294,-0.728696,0.003285,0.014844,0.684669,0.965996,2
1608635291738185728,-17.024132,73.770909,3.205965,-0.731183,-0.001070,0.021077,0.681855,0.965996,2
1608635291936186368,-17.090416,74.925753,3.199037,-0.730255,-0.008948,0.030432,0.682438,0.965996,2
1608635292134186752,-17.212540,75.984211,3.187307,-0.726289,-0.020850,0.042089,0.685782,0.965996,2
1608635292299187200,-17.335171,76.897602,3.183831,-0.724307,-0.033536,0.054993,0.686463,0.965996,2
1608635292464187648,-17.503125,77.741006,3.187540,-0.723802,-0.048537,0.068841,0.684848,0.965996,2
1608635292629188096,-17.709580,78.512384,3.188970,-0.721941,-0.065468,0.083963,0.683714,0.965996,2
1608635292794188288,-17.937483,79.283302,3.193367,-0.719454,-0.082285,0.103948,0.681770,0.965996,2
1608635292926188544,-18.152913,79.863074,3.190728,-0.717633,-0.097294,0.122492,0.678625,0.965996,2
1608635293058189056,-18.411880,80.430107,3.189659,-0.716447,-0.115706,0.140539,0.673472,0.965996,2
1608635293190189312,-18.698726,80.970750,3.191301,-0.714516,-0.137391,0.158855,0.667349,0.965996,2
1608635293322189568,-19.015471,81.468741,3.190895,-0.710835,-0.160205,0.178842,0.661108,0.965996,2
1608635293454189824,-19.357733,81.946816,3.187099,-0.704585,-0.181784,0.201245,0.655756,0.965996,2
1608635293586190336,-19.725324,82.394594,3.182609,-0.697145,-0.202619,0.223278,0.650447,0.965996,2
1608635293685190400,-20.021457,82.706530,3.178745,-0.691533,-0.218736,0.238886,0.645655,0.965996,2
1608635293784190720,-20.328895,83.004428,3.177596,-0.685595,-0.235166,0.254217,0.640336,0.965996,2
1608635293883191040,-20.647817,83.285938,3.177734,-0.679509,-0.251404,0.269707,0.634289,0.965996,2
1608635293982191104,-20.990005,83.568770,3.184577,-0.673073,-0.267560,0.285393,0.627642,0.965996,2
1608635294081191424,-21.326690,83.798807,3.186748,-0.666069,-0.283994,0.301148,0.620492,0.965996,2
1608635294180191744,-21.686826,84.050506,3.190372,-0.658156,-0.300449,0.317168,0.613160,0.965996,2
1608635294279191808,-22.044938,84.260104,3.193632,-0.649217,-0.316377,0.333477,0.605983,0.965996,2
1608635294378192128,-22.412166,84.441494,3.194432,-0.639233,-0.332116,0.349723,0.598978,0.965996,2
1608635294477192448,-22.792567,84.603825,3.199995,-0.628504,-0.349329,0.364181,0.591882,0.965996,2
1608635294576192512,-23.180136,84.750217,3.205388,-0.617620,-0.367559,0.377679,0.583785,0.965996,2
1608635294675192832,-23.586825,84.865157,3.206663,-0.607557,-0.385171,0.391487,0.573808,0.965996,2
1608635294807193088,-24.137549,85.014922,3.210042,-0.595117,-0.407120,0.410408,0.558260,0.965996,2
1608635294906193408,-24.556360,85.100716,3.216573,-0.586103,-0.422534,0.424453,0.545700,0.965996,2
1608635295005193728,-24.979182,85.162720,3.220227,-0.576625,-0.438863,0.437490,0.532451,0.965996,2
1608635295104193792,-25.412127,85.208024,3.227450,-0.566405,-0.455900,0.449062,0.519312,0.965996,2
1608635295203194112,-25.843398,85.202427,3.230598,-0.554499,-0.472033,0.459979,0.508070,0.965996,2
1608635295302194432,-26.271479,85.185561,3.222892,0.541030,0.486281,-0.472768,-0.497301,0.965996,2
1608635295401194496,-26.696745,85.157814,3.206172,0.527108,0.499150,-0.486585,-0.486047,0.965996,2
1608635295533194752,-27.286941,85.096798,3.197345,0.510839,0.515361,-0.503473,-0.469001,0.965996,2
1608635295665195264,-27.866183,84.988777,3.195159,0.496024,0.531642,-0.517635,-0.450968,0.965996,2
1608635295797195520,-28.457138,84.849027,3.197968,0.480019,0.547626,-0.531673,-0.432446,0.965996,2
1608635295929195776,-29.027267,84.662024,3.192040,0.461967,0.562156,-0.546501,-0.414614,0.965996,2
1608635296028196096,-29.437555,84.499664,3.187209,0.447812,0.572742,-0.557395,-0.400925,0.965996,2
1608635296127196160,-29.862869,84.317718,3.181761,0.433186,0.583570,-0.567668,-0.386716,0.965996,2
1608635296226196480,-30.275389,84.111486,3.176089,0.418484,0.593720,-0.577758,-0.372241,0.965996,2
1608635296325196800,-30.674919,83.885975,3.168625,0.403609,0.603500,-0.587527,-0.357350,0.965996,2
1608635296424197120,-31.056965,83.639596,3.171152,0.388357,0.612776,-0.597004,-0.342448,0.965996,2
1608635296523197184,-31.436458,83.372844,3.169180,0.372806,0.621358,-0.606588,-0.327079,0.965996,2
1608635296622197504,-31.807494,83.077618,3.162276,0.356750,0.629904,-0.615465,-0.311692,0.965996,2
1608635296721197568,-32.159404,82.772253,3.157098,0.340469,0.638287,-0.623589,-0.296323,0.965996,2
1608635296820197888,-32.498418,82.440752,3.152419,0.323717,0.646720,-0.630716,-0.281351,0.965996,2
1608635296919198208,-32.822293,82.086284,3.153983,0.306456,0.654442,-0.637193,-0.267908,0.965996,2
1608635297018198272,-33.141667,81.723409,3.155517,0.290959,0.661415,-0.642994,-0.253835,0.965996,2
1608635297117198592,-33.450440,81.345086,3.157724,0.276282,0.667753,-0.648063,-0.240392,0.965996,2
1608635297216198912,-33.743727,80.938625,3.162949,0.261389,0.673931,-0.652387,-0.227780,0.965996,2
1608635297348199168,-34.095558,80.401707,3.162335,0.242864,0.681759,-0.656576,-0.212438,0.965996,2
1608635297447199488,-34.356059,79.976227,3.166224,0.230301,0.686967,-0.658907,-0.202188,0.965996,2
1608635297546199552,-34.613276,79.543279,3.164830,0.220160,0.691322,-0.661153,-0.190999,0.965996,2
1608635297645199872,-34.865394,79.107724,3.166188,0.210694,0.694958,-0.663671,-0.179393,0.965996,2
1608635297744200192,-35.103150,78.656991,3.165803,0.200376,0.698167,-0.666128,-0.169367,0.965996,2
1608635297843200256,-35.320642,78.194257,3.159950,0.189154,0.700803,-0.668425,-0.162182,0.965996,2
1608635297942200576,-35.528307,77.728480,3.156593,0.178776,0.702557,-0.670756,-0.156649,0.965996,2
1608635298041200896,-35.738504,77.256949,3.151020,0.170927,0.703490,-0.673144,-0.150876,0.965996,2
1608635298140200960,-35.969688,76.772945,3.147371,0.165791,0.704206,-0.675237,-0.143745,0.965996,2
1608635298239201280,-36.166662,76.315206,3.155232,0.162341,0.704792,-0.676866,-0.136990,0.965996,2
1608635298338201600,-36.367413,75.840921,3.160095,0.157998,0.705195,-0.678624,-0.131170,0.965996,2
1608635298437201664,-36.552157,75.364236,3.161660,0.151822,0.705384,-0.680702,-0.126603,0.965996,2
1608635298536201984,-36.727180,74.890580,3.157729,0.145073,0.705596,-0.682796,-0.121976,0.965996,2
1608635298635202304,-36.890872,74.409073,3.161076,0.138507,0.706508,-0.684034,-0.117302,0.965996,2
1608635298734202368,-37.051210,73.925501,3.163347,0.132308,0.708425,-0.684110,-0.112346,0.965996,2
1608635298833202688,-37.202930,73.439928,3.167692,0.126693,0.711727,-0.682603,-0.106990,0.965996,2
1608635298932203008,-37.350557,72.958740,3.173293,0.122257,0.714851,-0.681061,-0.100981,0.965996,2
1608635299064203264,-37.529136,72.332918,3.178843,0.115933,0.717299,-0.680648,-0.093598,0.965996,2
1608635299163203328,-37.650269,71.876819,3.181648,0.111186,0.717982,-0.681458,-0.088063,0.965996,2
1608635299262203648,-37.755535,71.433080,3.178685,0.105763,0.718187,-0.682677,-0.083508,0.965996,2
1608635299361203968,-37.855196,70.985666,3.182388,0.099716,0.718603,-0.683654,-0.079276,0.965996,2
1608635299460204032,-37.944390,70.550898,3.178804,0.094005,0.718894,-0.684703,-0.074411,0.965996,2
1608635299559204352,-38.030979,70.124443,3.177914,0.089090,0.719303,-0.685570,-0.068259,0.965996,2
1608635299658204672,-38.103933,69.709409,3.174689,0.084852,0.719736,-0.686323,-0.061173,0.965996,2
1608635299757204736,-38.181083,69.284926,3.184210,0.079246,0.720146,-0.687099,-0.054819,0.965996,2
1608635299856205056,-38.237044,68.867755,3.186348,0.072988,0.720636,-0.687732,-0.048788,0.965996,2
1608635299955205376,-38.282914,68.451076,3.186951,0.066137,0.721101,-0.688298,-0.043416,0.965996,2
1608635300054205440,-38.321837,68.036252,3.183924,0.059249,0.721083,-0.689250,-0.038251,0.965996,2
1608635300153205760,-38.357954,67.622750,3.184853,0.053352,0.721342,-0.689763,-0.032349,0.965996,2
1608635300219205888,-38.380505,67.346085,3.184797,0.049820,0.721937,-0.689566,-0.028694,0.965996,2
1608635300318206208,-38.408159,66.941424,3.183488,0.046022,0.723045,-0.688868,-0.023427,0.965996,2
1608635300450206464,-38.446997,66.381418,3.191552,0.040759,0.723455,-0.688893,-0.019415,0.965996,2
1608635300549206784,-38.464927,65.975338,3.191499,0.036915,0.722873,-0.689776,-0.017361,0.965996,2
1608635300648206848,-38.474141,65.567849,3.187014,0.032465,0.723865,-0.688972,-0.016822,0.965996,2
1608635300747207168,-38.486302,65.139735,3.172844,0.028218,0.728302,-0.684462,-0.017099,0.965996,2
1608635300846207488,-38.501270,64.702984,3.149976,0.026048,0.735544,-0.676781,-0.016224,0.965996,2
1608635300945207552,-38.524781,64.257718,3.119399,0.025608,0.743794,-0.667773,-0.013954,0.965996,2
1608635301044207872,-38.543575,63.813063,3.076505,0.026523,0.752255,-0.658258,-0.010254,0.965996,2
1608635301143208192,-38.577302,63.347754,3.063848,0.026510,0.760694,-0.648517,-0.008235,0.965996,2
1608635301242208512,-38.592576,62.885470,3.038752,0.025451,0.768424,-0.639391,-0.007519,0.965996,2
1608635301341208576,-38.591746,62.428864,2.996624,0.022495,0.773717,-0.633073,-0.008649,0.965996,2
1608635301440208896,-38.593120,61.975940,2.944038,0.019045,0.775403,-0.631093,-0.010456,0.965996,2
1608635301539208960,-38.597473,61.533901,2.875538,0.016898,0.774503,-0.632253,-0.010756,0.965996,2
1608635301638209280,-38.610590,61.089368,2.804830,0.016151,0.774093,-0.632792,-0.009614,0.965996,2
1608635301737209600,-38.627509,60.644427,2.739781,0.016509,0.774937,-0.631781,-0.007265,0.965996,2
1608635301803209728,-38.634177,60.349933,2.691787,0.017177,0.775599,-0.630969,-0.005353,0.965996,2
1608635301869209856,-38.649112,60.058875,2.658858,0.017161,0.775748,-0.630793,-0.004597,0.965996,2
1608635301935209984,-38.654022,59.775893,2.618117,0.016909,0.775383,-0.631250,-0.004381,0.965996,2
1608635302001210112,-38.656796,59.495148,2.577450,0.016150,0.774738,-0.632060,-0.004519,0.965996,2
1608635302067210240,-38.657597,59.216492,2.537921,0.014987,0.774410,-0.632488,-0.004733,0.965996,2
1608635302133210368,-38.655038,58.940146,2.499270,0.013573,0.774418,-0.632510,-0.004934,0.965996,2
1608635302232210688,-38.662718,58.532191,2.443650,0.012945,0.774284,-0.632692,-0.004059,0.965996,2
1608635302331211008,-38.666724,58.132720,2.386333,0.012314,0.774149,-0.632873,-0.003648,0.965996,2
1608635302430211328,-38.666275,57.737489,2.322899,0.011886,0.774254,-0.632757,-0.002842,0.965996,2
1608635302529211392,-38.673501,57.355073,2.276478,0.011159,0.774484,-0.632491,-0.002295,0.965996,2
1608635302628211712,-38.676292,56.978639,2.227022,0.010554,0.774538,-0.632438,-0.001534,0.965996,2
1608635302727211776,-38.677756,56.610939,2.176713,0.010196,0.774194,-0.632866,-0.000719,0.965996,2
1608635302826212096,-38.681836,56.255621,2.127001,0.010329,0.773970,-0.633138,0.000492,0.965996,2
1608635302925212416,-38.685637,55.904817,2.076759,0.010273,0.773795,-0.633351,0.001576,0.965996,2
1608635303057212672,-38.685453,55.452692,1.994741,0.010477,0.773520,-0.633675,0.003498,0.965996,2
1608635303189212928,-38.685056,54.984496,1.941745,0.008971,0.773293,-0.633977,0.003172,0.965996,2
1608635303321213440,-38.679057,54.519288,1.874477,0.007387,0.773904,-0.633251,0.003269,0.965996,2
1608635303420213504,-38.676913,54.167549,1.825604,0.006781,0.774726,-0.632250,0.003740,0.965996,2
1608635303519213824,-38.675466,53.815280,1.777084,0.006755,0.775575,-0.631204,0.004337,0.965996,2
1608635303651214080,-38.677922,53.348610,1.708188,0.007098,0.775952,-0.630724,0.005894,0.965996,2
1608635303783214336,-38.675945,52.883354,1.638965,0.006844,0.776914,-0.629536,0.006528,0.965996,2
1608635303915214848,-38.668306,52.427088,1.574133,0.006088,0.776783,-0.629711,0.005988,0.965996,2
1608635304047215104,-38.663971,51.981618,1.509360,0.005822,0.775298,-0.631538,0.006249,0.965996,2
1608635304146215168,-38.662311,51.651443,1.460498,0.005902,0.774530,-0.632477,0.006414,0.965996,2
1608635304245215488,-38.659090,51.322926,1.411218,0.005601,0.773969,-0.633167,0.006384,0.965996,2
1608635304344215808,-38.655262,51.001822,1.350180,0.006169,0.773950,-0.633174,0.007378,0.965996,2
1608635304476216064,-38.652451,50.554799,1.291990,0.005335,0.774210,-0.632871,0.006738,0.965996,2
1608635304608216320,-38.644851,50.120485,1.223609,0.004806,0.773617,-0.633605,0.006151,0.965996,2
1608635304773216768,-38.640001,49.577804,1.143870,0.004746,0.774627,-0.632368,0.006438,0.965996,2
1608635304938217216,-38.640342,49.045207,1.073581,0.005022,0.775836,-0.630877,0.006880,0.965996,2
1608635305103217408,-38.639662,48.526574,0.992296,0.005473,0.776597,-0.629932,0.007213,0.965996,2
1608635305301218048,-38.630815,47.926918,0.889387,0.005456,0.778338,-0.627775,0.007616,0.965996,2
1608635305499218432,-38.627877,47.342237,0.809931,0.005591,0.778571,-0.627476,0.008315,0.965996,2
1608635305697218816,-38.617384,46.785470,0.728826,0.004716,0.778377,-0.627702,0.009813,0.965996,2
1608635305895219456,-38.606592,46.240821,0.636594,0.003402,0.778988,-0.626931,0.011152,0.965996,2
1608635306093219840,-38.601678,45.721461,0.558569,0.002915,0.779030,-0.626819,0.014189,0.965996,2
1608635306291220480,-38.574121,45.282696,0.507293,-0.000994,0.772890,-0.634369,0.014707,0.965996,2
1608635306489220864,-38.547624,44.896768,0.467121,-0.005076,0.765572,-0.643118,0.016524,0.965996,2
1608635306687221504,-38.529965,44.530436,0.416381,-0.006931,0.761744,-0.647506,0.020838,0.965996,2
1608635306885221888,-38.495080,44.146705,0.365708,-0.012187,0.757962,-0.651733,0.024272,0.965996,2
1608635307083222272,-38.464119,43.731373,0.306500,-0.015498,0.753702,-0.656229,0.032511,0.965996,2
1608635307281222912,-38.414296,43.278923,0.251858,-0.021080,0.749532,-0.660396,0.040434,0.965996,2
1608635307413223168,-38.359624,42.977241,0.230651,-0.027855,0.744522,-0.665633,0.042940,0.965996,2
1608635307578223616,-38.283618,42.591808,0.229242,-0.035890,0.740431,-0.669586,0.046141,0.965996,2
1608635307743223808,-38.218919,42.191936,0.223088,-0.040959,0.737016,-0.672638,0.051851,0.965996,2
1608635307908224256,-38.149556,41.781950,0.198609,-0.044833,0.731872,-0.677510,0.057737,0.965996,2
1608635308040224512,-38.085502,41.449704,0.176206,-0.048387,0.727148,-0.681929,0.062349,0.965996,2
1608635308205224960,-38.003003,41.015155,0.149815,-0.052249,0.721368,-0.687129,0.068935,0.965996,2
1608635308403225600,-37.873510,40.461486,0.134059,-0.058530,0.717873,-0.689962,0.072006,0.965996,2
1608635308634226176,-37.716813,39.784947,0.151417,-0.065176,0.720785,-0.685842,0.076438,0.965996,2
1608635308865226496,-37.564892,39.101239,0.154313,-0.068445,0.719260,-0.686295,0.083549,0.965996,2
1608635309063227136,-37.410524,38.499499,0.154457,-0.074080,0.717387,-0.687175,0.087513,0.965996,2
1608635309261227520,-37.234326,37.860305,0.158190,-0.079608,0.716901,-0.686508,0.091770,0.965996,2
1608635309459227904,-37.054333,37.205561,0.157088,-0.083886,0.715666,-0.686509,0.097420,0.965996,2
1608635309624228352,-36.892448,36.629849,0.161861,-0.086789,0.715795,-0.685354,0.101955,0.965996,2
1608635309822228992,-36.675907,35.926768,0.169665,-0.091884,0.715276,-0.684531,0.106554,0.965996,2
1608635310020229376,-36.443303,35.212020,0.173166,-0.097604,0.713754,-0.684408,0.112317,0.965996,2
1608635310218229760,-36.178241,34.469474,0.175522,-0.105487,0.712724,-0.683480,0.117269,0.965996,2
1608635310383230208,-35.947084,33.843303,0.177155,-0.111619,0.712520,-0.681885,0.122024,0.965996,2
1608635310548230656,-35.710140,33.212511,0.185794,-0.116481,0.712874,-0.679617,0.127919,0.965996,2
1608635310713231104,-35.469879,32.599424,0.191493,-0.120099,0.712486,-0.678212,0.134047,0.965996,2
1608635310845231360,-35.274475,32.107271,0.194138,-0.123068,0.711834,-0.677609,0.137811,0.965996,2
1608635310944231424,-35.119147,31.748872,0.192360,-0.126562,0.711346,-0.677202,0.139160,0.965996,2
1608635311109231872,-34.847705,31.154595,0.187184,-0.132857,0.711617,-0.675493,0.140217,0.965996,2
1608635311274232320,-34.592028,30.568750,0.189391,-0.136576,0.712997,-0.673177,0.140766,0.965996,2
1608635311439232768,-34.355530,29.992508,0.192577,-0.136112,0.715163,-0.670783,0.141656,0.965996,2
1608635311604233216,-34.144130,29.448367,0.194418,-0.133367,0.715979,-0.670324,0.142310,0.965996,2
1608635311769233408,-33.926120,28.918010,0.190216,-0.132580,0.715925,-0.670882,0.140683,0.965996,2
1608635311934233856,-33.719180,28.435206,0.180720,-0.133548,0.716219,-0.670891,0.138204,0.965996,2
1608635312099234304,-33.530882,27.968762,0.175894,-0.133330,0.716492,-0.670830,0.137291,0.965996,2
1608635312297234688,-33.329279,27.457566,0.175864,-0.132198,0.717250,-0.670207,0.137470,0.965996,2
1608635312594235392,-33.081460,26.838240,0.172061,-0.132394,0.716576,-0.671122,0.136328,0.965996,2
1608635312924236288,-32.859979,26.291155,0.174734,-0.132219,0.713972,-0.673500,0.138418,0.965996,2
1608635313254236928,-32.660067,25.841881,0.160553,-0.136434,0.711538,-0.674030,0.144164,0.965996,2
1608635313617237760,-32.393599,25.332546,0.153771,-0.148115,0.709939,-0.671654,0.151424,0.965996,2
1608635313980238848,-32.112497,24.818992,0.155650,-0.158607,0.708865,-0.668036,0.161500,0.965996,2
1608635314409239808,-31.800490,24.279495,0.153355,-0.170195,0.705614,-0.664912,0.176166,0.965996,2
1608635314706240512,-31.523959,23.894919,0.152263,-0.185323,0.701782,-0.661117,0.189953,0.965996,2
1608635314970241024,-31.233696,23.511388,0.149753,-0.201389,0.697264,-0.655042,0.210204,0.965996,2
1608635315168241664,-30.947450,23.183348,0.154955,-0.217802,0.693538,-0.648429,0.226070,0.965996,2
1608635315366242048,-30.624035,22.889644,0.136913,-0.238081,0.687299,-0.641790,0.242986,0.965996,2
1608635315531242496,-30.314732,22.623526,0.130008,-0.255637,0.680728,-0.635726,0.259058,0.965996,2
1608635315729242880,-29.914044,22.297567,0.128436,-0.275689,0.673583,-0.625401,0.281346,0.965996,2
1608635315894243328,-29.536900,22.010710,0.129786,-0.293940,0.666787,-0.615537,0.300182,0.965996,2
1608635316059243776,-29.143793,21.784270,0.120394,-0.312131,0.659262,-0.604471,0.320254,0.965996,2
1608635316224243968,-28.701340,21.543157,0.110512,-0.331310,0.648719,-0.594670,0.340243,0.965996,2
1608635316389244672,-28.224036,21.331545,0.099304,-0.352617,0.635895,-0.584929,0.359385,0.965996,2
1608635316554244864,-27.720611,21.139130,0.094503,-0.373059,0.624300,-0.572867,0.378022,0.965996,2
1608635316719245312,-27.213023,20.996523,0.094170,-0.390362,0.614117,-0.560310,0.395641,0.965996,2
1608635316884245760,-26.678466,20.818772,0.090818,-0.404591,0.602769,-0.550665,0.411999,0.965996,2
1608635317082246144,-26.028407,20.681314,0.079845,-0.420870,0.587771,-0.542468,0.427927,0.965996,2
1608635317280246528,-25.335639,20.560701,0.079048,-0.435208,0.576609,-0.532234,0.441409,0.965996,2
1608635317445246976,-24.708107,20.448523,0.076266,-0.445457,0.569580,-0.521369,0.453123,0.965996,2
1608635317610247424,-24.071315,20.369249,0.082587,-0.455644,0.561496,-0.510865,0.464895,0.965996,2
1608635317775247872,-23.409547,20.324465,0.088985,-0.467530,0.551711,-0.501257,0.475155,0.965996,2
1608635317940248320,-22.713192,20.341267,0.071595,-0.480488,0.540132,-0.494870,0.482174,0.965996,2
1608635318105248512,-21.996938,20.318232,0.077043,-0.490523,0.530797,-0.489242,0.488144,0.965996,2
1608635318270248960,-21.259650,20.313760,0.085239,-0.496951,0.525971,-0.482216,0.493824,0.965996,2
1608635318435249408,-20.495775,20.326496,0.086597,-0.502193,0.522003,-0.477510,0.497291,0.965996,2
1608635318600249856,-19.718708,20.348520,0.077240,-0.506582,0.517512,-0.476335,0.498659,0.965996,2
1608635318732250112,-19.072938,20.367224,0.071471,-0.508550,0.515195,-0.475046,0.500282,0.965996,2
1608635318864250368,-18.405237,20.385003,0.072715,-0.509522,0.514700,-0.472700,0.502021,0.965996,2
1608635318996250624,-17.745893,20.400524,0.079466,-0.510568,0.513002,-0.472463,0.502919,0.965996,2
1608635319128251136,-17.069107,20.425197,0.075025,-0.510844,0.511033,-0.472847,0.504281,0.965996,2
1608635319260251392,-16.400971,20.482056,0.056096,-0.511217,0.510286,-0.472201,0.505264,0.965996,2
1608635319392251648,-15.729858,20.467920,0.073663,-0.511936,0.510607,-0.470981,0.505350,0.965996,2
1608635319524251904,-15.059106,20.490773,0.079924,-0.512625,0.511092,-0.470495,0.504614,0.965996,2
1608635319656252416,-14.388157,20.512204,0.081615,-0.512002,0.511222,-0.471351,0.504315,0.965996,2
1608635319788252672,-13.716515,20.529208,0.080248,-0.511304,0.511874,-0.472707,0.503092,0.965996,2
1608635319920252928,-13.076710,20.571683,0.066756,-0.510200,0.513051,-0.474986,0.500862,0.965996,2
1608635320052253184,-12.408719,20.551771,0.084355,-0.509447,0.514240,-0.478619,0.496936,0.965996,2
1608635320217253632,-11.619378,20.544228,0.087752,-0.506989,0.517983,-0.483103,0.491190,0.965996,2
1608635320382254080,-10.861987,20.505316,0.088105,-0.500539,0.522999,-0.488486,0.487149,0.965996,2
1608635320547254528,-10.124627,20.448339,0.090436,-0.493485,0.528977,-0.495145,0.481131,0.965996,2
1608635320712254720,-9.416113,20.375823,0.093888,-0.486788,0.534903,-0.503615,0.472534,0.965996,2
1608635320877255168,-8.742791,20.283892,0.097871,-0.478554,0.541564,-0.512431,0.463799,0.965996,2
1608635321042255616,-8.097186,20.151189,0.104958,-0.468408,0.552012,-0.518564,0.454937,0.965996,2
1608635321207256064,-7.476169,20.012885,0.111451,-0.457211,0.561499,-0.527191,0.444687,0.965996,2
1608635321372256512,-6.879306,19.851160,0.118686,-0.445471,0.570526,-0.537913,0.432094,0.965996,2
1608635321570256896,-6.204052,19.621764,0.116328,-0.428883,0.581738,-0.551927,0.415952,0.965996,2
1608635321735257344,-5.666234,19.392572,0.115102,-0.412927,0.591605,-0.564302,0.401322,0.965996,2
1608635321900257536,-5.142713,19.126105,0.109147,-0.394868,0.602768,-0.575799,0.386273,0.965996,2
1608635322065257984,-4.629146,18.822417,0.102925,-0.376398,0.614392,-0.587746,0.367970,0.965996,2
1608635322230258432,-4.143011,18.477392,0.095484,-0.356648,0.626836,-0.599063,0.347855,0.965996,2
1608635322395258880,-3.654911,18.089074,0.111906,-0.333852,0.642289,-0.608057,0.325998,0.965996,2
1608635322560259328,-3.207978,17.645925,0.102780,-0.309434,0.657286,-0.617415,0.301703,0.965996,2
1608635322692259584,-2.862502,17.294346,0.105099,-0.290432,0.666406,-0.626970,0.280107,0.965996,2
1608635322824259840,-2.540088,16.914044,0.101488,-0.271601,0.674836,-0.636411,0.256535,0.965996,2
1608635322956260096,-2.246518,16.501791,0.096483,-0.250928,0.683026,-0.644218,0.235570,0.965996,2
1608635323055260416,-2.035530,16.159614,0.081665,-0.233807,0.688176,-0.650373,0.220822,0.965996,2
1608635323154260736,-1.879206,15.830532,0.077684,-0.213648,0.691724,-0.657190,0.209699,0.965996,2
1608635323253260800,-1.716361,15.472795,0.064287,-0.194155,0.694605,-0.664144,0.196828,0.965996,2
1608635323352261120,-1.554500,15.097564,0.057466,-0.174886,0.698658,-0.669291,0.182598,0.965996,2
1608635323451261440,-1.412506,14.718338,0.056047,-0.158175,0.703582,-0.672438,0.166675,0.965996,2
1608635323550261504,-1.259878,14.317390,0.053397,-0.144752,0.709317,-0.673651,0.148695,0.965996,2
1608635323682262016,-1.081215,13.772290,0.057880,-0.127109,0.715731,-0.675032,0.126112,0.965996,2
1608635323814262272,-0.937760,13.211647,0.051399,-0.107811,0.720119,-0.676924,0.107607,0.965996,2
1608635323946262528,-0.843239,12.636165,0.052228,-0.086577,0.723314,-0.678647,0.093586,0.965996,2
1608635324078262784,-0.761964,12.041190,0.056834,-0.066989,0.724613,-0.681176,0.080297,0.965996,2
1608635324210263040,-0.689426,11.439282,0.041307,-0.051293,0.722670,-0.686091,0.066306,0.965996,2
1608635324342263552,-0.624958,10.814203,0.028100,-0.039515,0.721666,-0.689024,0.053691,0.965996,2
1608635324507264000,-0.562358,9.994377,0.020108,-0.027038,0.724197,-0.687697,0.043354,0.965996,2
1608635324672264192,-0.522262,9.145879,0.022299,-0.016061,0.726478,-0.685936,0.038248,0.965996,2
1608635324837264640,-0.481838,8.276186,0.021563,-0.009035,0.726561,-0.686131,0.035377,0.965996,2
1608635325035265024,-0.421391,7.191483,0.008908,-0.006581,0.726425,-0.686500,0.031313,0.965996,2
1608635325200265472,-0.374226,6.261352,-0.002017,-0.005451,0.726953,-0.686059,0.028864,0.965996,2
1608635325365265920,-0.336925,5.313475,-0.005603,-0.002745,0.725463,-0.687676,0.028230,0.965996,2
1608635325497266176,-0.310820,4.538056,-0.015800,-0.001092,0.724256,-0.688996,0.027150,0.965996,2
1608635325629266432,-0.275050,3.742066,-0.018442,-0.000180,0.724753,-0.688541,0.025373,0.965996,2
1608635325728266752,-0.250245,3.136543,-0.025349,0.000028,0.726318,-0.686957,0.023482,0.965996,2
1608635325827267072,-0.228923,2.519648,-0.030223,0.000884,0.727927,-0.685291,0.022302,0.965996,2
1608635325926267136,-0.210203,1.898543,-0.030581,0.001739,0.728709,-0.684489,0.021339,0.965996,2
1608635326025267456,-0.192472,1.271459,-0.035535,0.002799,0.728614,-0.684624,0.020070,0.965996,2
1608635326157267712,-0.172110,0.444951,-0.042335,0.004381,0.728663,-0.684598,0.018876,0.965996,2
1608635326289267968,-0.155894,-0.386163,-0.049950,0.006047,0.728974,-0.684288,0.017640,0.965996,2
1608635326421268480,-0.135129,-1.221684,-0.036802,0.007562,0.729669,-0.683584,0.015460,0.965996,2
1608635326586268672,-0.124175,-2.259060,-0.051400,0.008371,0.729576,-0.683722,0.013169,0.965996,2
1608635326751269120,-0.119585,-3.276770,-0.061828,0.010082,0.728022,-0.685373,0.012091,0.965996,2
1608635326916269568,-0.119793,-4.287220,-0.057763,0.011858,0.724543,-0.689035,0.011306,0.965996,2
1608635327081270016,-0.118687,-5.283782,-0.057100,0.011733,0.720695,-0.693054,0.011725,0.965996,2
1608635327246270464,-0.108200,-6.279832,-0.043824,0.011543,0.719766,-0.694031,0.011144,0.965996,2
1608635327411270656,-0.102692,-7.278084,-0.029718,0.011502,0.720720,-0.693029,0.011863,0.965996,2
1608635327576271104,-0.098274,-8.258731,-0.000484,0.011709,0.721136,-0.692584,0.012347,0.965996,2
1608635327741271552,-0.090821,-9.220966,0.010999,0.011034,0.720348,-0.693405,0.012934,0.965996,2
1608635327906272000,-0.081548,-10.165500,0.038014,0.010112,0.720420,-0.693317,0.014258,0.965996,2
1608635328137272576,-0.058405,-11.431321,0.059009,0.008588,0.722089,-0.691609,0.013814,0.965996,2
1608635328368273152,-0.045579,-12.611881,0.083905,0.008841,0.721397,-0.692334,0.013458,0.965996,2
1608635328599273728,-0.039505,-13.711984,0.125558,0.010160,0.720880,-0.692913,0.010049,0.965996,2
1608635328797274112,-0.058581,-14.621441,0.118005,0.014747,0.721572,-0.692161,0.005346,0.965996,2
1608635329028274688,-0.099069,-15.599441,0.135276,0.021568,0.722696,-0.690823,-0.003075,0.965996,2
1608635329259275264,-0.157023,-16.512076,0.150075,0.030741,0.722250,-0.690784,-0.015114,0.965996,2
1608635329457275648,-0.253973,-17.246629,0.158724,0.043071,0.720426,-0.691720,-0.025575,0.965996,2
1608635329688276224,-0.397238,-18.070155,0.174918,0.059116,0.718001,-0.692294,-0.041335,0.965996,2
1608635329952276736,-0.599202,-18.981306,0.181794,0.078690,0.715604,-0.691027,-0.064809,0.965996,2
1608635330183277312,-0.842928,-19.748480,0.200666,0.100896,0.713183,-0.688238,-0.086713,0.965996,2
1608635330381277952,-1.090612,-20.383693,0.217254,0.121823,0.710322,-0.684441,-0.110193,0.965996,2
1608635330579278336,-1.406733,-20.986869,0.213280,0.150361,0.706802,-0.678304,-0.133138,0.965996,2
1608635330744278784,-1.709128,-21.444791,0.232690,0.175251,0.700483,-0.674316,-0.154621,0.965996,2
1608635330909278976,-2.022693,-21.891600,0.245876,0.198448,0.692112,-0.670148,-0.180279,0.965996,2
1608635331074279424,-2.376491,-22.320597,0.257905,0.223299,0.684213,-0.663671,-0.203794,0.965996,2
1608635331239279872,-2.784124,-22.708450,0.265332,0.250014,0.674251,-0.657310,-0.225440,0.965996,2
1608635331371280128,-3.124871,-22.972634,0.255724,0.271783,0.665012,-0.651380,-0.244124,0.965996,2
1608635331503280640,-3.470075,-23.261246,0.267248,0.292133,0.657244,-0.643039,-0.263038,0.965996,2
1608635331635280896,-3.853178,-23.512929,0.265364,0.311709,0.649402,-0.633656,-0.282125,0.965996,2
1608635331767281152,-4.243082,-23.747220,0.264675,0.331643,0.639904,-0.624593,-0.300697,0.965996,2
1608635331899281408,-4.646857,-23.957054,0.273591,0.351912,0.630851,-0.613659,-0.318758,0.965996,2
1608635332031281664,-5.069739,-24.147689,0.281531,0.370936,0.621396,-0.602726,-0.336147,0.965996,2
1608635332163282176,-5.502342,-24.312371,0.283701,0.389115,0.610474,-0.592543,-0.353277,0.965996,2
1608635332295282432,-5.944243,-24.454621,0.275057,0.406029,0.599252,-0.582066,-0.370454,0.965996,2
1608635332427282688,-6.397988,-24.574956,0.271272,0.423078,0.588382,-0.570210,-0.386875,0.965996,2
