# timestamp
1608635075356672000

# fx, fy, cx, cy, width, height, npoints
501.476532,501.475769,421.798645,167.658768,800,400,1944

# camToWorld: translation vector, rotation quaternion
0.176126,-0.055914,0.003548,-0.002056,-0.728921,0.684493,-0.011785

# Exposure time (ms)
0.478270

# Point Cloud Data : 
# u,v,idepth_scaled,idepth_hessian,maxRelBaseline,numGoodRes,status 
# color information 
613.000000,124.000000,0.017516,912041792.000000,0.027341,0,1
33,39,31,58,36,29,75,33,
614.000000,124.000000,0.015549,912108800.000000,0.023433,0,1
31,33,28,55,31,28,42,31,
613.000000,125.000000,0.015845,912781568.000000,0.023879,0,1
33,55,31,79,42,28,45,28,
614.000000,125.000000,0.017117,911227200.000000,0.025797,0,1
31,36,29,75,32,29,33,30,
613.000000,126.000000,0.017076,911154432.000000,0.025734,0,1
36,75,32,47,33,28,27,27,
614.000000,126.000000,0.016601,907783040.000000,0.025018,0,1
31,42,28,45,31,30,28,30,
763.000000,131.000000,0.242132,912798080.000000,0.364898,0,1
52,51,64,39,43,76,28,36,
762.000000,132.000000,0.322655,900000000.000000,0.000225,0,1
51,39,43,29,28,55,27,36,
763.000000,132.000000,0.330262,900000000.000000,0.365979,0,1
51,40,60,27,34,74,29,40,
762.000000,133.000000,0.314950,900000000.000000,0.000224,0,1
40,27,34,27,29,56,36,54,
763.000000,133.000000,0.359408,900000000.000000,0.000242,0,1
43,28,55,27,36,74,36,58,
764.000000,133.000000,0.243066,919338752.000000,0.366302,0,1
60,34,74,29,56,82,40,73,
762.000000,134.000000,0.319289,900000000.000000,0.000233,0,1
28,27,36,36,36,60,53,60,
763.000000,134.000000,0.303819,900000000.000000,0.000224,0,1
34,29,56,36,40,78,54,65,
764.000000,134.000000,0.326315,900000000.000000,0.000232,0,1
55,36,74,36,60,84,58,81,
763.000000,135.000000,0.279793,900000000.000000,0.000211,0,1
36,36,60,53,58,84,60,61,
635.000000,124.000000,0.005013,902485376.000000,0.007555,0,1
31,27,24,32,22,22,25,24,
636.000000,124.000000,0.008036,901720128.000000,0.013150,0,1
31,25,24,25,21,25,22,23,
638.000000,124.000000,0.008653,911630528.000000,0.013041,0,1
35,24,41,21,25,44,22,39,
635.000000,125.000000,0.001996,903937856.000000,0.005718,0,1
25,25,21,34,22,22,27,27,
636.000000,125.000000,0.006670,904892800.000000,0.010052,0,1
24,22,22,25,21,25,24,26,
637.000000,125.000000,0.011167,903756672.000000,0.016828,0,1
24,21,25,22,22,31,23,26,
638.000000,125.000000,0.015295,903146432.000000,0.023049,0,1
29,22,31,21,25,40,24,35,
639.000000,125.000000,0.008085,923630656.000000,0.012186,0,1
41,25,44,22,31,35,39,70,
635.000000,126.000000,0.003402,908020864.000000,0.005128,0,1
22,25,21,34,24,24,30,36,
636.000000,126.000000,0.006172,915732352.000000,0.009810,0,1
21,22,22,27,23,39,27,31,
635.000000,127.000000,0.003292,906377920.000000,0.004961,0,1
22,27,23,36,27,26,43,39,
632.000000,133.000000,0.009799,904028288.000000,0.014767,0,1
43,41,38,53,33,29,38,28,
632.000000,134.000000,0.010870,904796928.000000,0.016486,0,1
39,41,30,54,30,27,35,28,
631.000000,136.000000,0.010837,901956160.000000,0.016486,0,1
38,45,28,33,31,26,29,29,
764.000000,132.000000,0.506918,900000000.000000,0.000381,0,1
64,43,76,28,55,81,36,60,
763.000000,116.000000,0.192137,900004288.000000,0.008214,0,1
75,65,74,42,47,74,28,36,
763.000000,121.000000,0.258914,900009536.000000,0.010124,0,1
36,28,48,31,37,74,31,37,
761.000000,124.000000,0.268642,900452608.000000,0.405189,0,1
29,30,33,35,34,41,45,51,
198.000000,88.000000,0.050566,900256128.000000,0.006347,0,1
72,57,97,38,77,119,58,77,
198.000000,89.000000,0.050624,900289984.000000,0.006347,0,1
74,57,105,37,78,118,58,76,
198.000000,90.000000,0.053853,900288512.000000,0.006744,0,1
77,58,105,37,77,115,58,74,
198.000000,91.000000,0.053738,900262528.000000,0.006721,0,1
78,58,101,36,76,112,59,70,
198.000000,92.000000,0.051170,900223232.000000,0.006392,0,1
77,58,98,35,74,110,57,66,
199.000000,93.000000,0.052316,932305856.000000,0.079007,0,1
98,74,110,57,89,112,66,86,
764.000000,116.000000,0.242135,913356736.000000,0.364977,0,1
79,69,83,43,55,81,34,49,
765.000000,116.000000,0.241461,916231872.000000,0.363930,0,1
85,74,85,47,74,87,47,73,
762.000000,117.000000,0.222848,900098304.000000,0.042449,0,1
65,42,47,28,28,47,29,30,
763.000000,117.000000,0.234834,900208704.000000,0.044882,0,1
69,43,55,28,34,71,29,36,
764.000000,117.000000,0.233982,900319552.000000,0.044801,0,1
74,47,74,28,47,79,36,49,
765.000000,117.000000,0.242887,920083008.000000,0.366179,0,1
83,55,81,34,71,86,49,73,
766.000000,117.000000,0.242815,917511808.000000,0.366602,0,1
85,74,87,47,79,94,73,79,
762.000000,118.000000,0.234358,900136704.000000,0.044510,0,1
43,28,34,29,29,49,28,28,
763.000000,118.000000,0.235117,900264576.000000,0.044818,0,1
47,28,47,29,36,73,30,33,
764.000000,118.000000,0.233421,900387008.000000,0.044618,0,1
55,34,71,29,49,79,36,48,
766.000000,118.000000,0.243261,919344064.000000,0.367383,0,1
81,71,86,49,79,93,73,79,
762.000000,119.000000,0.237728,901267456.000000,0.136236,0,1
28,29,36,28,30,49,27,32,
763.000000,119.000000,0.239645,902678144.000000,0.137783,0,1
34,29,49,28,36,73,28,37,
764.000000,119.000000,0.238427,903970496.000000,0.137457,0,1
47,36,73,30,49,79,33,50,
765.000000,119.000000,0.243443,926928000.000000,0.367632,0,1
71,49,79,36,73,85,48,74,
766.000000,119.000000,0.243460,920208576.000000,0.367417,0,1
79,73,85,49,79,93,73,79,
767.000000,119.000000,0.243247,910407232.000000,0.366923,0,1
86,79,93,73,85,95,79,85,
762.000000,120.000000,0.235822,901145920.000000,0.135064,0,1
29,28,36,26,28,48,31,31,
763.000000,120.000000,0.224076,900222400.000000,0.042628,0,1
36,30,49,27,33,73,32,35,
764.000000,120.000000,0.226155,900365376.000000,0.043155,0,1
49,36,73,28,48,79,37,50,
765.000000,120.000000,0.243453,927277248.000000,0.367528,0,1
73,49,79,33,73,86,50,73,
766.000000,120.000000,0.243536,920048768.000000,0.367631,0,1
79,73,85,48,79,93,74,79,
767.000000,120.000000,0.243518,910779904.000000,0.367354,0,1
85,79,93,73,86,96,79,85,
764.000000,121.000000,0.244201,923134848.000000,0.369173,0,1
49,33,73,32,50,79,35,52,
765.000000,121.000000,0.243489,927279808.000000,0.367648,0,1
73,48,79,37,74,85,50,74,
766.000000,121.000000,0.243495,920221760.000000,0.367562,0,1
79,73,86,50,79,91,73,79,
767.000000,121.000000,0.243410,910566336.000000,0.367188,0,1
85,79,93,74,85,96,79,86,
762.000000,122.000000,0.165432,900071808.000000,0.031317,0,1
28,31,37,30,31,50,30,37,
763.000000,122.000000,0.241098,902613632.000000,0.138605,0,1
33,32,50,29,35,73,33,41,
764.000000,122.000000,0.244092,924113152.000000,0.368967,0,1
48,37,74,31,50,79,37,55,
765.000000,122.000000,0.243638,927754304.000000,0.367648,0,1
73,50,79,35,73,85,52,74,
766.000000,122.000000,0.243441,919534208.000000,0.367645,0,1
79,74,85,50,79,92,74,80,
761.000000,123.000000,0.251833,901329408.000000,0.394728,0,1
31,30,31,33,30,37,33,47,
763.000000,123.000000,0.171543,900154688.000000,0.032594,0,1
37,31,50,30,37,74,37,53,
765.000000,123.000000,0.243128,926109376.000000,0.366759,0,1
74,50,79,37,74,86,55,79,
766.000000,123.000000,0.243139,918559104.000000,0.367089,0,1
79,73,85,52,79,93,74,83,
762.000000,124.000000,0.239717,901005888.000000,0.138428,0,1
31,30,37,33,37,55,47,54,
763.000000,124.000000,0.161695,900136256.000000,0.030681,0,1
35,33,52,34,41,74,50,57,
765.000000,124.000000,0.242341,924552128.000000,0.365239,0,1
73,52,79,41,74,86,65,82,
764.000000,125.000000,0.241696,923953600.000000,0.364272,0,1
52,41,74,50,65,83,57,65,
765.000000,125.000000,0.241119,922514368.000000,0.363396,0,1
74,55,80,53,79,87,69,80,
764.000000,131.000000,0.242701,923613056.000000,0.365781,0,1
65,51,78,40,60,81,34,56,
765.000000,131.000000,0.242730,923646336.000000,0.365832,0,1
79,64,82,43,76,87,55,74,
765.000000,132.000000,0.242757,922622464.000000,0.366492,0,1
78,60,81,34,74,88,56,78,
766.000000,132.000000,0.242802,915268096.000000,0.366552,0,1
82,76,87,55,81,88,74,84,
765.000000,133.000000,0.242402,922360000.000000,0.366265,0,1
76,55,81,36,74,89,60,84,
766.000000,133.000000,0.242305,914573312.000000,0.366252,0,1
81,74,88,56,82,94,78,87,
765.000000,134.000000,0.241075,920721728.000000,0.364020,0,1
74,56,82,40,78,91,73,90,
764.000000,135.000000,0.221010,900215424.000000,0.041970,0,1
56,40,78,54,73,87,65,77,
762.000000,140.000000,0.238916,915460160.000000,0.360048,0,1
49,41,52,41,45,72,43,42,
763.000000,140.000000,0.239297,925698560.000000,0.360709,0,1
55,45,72,41,52,84,46,49,
764.000000,140.000000,0.239677,928874432.000000,0.361204,0,1
73,52,83,45,72,87,53,70,
765.000000,140.000000,0.239633,921137728.000000,0.361129,0,1
85,72,87,52,84,92,72,83,
761.000000,141.000000,0.238641,908345536.000000,0.359637,0,1
41,41,45,42,43,53,39,35,
762.000000,141.000000,0.239693,914055808.000000,0.361221,0,1
45,41,52,42,46,72,39,39,
763.000000,141.000000,0.240157,924240896.000000,0.362236,0,1
52,45,72,43,53,84,42,45,
764.000000,141.000000,0.240297,928710592.000000,0.362144,0,1
72,52,84,46,72,87,49,68,
765.000000,141.000000,0.240102,921399104.000000,0.361840,0,1
83,72,87,53,84,92,70,82,
761.000000,142.000000,0.240349,906688768.000000,0.362601,0,1
41,42,46,39,39,49,35,45,
762.000000,142.000000,0.240141,913371072.000000,0.361896,0,1
45,43,53,39,42,70,35,47,
763.000000,142.000000,0.240354,923684096.000000,0.362330,0,1
52,46,72,39,49,83,39,53,
764.000000,142.000000,0.240606,928484800.000000,0.362683,0,1
72,53,84,42,70,87,45,73,
765.000000,142.000000,0.240608,921894016.000000,0.362615,0,1
84,72,87,49,83,91,68,83,
762.000000,143.000000,0.241282,912243264.000000,0.363800,0,1
46,39,49,35,39,68,45,49,
763.000000,143.000000,0.240865,922093376.000000,0.363325,0,1
53,42,70,35,45,82,47,57,
764.000000,143.000000,0.240857,927470272.000000,0.363156,0,1
72,49,83,39,68,86,53,74,
765.000000,143.000000,0.240932,921486144.000000,0.363282,0,1
84,70,87,45,82,91,73,84,
761.000000,144.000000,0.241326,905372544.000000,0.364201,0,1
39,35,39,47,45,53,44,37,
763.000000,144.000000,0.241674,920553152.000000,0.365162,0,1
49,39,68,45,53,83,49,48,
764.000000,144.000000,0.241301,926032448.000000,0.363889,0,1
70,45,82,47,73,87,57,69,
765.000000,144.000000,0.241098,920393792.000000,0.363392,0,1
83,68,86,53,83,92,74,81,
762.000000,145.000000,0.241968,910515200.000000,0.364894,0,1
39,45,53,44,49,74,37,34,
763.000000,145.000000,0.241869,918829376.000000,0.365715,0,1
45,47,73,45,57,84,41,43,
764.000000,145.000000,0.241835,924712960.000000,0.364971,0,1
68,53,83,49,74,88,48,65,
765.000000,145.000000,0.241542,919553984.000000,0.364083,0,1
82,73,87,57,84,92,69,78,
761.000000,175.000000,0.234128,900789056.000000,0.133493,0,1
57,53,58,40,42,69,31,33,
763.000000,175.000000,0.236791,930934336.000000,0.356846,0,1
74,58,79,42,69,85,43,64,
764.000000,175.000000,0.237585,925923520.000000,0.358225,0,1
81,72,85,50,78,90,65,75,
761.000000,176.000000,0.236256,915898880.000000,0.356188,0,1
53,41,50,30,34,65,30,33,
762.000000,176.000000,0.236916,926441600.000000,0.357365,0,1
58,42,69,31,43,76,33,42,
763.000000,176.000000,0.237494,935475776.000000,0.357905,0,1
72,50,78,34,65,84,43,65,
765.000000,176.000000,0.239160,919225088.000000,0.360558,0,1
85,78,90,65,84,93,75,83,
760.000000,177.000000,0.237508,906732608.000000,0.358532,0,1
41,30,34,30,30,43,31,29,
761.000000,177.000000,0.237519,916150080.000000,0.357980,0,1
42,31,43,30,33,64,30,31,
762.000000,177.000000,0.237676,928298176.000000,0.358531,0,1
50,34,65,30,43,75,33,40,
763.000000,177.000000,0.237924,938955008.000000,0.358554,0,1
69,43,76,33,64,83,42,63,
764.000000,177.000000,0.238758,935242688.000000,0.359811,0,1
78,65,84,43,75,89,65,75,
765.000000,177.000000,0.239578,921317696.000000,0.361061,0,1
85,76,90,64,83,92,76,83,
760.000000,178.000000,0.237775,906823104.000000,0.358601,0,1
31,30,33,31,30,42,30,26,
761.000000,178.000000,0.237879,917099328.000000,0.358486,0,1
34,30,43,31,33,65,29,29,
762.000000,178.000000,0.238129,929900864.000000,0.359116,0,1
43,33,64,30,42,76,31,38,
763.000000,178.000000,0.238202,941727232.000000,0.358976,0,1
65,43,75,33,65,83,40,64,
764.000000,178.000000,0.238950,936582720.000000,0.360107,0,1
76,64,83,42,76,89,63,75,
765.000000,178.000000,0.239571,922191360.000000,0.361041,0,1
84,75,89,65,83,92,75,83,
760.000000,179.000000,0.237694,906985856.000000,0.358867,0,1
30,31,33,31,29,40,27,30,
761.000000,179.000000,0.237782,917656576.000000,0.358348,0,1
33,30,42,30,31,63,26,32,
762.000000,179.000000,0.238193,930848064.000000,0.359366,0,1
43,33,65,29,40,75,29,40,
765.000000,179.000000,0.239599,922024832.000000,0.361113,0,1
83,76,89,63,83,92,75,83,
766.000000,179.000000,0.240775,910911616.000000,0.363147,0,1
89,83,92,75,89,94,83,90,
760.000000,180.000000,0.237798,907084160.000000,0.359605,0,1
30,30,31,28,26,38,30,36,
762.000000,180.000000,0.237942,930980352.000000,0.359092,0,1
42,31,63,26,38,75,32,46,
763.000000,180.000000,0.238147,941464064.000000,0.359047,0,1
65,40,75,29,64,83,40,67,
765.000000,180.000000,0.239474,921425792.000000,0.361017,0,1
83,75,89,64,83,94,75,83,
761.000000,181.000000,0.237843,916827328.000000,0.358885,0,1
31,26,38,30,32,64,36,46,
762.000000,181.000000,0.238097,928959552.000000,0.359443,0,1
40,29,64,30,40,75,39,52,
763.000000,181.000000,0.238154,937640320.000000,0.359276,0,1
63,38,75,32,64,83,46,69,
764.000000,181.000000,0.238731,933075008.000000,0.360190,0,1
75,64,83,40,75,90,67,78,
765.000000,181.000000,0.239508,919858944.000000,0.361224,0,1
83,75,90,64,83,94,77,84,
760.000000,182.000000,0.237191,907209728.000000,0.358707,0,1
26,30,32,34,36,46,42,40,
761.000000,182.000000,0.237366,916227712.000000,0.358445,0,1
29,30,40,34,39,67,44,43,
762.000000,182.000000,0.237899,927646336.000000,0.359340,0,1
38,32,64,36,46,77,46,49,
763.000000,182.000000,0.238043,935736832.000000,0.358953,0,1
64,40,75,39,67,83,52,69,
764.000000,182.000000,0.238835,929123648.000000,0.360308,0,1
75,64,83,46,77,91,69,78,
765.000000,182.000000,0.239237,917407488.000000,0.360826,0,1
83,75,90,67,83,94,78,83,
760.000000,183.000000,0.237513,905506496.000000,0.357964,0,1
30,34,39,41,44,52,40,45,
762.000000,183.000000,0.237903,924178304.000000,0.359193,0,1
40,39,67,44,52,78,43,54,
763.000000,183.000000,0.238056,930507264.000000,0.359007,0,1
64,46,77,46,69,84,49,72,
764.000000,183.000000,0.238718,926855552.000000,0.359861,0,1
75,67,83,52,78,90,69,80,
770.000000,254.000000,0.243777,913255232.000000,0.368411,0,1
81,89,77,92,77,70,83,54,
768.000000,255.000000,0.240122,901772352.000000,0.145954,0,1
93,95,86,94,92,69,95,91,
769.000000,255.000000,0.243764,916252544.000000,0.367814,0,1
89,92,77,95,83,56,90,67,
770.000000,255.000000,0.243185,921947328.000000,0.366783,0,1
81,86,72,92,69,47,72,45,
771.000000,255.000000,0.242851,916534016.000000,0.366465,0,1
77,77,70,83,56,48,54,28,
772.000000,255.000000,0.242809,908559232.000000,0.366522,0,1
75,72,68,69,47,49,38,22,
767.000000,256.000000,0.243176,906719360.000000,0.368044,0,1
95,94,92,95,95,72,96,96,
768.000000,256.000000,0.240468,903026368.000000,0.146295,0,1
92,95,83,95,90,54,95,92,
769.000000,256.000000,0.242695,905671744.000000,0.148100,0,1
86,92,69,95,72,38,91,66,
770.000000,256.000000,0.242728,931270016.000000,0.365854,0,1
77,83,56,90,54,30,67,43,
771.000000,256.000000,0.242318,924265664.000000,0.365247,0,1
72,69,47,72,38,30,45,24,
772.000000,256.000000,0.242037,911876224.000000,0.364890,0,1
70,56,48,54,30,31,28,20,
773.000000,256.000000,0.242182,903987584.000000,0.365155,0,1
68,47,49,38,30,33,22,20,
767.000000,257.000000,0.242991,909833216.000000,0.366582,0,1
95,95,90,96,95,67,96,95,
768.000000,257.000000,0.241463,904228736.000000,0.147047,0,1
92,95,72,96,91,45,96,91,
769.000000,257.000000,0.242915,931863232.000000,0.366202,0,1
83,90,54,95,67,28,92,66,
770.000000,257.000000,0.242445,939176128.000000,0.366049,0,1
69,72,38,91,45,22,66,43,
771.000000,257.000000,0.241979,929530432.000000,0.364695,0,1
56,54,30,67,28,21,43,23,
772.000000,257.000000,0.241627,913224064.000000,0.364135,0,1
47,38,30,45,22,22,24,21,
773.000000,257.000000,0.242268,903969536.000000,0.365101,0,1
48,30,31,28,21,27,20,21,
767.000000,258.000000,0.242494,902318976.000000,0.147430,0,1
95,96,91,94,96,66,95,95,
769.000000,258.000000,0.242711,937723008.000000,0.365800,0,1
72,91,45,96,66,24,91,65,
770.000000,258.000000,0.242244,942970368.000000,0.365082,0,1
54,67,28,92,43,20,66,41,
771.000000,258.000000,0.243554,906372096.000000,0.149688,0,1
38,45,22,66,24,20,43,24,
772.000000,258.000000,0.243651,902809920.000000,0.150146,0,1
30,28,21,43,20,22,23,21,
773.000000,258.000000,0.243103,904067456.000000,0.367403,0,1
30,22,22,24,20,26,21,20,
767.000000,259.000000,0.241155,902187776.000000,0.146708,0,1
95,96,92,94,95,66,96,95,
768.000000,259.000000,0.241371,904774848.000000,0.147237,0,1
91,96,66,95,91,43,95,90,
769.000000,259.000000,0.242678,908049152.000000,0.148461,0,1
67,92,43,95,66,23,90,66,
770.000000,259.000000,0.242160,944217152.000000,0.365331,0,1
45,66,24,91,43,21,65,40,
771.000000,259.000000,0.244125,905718784.000000,0.150177,0,1
28,43,20,66,23,21,41,24,
772.000000,259.000000,0.241524,911513216.000000,0.363980,0,1
22,24,20,43,21,25,24,22,
760.000000,260.000000,0.236777,914010752.000000,0.356848,0,1
57,45,73,39,57,80,43,58,
768.000000,260.000000,0.241889,904925632.000000,0.147692,0,1
92,95,66,96,90,41,95,87,
769.000000,260.000000,0.242473,908018688.000000,0.148457,0,1
66,91,43,95,65,24,90,65,
770.000000,260.000000,0.242132,944139648.000000,0.365341,0,1
43,66,23,90,41,21,66,38,
772.000000,260.000000,0.245031,902172672.000000,0.151282,0,1
20,23,21,41,21,22,24,18,
760.000000,261.000000,0.235894,915395904.000000,0.355514,0,1
58,45,75,37,55,80,47,59,
761.000000,261.000000,0.235122,917435264.000000,0.354332,0,1
73,57,80,43,75,86,58,77,
767.000000,261.000000,0.241086,902294016.000000,0.146916,0,1
95,96,90,95,95,66,96,96,
768.000000,261.000000,0.242458,905103936.000000,0.148180,0,1
91,95,65,96,90,40,95,87,
769.000000,261.000000,0.242599,908069184.000000,0.148664,0,1
66,90,41,95,66,24,87,66,
770.000000,261.000000,0.242182,943836800.000000,0.364970,0,1
43,65,24,90,40,22,65,37,
771.000000,261.000000,0.244416,905478656.000000,0.150617,0,1
23,41,21,66,24,25,38,24,
772.000000,261.000000,0.245142,902139968.000000,0.151482,0,1
21,24,20,40,22,29,24,18,
773.000000,261.000000,0.243567,903579264.000000,0.368215,0,1
21,21,22,24,25,31,18,17,
774.000000,261.000000,0.243982,900211968.000000,0.151529,0,1
25,20,27,22,29,32,18,20,
760.000000,262.000000,0.235331,914896000.000000,0.354663,0,1
57,43,75,42,58,81,51,60,
761.000000,262.000000,0.234476,917129664.000000,0.353358,0,1
75,55,80,47,76,86,59,77,
767.000000,262.000000,0.241331,902410560.000000,0.147199,0,1
95,96,90,95,95,65,96,95,
768.000000,262.000000,0.243015,905270528.000000,0.148664,0,1
90,95,66,96,87,38,96,85,
769.000000,262.000000,0.242790,940727808.000000,0.365944,0,1
65,90,40,95,65,24,87,66,
770.000000,262.000000,0.242126,943076800.000000,0.364886,0,1
41,66,24,87,38,18,66,36,
771.000000,262.000000,0.244213,905495552.000000,0.150616,0,1
24,40,22,65,24,18,37,25,
772.000000,262.000000,0.245159,902113728.000000,0.151621,0,1
21,24,25,38,18,21,24,18,
774.000000,262.000000,0.244801,901454208.000000,0.377751,0,1
22,25,31,18,21,29,17,19,
767.000000,263.000000,0.241669,902450304.000000,0.147543,0,1
95,96,87,95,96,66,95,95,
768.000000,263.000000,0.243303,905237952.000000,0.148977,0,1
90,95,65,96,87,37,95,87,
769.000000,263.000000,0.242700,907717568.000000,0.148985,0,1
66,87,38,96,66,24,85,72,
770.000000,263.000000,0.242064,942681088.000000,0.364793,0,1
40,65,24,87,37,18,66,45,
771.000000,263.000000,0.244200,905303808.000000,0.150736,0,1
24,38,18,66,24,17,36,30,
773.000000,263.000000,0.243522,904041152.000000,0.368392,0,1
25,18,21,24,17,24,18,19,
767.000000,264.000000,0.242136,902375104.000000,0.147971,0,1
95,96,87,93,95,66,95,96,
768.000000,264.000000,0.243239,922958016.000000,0.366564,0,1
87,96,66,95,85,36,95,89,
769.000000,264.000000,0.243135,907005632.000000,0.149393,0,1
65,87,37,95,66,25,87,78,
770.000000,264.000000,0.242049,938700032.000000,0.364771,0,1
38,66,24,85,36,18,72,57,
771.000000,264.000000,0.243874,904925952.000000,0.150657,0,1
24,37,18,66,25,16,45,41,
772.000000,264.000000,0.245669,901822848.000000,0.152211,0,1
18,24,17,36,18,19,30,30,
773.000000,264.000000,0.242788,900598464.000000,0.150745,0,1
18,18,20,25,16,24,22,26,
774.000000,264.000000,0.243472,900261248.000000,0.369663,0,1
21,17,24,18,19,30,19,26,
767.000000,265.000000,0.241965,901949760.000000,0.147994,0,1
96,95,85,94,95,72,96,96,
768.000000,265.000000,0.243214,904126016.000000,0.149182,0,1
87,95,66,95,87,45,96,90,
769.000000,265.000000,0.242658,930511232.000000,0.365689,0,1
66,85,36,95,72,30,89,81,
770.000000,265.000000,0.242022,931869056.000000,0.364730,0,1
37,66,25,87,45,22,78,68,
771.000000,265.000000,0.243728,903959808.000000,0.150693,0,1
24,36,18,72,30,19,57,55,
772.000000,265.000000,0.244315,901637120.000000,0.151468,0,1
18,25,16,45,22,21,41,44,
773.000000,265.000000,0.243586,900510528.000000,0.151392,0,1
17,18,19,30,19,25,30,38,
774.000000,265.000000,0.242971,900287424.000000,0.371027,0,1
20,16,24,22,21,30,26,35,
768.000000,266.000000,0.242943,903074176.000000,0.149142,0,1
85,95,72,96,89,57,96,91,
769.000000,266.000000,0.242644,924713280.000000,0.365667,0,1
66,87,45,96,78,41,90,82,
770.000000,266.000000,0.241843,924681408.000000,0.364459,0,1
36,72,30,89,57,30,81,73,
771.000000,266.000000,0.241026,917202560.000000,0.363229,0,1
25,45,22,78,41,26,68,66,
773.000000,266.000000,0.240418,903959040.000000,0.369420,0,1
16,22,21,41,26,27,44,55,
768.000000,267.000000,0.244172,908138368.000000,0.368508,0,1
87,96,78,96,90,68,95,91,
769.000000,267.000000,0.242914,916628160.000000,0.366304,0,1
72,89,57,96,81,55,91,82,
770.000000,267.000000,0.241858,918291584.000000,0.364483,0,1
45,78,41,90,68,44,82,76,
771.000000,267.000000,0.240966,912723584.000000,0.363138,0,1
30,57,30,81,55,38,73,72,
772.000000,267.000000,0.240108,906682944.000000,0.361845,0,1
22,41,26,68,44,35,66,69,
770.000000,268.000000,0.242670,911741376.000000,0.365707,0,1
57,81,55,91,73,60,82,78,
771.000000,268.000000,0.241575,908808704.000000,0.364056,0,1
41,68,44,82,66,55,76,75,
783.000000,29.000000,0.027407,912536384.000000,0.041845,0,1
137,114,104,80,66,72,74,116,
784.000000,29.000000,0.029466,910022336.000000,0.045468,0,1
133,110,100,73,59,86,83,129,
784.000000,30.000000,0.027194,917433920.000000,0.041226,0,1
104,66,72,74,99,135,116,139,
745.000000,87.000000,0.022187,912926720.000000,0.033673,0,1
43,41,62,41,64,95,65,90,
746.000000,87.000000,0.022083,912760576.000000,0.033365,0,1
47,48,78,49,83,99,85,94,
747.000000,87.000000,0.021325,911965952.000000,0.032616,0,1
56,62,90,64,95,93,94,98,
745.000000,88.000000,0.021398,915930304.000000,0.032311,0,1
48,49,83,49,85,99,80,83,
745.000000,89.000000,0.020766,918453888.000000,0.031321,0,1
64,65,94,63,90,98,67,69,
199.000000,94.000000,0.053111,934158592.000000,0.080562,0,1
95,70,106,55,86,108,66,82,
644.000000,100.000000,0.020609,906351232.000000,0.031960,0,1
81,71,91,73,83,63,68,85,
658.000000,100.000000,0.020003,901571520.000000,0.007995,0,1
101,93,105,70,104,92,97,103,
711.000000,118.000000,0.015005,900909312.000000,0.008100,0,1
65,64,53,78,44,31,43,36,
708.000000,120.000000,0.001932,901135616.000000,0.002120,0,1
95,95,64,87,68,41,48,26,
762.000000,121.000000,0.195431,900147136.000000,0.286542,0,1
30,27,33,31,32,50,29,33,
762.000000,123.000000,0.145916,900440960.000000,0.209406,0,1
32,29,35,30,33,52,34,50,
760.000000,175.000000,0.219055,900132928.000000,0.323408,0,1
57,53,53,40,41,50,30,30,
760.000000,176.000000,0.235499,908301184.000000,0.356465,0,1
53,40,42,30,31,43,30,30,
759.000000,177.000000,0.234940,903993024.000000,0.356520,0,1
40,30,31,31,30,33,31,30,
759.000000,181.000000,0.237324,901673280.000000,0.359393,0,1
30,28,26,31,30,32,34,42,
758.000000,260.000000,0.234896,911449792.000000,0.366209,0,1
42,40,45,36,39,57,39,42,
759.000000,260.000000,0.234586,922520896.000000,0.366656,0,1
44,41,58,36,45,75,37,47,
758.000000,261.000000,0.234180,911986560.000000,0.365324,0,1
41,36,45,39,37,55,41,47,
759.000000,261.000000,0.234293,922492672.000000,0.366496,0,1
45,39,57,39,43,75,42,51,
179.000000,4.000000,0.050873,941678144.000000,0.113566,0,1
153,153,148,156,152,136,153,153,
180.000000,4.000000,0.051353,985944768.000000,0.114366,0,1
148,152,134,153,148,110,151,149,
182.000000,4.000000,0.051724,1084488192.000000,0.114500,0,1
108,134,79,148,110,83,137,112,
183.000000,4.000000,0.051720,1080394624.000000,0.114151,0,1
80,109,84,136,80,111,112,86,
184.000000,4.000000,0.051993,1057077760.000000,0.114424,0,1
84,79,114,110,83,140,83,83,
188.000000,4.000000,0.053044,948478848.000000,0.115415,0,1
158,156,157,140,157,157,154,156,
179.000000,5.000000,0.050864,938515520.000000,0.113332,0,1
152,153,148,155,151,137,155,154,
180.000000,5.000000,0.051507,981375296.000000,0.114521,0,1
148,152,136,153,147,112,153,150,
181.000000,5.000000,0.051601,1029530752.000000,0.114390,0,1
134,148,110,151,137,83,149,141,
182.000000,5.000000,0.051611,1077672960.000000,0.114041,0,1
109,136,80,147,112,83,139,111,
183.000000,5.000000,0.051609,1077619328.000000,0.113686,0,1
79,110,83,137,83,109,112,88,
184.000000,5.000000,0.051925,1055584640.000000,0.114068,0,1
84,80,111,112,83,138,86,84,
185.000000,5.000000,0.051885,1078980992.000000,0.113625,0,1
114,83,140,83,109,154,83,105,
186.000000,5.000000,0.051950,1086564352.000000,0.113416,0,1
142,111,155,83,138,157,107,138,
187.000000,5.000000,0.052221,1021020224.000000,0.113688,0,1
156,140,157,109,154,157,138,153,
188.000000,5.000000,0.052851,950527936.000000,0.114772,0,1
157,155,158,138,157,156,153,156,
179.000000,6.000000,0.050925,932501952.000000,0.113228,0,1
152,153,147,155,153,139,155,154,
180.000000,6.000000,0.051291,979183040.000000,0.113833,0,1
148,151,137,155,149,112,154,151,
181.000000,6.000000,0.051900,1022562816.000000,0.114876,0,1
136,147,112,153,139,86,150,144,
182.000000,6.000000,0.051621,1072351680.000000,0.113864,0,1
110,137,83,149,112,83,141,113,
183.000000,6.000000,0.051578,1075469952.000000,0.113413,0,1
80,112,83,139,86,107,111,90,
184.000000,6.000000,0.051704,1055557248.000000,0.113358,0,1
83,83,109,112,83,138,88,84,
185.000000,6.000000,0.051975,1074130432.000000,0.113622,0,1
111,83,138,86,107,153,84,102,
186.000000,6.000000,0.051822,1084631296.000000,0.112922,0,1
140,109,154,83,138,156,105,139,
187.000000,6.000000,0.052034,1023180224.000000,0.113052,0,1
155,138,157,107,153,156,138,153,
188.000000,6.000000,0.052430,952070848.000000,0.113608,0,1
157,154,157,138,156,156,153,156,
180.000000,7.000000,0.050990,976901440.000000,0.112945,0,1
147,153,139,155,150,111,154,151,
181.000000,7.000000,0.051810,1018980800.000000,0.114463,0,1
137,149,112,154,141,88,151,144,
182.000000,7.000000,0.051723,1069304256.000000,0.113895,0,1
112,139,86,150,111,84,144,115,
183.000000,7.000000,0.051661,1075387520.000000,0.113401,0,1
83,112,83,141,88,105,113,91,
184.000000,7.000000,0.051474,1055821504.000000,0.112625,0,1
83,86,107,111,84,138,90,84,
185.000000,7.000000,0.051988,1070646784.000000,0.113447,0,1
109,83,138,88,105,153,84,100,
186.000000,7.000000,0.051760,1083666048.000000,0.112577,0,1
138,107,153,84,138,156,102,138,
187.000000,7.000000,0.051865,1027246784.000000,0.112458,0,1
154,138,156,105,153,155,139,152,
188.000000,7.000000,0.052112,952753536.000000,0.112691,0,1
157,153,156,138,156,156,153,156,
675.000000,24.000000,0.020786,942594432.000000,0.033100,0,1
60,57,69,59,63,114,80,70,
675.000000,25.000000,0.021291,958796736.000000,0.033193,0,1
59,68,81,62,67,129,76,76,
784.000000,31.000000,0.025261,929789440.000000,0.075942,0,1
59,83,121,102,129,141,133,139,
746.000000,85.000000,0.025701,904839872.000000,0.034211,0,1
39,41,45,40,47,70,48,83,
747.000000,85.000000,0.023540,904524096.000000,0.031399,0,1
41,43,52,43,56,72,62,95,
197.000000,86.000000,0.058569,908767360.000000,0.055996,0,1
70,55,76,49,61,87,41,57,
198.000000,86.000000,0.057778,913712576.000000,0.054866,0,1
83,64,97,51,72,97,57,77,
745.000000,86.000000,0.027645,905449152.000000,0.036698,0,1
41,40,47,39,48,78,49,85,
746.000000,86.000000,0.024483,916187840.000000,0.036982,0,1
43,43,56,41,62,90,64,94,
747.000000,86.000000,0.023260,916827584.000000,0.035053,0,1
45,47,70,48,78,86,83,99,
742.000000,87.000000,0.025462,901570624.000000,0.033452,0,1
42,42,39,39,38,49,36,46,
744.000000,87.000000,0.028139,906995456.000000,0.037231,0,1
40,39,48,38,49,83,49,80,
743.000000,88.000000,0.027667,908272768.000000,0.036472,0,1
39,38,49,36,49,85,46,54,
742.000000,89.000000,0.028990,904480640.000000,0.038102,0,1
38,36,49,38,46,80,39,43,
743.000000,89.000000,0.028391,910554048.000000,0.037418,0,1
41,39,65,38,63,90,44,46,
645.000000,97.000000,0.019350,912164800.000000,0.030751,0,1
97,85,91,80,86,68,81,91,
645.000000,98.000000,0.019835,914490368.000000,0.031409,0,1
88,81,85,76,88,55,82,86,
658.000000,98.000000,0.018922,946106688.000000,0.028516,0,1
92,80,103,54,101,100,93,104,
645.000000,99.000000,0.020055,918465472.000000,0.030845,0,1
86,81,76,71,91,48,83,78,
657.000000,99.000000,0.018676,954115392.000000,0.028146,0,1
80,54,101,40,93,105,70,97,
658.000000,99.000000,0.018172,937807616.000000,0.027386,0,1
97,87,105,62,103,98,94,104,
645.000000,100.000000,0.020237,918425856.000000,0.031362,0,1
88,82,72,68,86,42,84,71,
657.000000,100.000000,0.017985,947076736.000000,0.027104,0,1
87,62,103,43,94,102,77,99,
655.000000,106.000000,0.019739,914817024.000000,0.018855,0,1
72,51,96,36,84,92,56,77,
711.000000,117.000000,0.038518,905861184.000000,0.045487,0,1
49,65,56,87,63,40,52,35,
179.000000,8.000000,0.052639,936162048.000000,0.197859,0,1
153,155,150,154,154,144,154,154,
180.000000,8.000000,0.051636,1068890560.000000,0.193196,0,1
149,154,141,155,151,113,155,151,
181.000000,8.000000,0.051950,1172747520.000000,0.193853,0,1
139,150,111,154,144,90,151,144,
183.000000,8.000000,0.051840,1322461952.000000,0.192204,0,1
86,111,84,144,90,102,115,92,
184.000000,8.000000,0.051633,1265658624.000000,0.190764,0,1
83,88,105,113,84,139,91,82,
185.000000,8.000000,0.051953,1291383296.000000,0.191438,0,1
107,84,138,90,102,153,84,96,
186.000000,8.000000,0.051679,1347476224.000000,0.189755,0,1
138,105,153,84,139,156,100,137,
187.000000,8.000000,0.051724,1197928448.000000,0.189334,0,1
153,138,156,102,153,156,138,152,
188.000000,8.000000,0.051594,1011077632.000000,0.188231,0,1
156,153,155,139,156,156,152,156,
179.000000,9.000000,0.052689,934206272.000000,0.197723,0,1
154,155,151,153,155,144,153,153,
180.000000,9.000000,0.051925,1054366144.000000,0.194033,0,1
150,154,144,154,151,115,154,150,
181.000000,9.000000,0.051978,1166780672.000000,0.193638,0,1
141,151,113,155,144,91,151,143,
182.000000,9.000000,0.051801,1296228224.000000,0.192296,0,1
111,144,90,151,115,84,144,117,
183.000000,9.000000,0.051902,1326055168.000000,0.192107,0,1
88,113,84,144,91,100,117,92,
184.000000,9.000000,0.051705,1258293760.000000,0.190722,0,1
84,90,102,115,84,138,92,82,
186.000000,9.000000,0.051646,1338144640.000000,0.189295,0,1
138,102,153,84,138,156,96,134,
187.000000,9.000000,0.051616,1199987712.000000,0.188580,0,1
153,139,156,100,152,158,137,151,
188.000000,9.000000,0.051454,1012061568.000000,0.187370,0,1
156,153,156,138,156,158,152,156,
179.000000,10.000000,0.052364,940172224.000000,0.196060,0,1
154,154,151,153,154,144,153,154,
180.000000,10.000000,0.051979,1048173376.000000,0.193895,0,1
151,155,144,153,151,117,153,150,
181.000000,10.000000,0.052040,1167329664.000000,0.193544,0,1
144,151,115,154,144,92,150,143,
183.000000,10.000000,0.051951,1337347072.000000,0.191965,0,1
90,115,84,144,92,96,117,91,
184.000000,10.000000,0.051756,1258918144.000000,0.190590,0,1
84,91,100,117,82,137,92,80,
185.000000,10.000000,0.052021,1270688384.000000,0.191026,0,1
102,84,138,92,96,152,82,90,
179.000000,11.000000,0.052096,944327296.000000,0.194681,0,1
155,153,151,153,153,143,153,152,
180.000000,11.000000,0.051862,1047810944.000000,0.193113,0,1
151,154,144,153,150,117,154,150,
181.000000,11.000000,0.051972,1169531392.000000,0.192932,0,1
144,151,117,153,143,92,150,143,
182.000000,11.000000,0.051874,1296442752.000000,0.191927,0,1
115,144,92,150,117,82,143,121,
183.000000,11.000000,0.051996,1349895168.000000,0.191801,0,1
91,117,82,143,92,92,119,91,
184.000000,11.000000,0.051751,1262357504.000000,0.190234,0,1
84,92,96,117,82,134,91,77,
185.000000,11.000000,0.052052,1273274112.000000,0.190790,0,1
100,82,137,92,92,151,80,88,
186.000000,11.000000,0.051700,1347429632.000000,0.188844,0,1
138,96,152,82,134,156,90,127,
187.000000,11.000000,0.051698,1234846208.000000,0.188222,0,1
152,137,156,92,151,157,131,149,
188.000000,11.000000,0.051510,1040080320.000000,0.186868,0,1
156,152,158,134,156,158,150,155,
179.000000,12.000000,0.051652,953028160.000000,0.192631,0,1
154,153,150,153,154,143,153,152,
180.000000,12.000000,0.051818,1047019584.000000,0.192612,0,1
151,153,143,153,150,119,152,150,
181.000000,12.000000,0.051791,1176187904.000000,0.191880,0,1
144,150,117,154,143,91,150,142,
183.000000,12.000000,0.051894,1357734528.000000,0.191058,0,1
92,117,82,143,91,90,121,90,
184.000000,12.000000,0.051812,1275020800.000000,0.190132,0,1
82,92,92,119,80,131,91,77,
185.000000,12.000000,0.052005,1286335360.000000,0.190294,0,1
96,82,134,91,90,150,77,88,
186.000000,12.000000,0.051798,1357572096.000000,0.188890,0,1
137,92,151,80,131,156,88,124,
188.000000,12.000000,0.051618,1058223360.000000,0.186940,0,1
156,151,157,131,156,157,149,154,
674.000000,23.000000,0.021136,951224128.000000,0.046624,0,1
55,62,60,74,57,69,59,80,
674.000000,24.000000,0.021290,949002048.000000,0.046900,0,1
54,60,59,71,68,81,62,76,
674.000000,25.000000,0.020895,959530368.000000,0.045948,0,1
57,59,63,71,80,97,64,67,
674.000000,26.000000,0.020720,985511552.000000,0.045491,0,1
68,62,67,69,76,110,63,65,
783.000000,28.000000,0.022248,944169088.000000,0.111699,0,1
145,140,133,117,110,100,73,83,
784.000000,28.000000,0.022020,972569728.000000,0.110802,0,1
145,137,129,114,104,100,66,99,
783.000000,30.000000,0.023493,930476032.000000,0.070219,0,1
110,73,59,74,83,121,102,133,
783.000000,31.000000,0.021998,968044032.000000,0.111599,0,1
66,74,99,91,116,138,124,134,
645.000000,72.000000,0.019492,950738304.000000,0.036149,0,1
94,95,72,79,74,52,83,96,
486.000000,77.000000,0.012252,945221632.000000,0.019503,0,1
74,58,111,75,67,111,56,65,
484.000000,79.000000,0.011504,926503040.000000,0.019395,0,1
75,93,56,89,89,65,99,98,
644.000000,85.000000,0.018852,926899328.000000,0.034285,0,1
93,90,88,95,96,74,88,92,
646.000000,97.000000,0.020320,965382912.000000,0.036888,0,1
97,88,79,81,85,44,88,72,
656.000000,99.000000,0.019605,995298368.000000,0.037022,0,1
45,37,87,33,62,103,43,77,
655.000000,100.000000,0.019406,967035904.000000,0.036464,0,1
37,33,62,34,43,94,31,56,
645.000000,101.000000,0.020806,955547136.000000,0.037504,0,1
91,83,63,68,78,37,85,63,
644.000000,103.000000,0.021390,940807744.000000,0.038351,0,1
84,70,71,74,80,44,72,73,
653.000000,106.000000,0.020615,939456384.000000,0.038296,0,1
31,29,51,28,36,84,25,46,
653.000000,107.000000,0.019788,962274880.000000,0.036714,0,1
31,27,61,26,38,70,26,53,
654.000000,107.000000,0.019663,970629120.000000,0.036630,0,1
51,36,84,25,56,75,46,72,
654.000000,108.000000,0.019378,978962560.000000,0.036069,0,1
61,38,70,26,65,79,53,61,
655.000000,108.000000,0.018901,954943552.000000,0.035315,0,1
84,56,75,46,77,79,72,60,
643.000000,109.000000,0.016208,924723648.000000,0.028697,0,1
66,68,66,82,70,43,73,53,
644.000000,109.000000,0.017943,924756992.000000,0.031951,0,1
69,64,47,77,71,32,68,50,
655.000000,109.000000,0.018326,950605632.000000,0.034205,0,1
70,65,79,53,74,90,61,44,
643.000000,110.000000,0.016577,920913408.000000,0.029645,0,1
64,77,71,78,68,42,57,41,
655.000000,110.000000,0.018523,931641152.000000,0.034558,0,1
77,72,76,54,60,78,44,35,
708.000000,119.000000,0.007692,968710720.000000,0.017324,0,1
101,103,78,99,83,43,81,44,
711.000000,120.000000,0.008464,923010432.000000,0.019267,0,1
44,43,30,53,36,27,36,22,
179.000000,13.000000,0.051780,1017397504.000000,0.317121,0,1
153,153,150,153,152,143,153,153,
180.000000,13.000000,0.051894,1286212352.000000,0.316975,0,1
150,154,143,153,150,121,152,150,
181.000000,13.000000,0.051856,1649187328.000000,0.315694,0,1
143,150,119,152,143,91,150,144,
182.000000,13.000000,0.051928,1991895168.000000,0.315159,0,1
117,143,91,150,121,77,142,126,
183.000000,13.000000,0.051871,2188552704.000000,0.313740,0,1
92,119,80,143,91,88,122,89,
184.000000,13.000000,0.051795,2007375232.000000,0.312223,0,1
82,91,90,121,77,127,90,78,
187.000000,13.000000,0.051663,1891942144.000000,0.308342,0,1
151,131,156,88,149,156,124,149,
188.000000,13.000000,0.051574,1327682048.000000,0.306744,0,1
156,150,157,127,155,156,149,155,
179.000000,14.000000,0.051497,1035830208.000000,0.314735,0,1
154,153,150,153,152,142,153,151,
180.000000,14.000000,0.051864,1269153536.000000,0.316239,0,1
150,152,143,153,150,122,153,149,
181.000000,14.000000,0.051768,1649442560.000000,0.314567,0,1
143,150,121,152,142,90,150,144,
182.000000,14.000000,0.051950,1956401920.000000,0.314767,0,1
119,143,91,150,122,77,144,128,
183.000000,14.000000,0.051829,2200189952.000000,0.312914,0,1
91,121,77,142,90,88,126,90,
184.000000,14.000000,0.051762,2000285824.000000,0.311464,0,1
80,91,88,122,77,124,89,80,
187.000000,14.000000,0.051660,1918109440.000000,0.307778,0,1
150,127,155,88,149,155,121,148,
188.000000,14.000000,0.051599,1371140224.000000,0.306354,0,1
156,149,156,124,154,155,149,153,
180.000000,15.000000,0.051993,1223309824.000000,0.316582,0,1
150,152,142,153,150,126,151,150,
181.000000,15.000000,0.051693,1646935552.000000,0.313538,0,1
143,150,122,153,144,89,149,143,
182.000000,15.000000,0.051978,1927625472.000000,0.314430,0,1
121,142,90,150,126,78,144,130,
183.000000,15.000000,0.051803,2209639168.000000,0.312209,0,1
91,122,77,144,89,88,128,92,
184.000000,15.000000,0.051779,2001743232.000000,0.311050,0,1
77,90,88,126,78,121,90,81,
186.000000,15.000000,0.051711,2188322816.000000,0.308610,0,1
127,88,149,78,121,155,88,115,
187.000000,15.000000,0.051644,1953781760.000000,0.307136,0,1
149,124,154,88,149,155,118,148,
188.000000,15.000000,0.051641,1410550784.000000,0.306084,0,1
155,149,155,121,155,154,148,151,
180.000000,16.000000,0.052147,1188652800.000000,0.317102,0,1
150,153,144,152,149,128,152,150,
181.000000,16.000000,0.051727,1616905216.000000,0.313235,0,1
142,150,126,151,144,90,150,144,
182.000000,16.000000,0.051962,1919564800.000000,0.313784,0,1
122,144,89,149,128,80,143,131,
183.000000,16.000000,0.051806,2220780032.000000,0.311711,0,1
90,126,78,144,90,88,130,94,
184.000000,16.000000,0.051802,2020235264.000000,0.310680,0,1
77,89,88,128,80,118,92,80,
185.000000,16.000000,0.051623,1990904064.000000,0.308479,0,1
88,78,121,90,88,148,81,86,
186.000000,16.000000,0.051729,2190245376.000000,0.308186,0,1
124,88,149,80,118,153,88,112,
187.000000,16.000000,0.051591,1960570880.000000,0.306248,0,1
149,121,155,88,148,155,115,149,
188.000000,16.000000,0.051629,1432078464.000000,0.305474,0,1
154,149,155,118,153,153,148,153,
674.000000,22.000000,0.021783,1034131712.000000,0.080758,0,1
56,67,58,80,54,66,60,68,
675.000000,23.000000,0.020774,1092460800.000000,0.077049,0,1
58,54,66,60,59,95,68,67,
630.000000,51.000000,0.019221,1117896320.000000,0.058009,0,1
89,131,86,146,123,81,139,132,
631.000000,51.000000,0.019129,1145284608.000000,0.057953,0,1
90,105,82,142,98,74,128,121,
644.000000,70.000000,0.019742,1000053824.000000,0.061330,0,1
110,109,96,112,104,75,101,76,
198.000000,87.000000,0.053564,1187331456.000000,0.167982,0,1
76,61,87,41,74,111,57,78,
645.000000,102.000000,0.020911,1098101888.000000,0.063281,0,1
86,84,54,70,71,35,80,57,
645.000000,103.000000,0.021112,1113574912.000000,0.063860,0,1
78,85,49,71,63,34,75,55,
645.000000,104.000000,0.021260,1124126976.000000,0.064278,0,1
71,80,44,72,57,33,73,54,
646.000000,104.000000,0.020868,1102257280.000000,0.063329,0,1
49,63,34,75,40,31,55,39,
644.000000,108.000000,0.020347,1006765824.000000,0.061018,0,1
70,66,52,68,66,34,70,71,
654.000000,111.000000,0.019461,980599232.000000,0.060722,0,1
72,54,60,31,44,48,36,34,
655.000000,116.000000,0.023337,936525312.000000,0.073321,0,1
32,27,39,25,33,52,27,52,
656.000000,116.000000,0.023001,935854144.000000,0.072534,0,1
37,30,41,24,46,50,44,57,
655.000000,117.000000,0.022431,948823360.000000,0.070359,0,1
30,24,46,24,44,61,33,41,
656.000000,117.000000,0.023622,956547968.000000,0.074523,0,1
39,33,52,27,57,61,52,41,
654.000000,118.000000,0.022109,940825408.000000,0.069003,0,1
24,24,44,27,33,57,25,30,
708.000000,118.000000,0.006702,1069890816.000000,0.025158,0,1
98,108,87,104,95,52,95,68,
709.000000,118.000000,0.006297,1101633024.000000,0.023706,0,1
85,101,64,103,78,44,83,53,
709.000000,119.000000,0.006540,1114999680.000000,0.024624,0,1
87,95,52,95,64,35,68,40,
710.000000,119.000000,0.006835,1078141568.000000,0.025832,0,1
64,78,44,83,43,30,53,36,
711.000000,119.000000,0.006877,991286272.000000,0.026079,0,1
63,52,37,64,35,28,41,32,
180.000000,17.000000,0.051912,1666098944.000000,0.480741,0,1
150,151,144,152,150,130,152,150,
181.000000,17.000000,0.051784,2574863872.000000,0.477823,0,1
144,149,128,152,143,92,150,144,
182.000000,17.000000,0.051855,3501505024.000000,0.477037,0,1
126,144,90,150,130,81,144,130,
183.000000,17.000000,0.051759,4265447680.000000,0.474409,0,1
89,128,80,143,92,88,131,96,
185.000000,17.000000,0.051561,3774898688.000000,0.469189,0,1
88,80,118,92,88,148,80,85,
186.000000,17.000000,0.051680,4340536832.000000,0.468890,0,1
121,88,148,81,115,151,86,108,
187.000000,17.000000,0.051534,3759214592.000000,0.465792,0,1
149,118,153,88,148,153,112,148,
188.000000,17.000000,0.051553,2327886848.000000,0.464428,0,1
155,148,155,115,151,153,149,153,
181.000000,18.000000,0.051812,2560036352.000000,0.477343,0,1
144,150,130,152,144,94,150,144,
182.000000,18.000000,0.051875,3442018304.000000,0.476458,0,1
128,143,92,150,131,80,144,130,
183.000000,18.000000,0.051770,4352296448.000000,0.473749,0,1
90,130,81,144,94,86,130,98,
184.000000,18.000000,0.051785,3953412608.000000,0.472346,0,1
80,92,88,131,80,112,96,80,
185.000000,18.000000,0.051539,3829855232.000000,0.468173,0,1
88,81,115,94,86,149,80,85,
186.000000,18.000000,0.051677,4278486016.000000,0.468075,0,1
118,88,148,80,112,153,85,106,
187.000000,18.000000,0.051534,3846026496.000000,0.464999,0,1
148,115,151,86,149,154,108,147,
188.000000,18.000000,0.051505,2358877184.000000,0.463129,0,1
153,148,153,112,153,154,148,151,
181.000000,19.000000,0.051822,2517049344.000000,0.476680,0,1
143,150,131,152,144,96,150,144,
182.000000,19.000000,0.051847,3421234176.000000,0.475378,0,1
130,144,94,150,130,80,144,130,
183.000000,19.000000,0.051785,4368436224.000000,0.473135,0,1
92,131,80,144,96,85,130,100,
184.000000,19.000000,0.051813,3976104192.000000,0.471865,0,1
81,94,86,130,80,108,98,79,
185.000000,19.000000,0.051561,3801946112.000000,0.467618,0,1
88,80,112,96,85,148,80,83,
186.000000,19.000000,0.051671,4236197888.000000,0.467221,0,1
115,86,149,80,108,153,85,104,
188.000000,19.000000,0.051508,2427591168.000000,0.462364,0,1
151,149,154,108,153,154,147,150,
180.000000,20.000000,0.051803,1558299392.000000,0.477293,0,1
150,152,144,152,150,130,151,150,
181.000000,20.000000,0.051838,2471092480.000000,0.476092,0,1
144,150,130,152,144,98,150,147,
182.000000,20.000000,0.051842,3344256512.000000,0.474542,0,1
131,144,96,150,130,80,144,131,
183.000000,20.000000,0.051779,4343829504.000000,0.472299,0,1
94,130,80,144,98,85,130,103,
184.000000,20.000000,0.051811,3989100544.000000,0.471067,0,1
80,96,85,130,80,106,100,81,
185.000000,20.000000,0.051602,3707242240.000000,0.467272,0,1
86,80,108,98,85,147,79,84,
186.000000,20.000000,0.051664,4190107136.000000,0.466363,0,1
112,85,148,80,106,151,83,103,
187.000000,20.000000,0.051570,4065949696.000000,0.463793,0,1
149,108,153,85,147,153,104,141,
188.000000,20.000000,0.051535,2553590272.000000,0.461861,0,1
153,148,154,106,151,153,144,151,
677.000000,21.000000,0.020634,1771577984.000000,0.123131,0,1
58,59,97,58,72,121,66,95,
671.000000,34.000000,0.021347,1477130240.000000,0.122803,0,1
52,66,49,81,51,97,56,62,
670.000000,43.000000,0.021266,1184604928.000000,0.120428,0,1
77,59,86,61,103,120,103,131,
631.000000,50.000000,0.020057,1502938880.000000,0.097022,0,1
105,89,92,131,86,85,123,112,
638.000000,55.000000,0.021008,1246319104.000000,0.103862,0,1
88,66,84,59,70,74,76,95,
637.000000,56.000000,0.022011,1196058624.000000,0.108454,0,1
66,59,70,84,76,58,106,117,
638.000000,56.000000,0.021033,1263448448.000000,0.103829,0,1
80,58,73,82,68,55,107,114,
639.000000,56.000000,0.021229,1385867392.000000,0.105259,0,1
84,70,74,76,58,61,95,84,
639.000000,57.000000,0.021161,1343587456.000000,0.104750,0,1
73,68,55,107,72,68,114,92,
637.000000,58.000000,0.021476,1366904320.000000,0.105380,0,1
76,106,95,107,117,84,117,124,
640.000000,58.000000,0.021477,1462180864.000000,0.106649,0,1
55,72,68,114,70,66,92,100,
643.000000,67.000000,0.020408,1215155072.000000,0.101069,0,1
108,119,103,117,115,96,116,109,
643.000000,68.000000,0.020082,1116089472.000000,0.099258,0,1
112,119,109,120,114,97,114,110,
645.000000,71.000000,0.020711,1312624256.000000,0.102947,0,1
96,104,75,101,89,55,76,83,
646.000000,72.000000,0.020647,1474464512.000000,0.102908,0,1
75,89,55,76,63,53,83,69,
646.000000,73.000000,0.020417,1438792960.000000,0.101589,0,1
72,74,52,83,66,55,96,67,
742.000000,88.000000,0.022121,1074337024.000000,0.152751,0,1
39,38,41,38,39,65,38,44,
199.000000,95.000000,0.053369,1636067584.000000,0.272664,0,1
89,66,103,56,86,107,66,79,
654.000000,97.000000,0.021267,1159706112.000000,0.107031,0,1
40,44,33,48,35,45,42,33,
653.000000,105.000000,0.022475,1174031872.000000,0.112322,0,1
31,33,46,32,31,78,27,38,
180.000000,21.000000,0.051622,2512300032.000000,0.660851,0,1
150,152,144,152,150,130,151,148,
181.000000,21.000000,0.051713,4448261632.000000,0.660066,0,1
144,150,130,151,144,100,150,145,
183.000000,21.000000,0.051738,8677132288.000000,0.656051,0,1
96,130,80,144,100,83,131,104,
184.000000,21.000000,0.051731,7930308608.000000,0.653731,0,1
80,98,85,130,79,104,103,80,
185.000000,21.000000,0.051634,7133840384.000000,0.649990,0,1
85,80,106,100,83,144,81,82,
186.000000,21.000000,0.051565,8281209856.000000,0.646728,0,1
108,85,147,79,104,150,84,103,
187.000000,21.000000,0.051581,8243903488.000000,0.644778,0,1
148,106,151,83,144,152,103,137,
189.000000,21.000000,0.051559,2192773376.000000,0.639989,0,1
154,151,153,144,152,154,151,152,
180.000000,22.000000,0.051630,2393084416.000000,0.659964,0,1
150,151,144,152,150,131,150,148,
181.000000,22.000000,0.051719,4273481984.000000,0.659135,0,1
144,150,130,151,147,103,148,145,
182.000000,22.000000,0.051719,6167504896.000000,0.656930,0,1
130,144,100,150,131,81,145,132,
183.000000,22.000000,0.051738,8296406016.000000,0.655006,0,1
98,130,79,147,103,84,131,107,
184.000000,22.000000,0.051733,7682231296.000000,0.652734,0,1
80,100,83,131,81,103,104,81,
187.000000,22.000000,0.051558,8245567488.000000,0.643373,0,1
147,104,150,84,141,152,103,134,
188.000000,22.000000,0.051619,5334716416.000000,0.642111,0,1
151,144,152,103,151,153,137,150,
189.000000,22.000000,0.051603,2349573376.000000,0.639657,0,1
153,150,153,141,152,153,151,151,
180.000000,23.000000,0.051599,2366878208.000000,0.658444,0,1
150,151,147,151,148,131,150,147,
181.000000,23.000000,0.051717,4097706240.000000,0.658083,0,1
144,150,131,150,145,104,148,145,
182.000000,23.000000,0.051699,5971901440.000000,0.655586,0,1
130,147,103,148,131,80,145,132,
183.000000,23.000000,0.051739,7943128064.000000,0.653997,0,1
100,131,81,145,104,82,132,107,
184.000000,23.000000,0.051686,7504090112.000000,0.650933,0,1
79,103,84,131,80,103,107,80,
185.000000,23.000000,0.051684,6537288704.000000,0.648730,0,1
83,81,103,104,82,137,81,80,
186.000000,23.000000,0.051535,7716796416.000000,0.644186,0,1
104,84,141,80,103,151,80,101,
187.000000,23.000000,0.051576,8228892672.000000,0.642620,0,1
144,103,151,82,137,152,102,132,
188.000000,23.000000,0.051585,5350504448.000000,0.640562,0,1
150,141,152,103,151,152,134,151,
189.000000,23.000000,0.051685,2627905536.000000,0.639951,0,1
152,151,153,137,152,152,150,151,
672.000000,32.000000,0.021223,2104592640.000000,0.182470,0,1
59,58,59,68,50,71,51,53,
672.000000,33.000000,0.021221,2114215808.000000,0.182198,0,1
57,52,56,66,49,98,51,71,
673.000000,33.000000,0.020840,2408749568.000000,0.179316,0,1
59,50,71,51,60,128,53,118,
668.000000,43.000000,0.021336,2079510400.000000,0.178405,0,1
58,73,59,79,61,103,55,88,
667.000000,44.000000,0.021459,1992764800.000000,0.178644,0,1
73,79,61,80,55,103,51,68,
669.000000,44.000000,0.021639,2007804416.000000,0.181506,0,1
59,61,103,55,103,131,88,120,
670.000000,44.000000,0.021662,1749240576.000000,0.182349,0,1
80,83,113,74,117,139,116,131,
630.000000,49.000000,0.020305,2610685952.000000,0.145663,0,1
112,95,105,137,89,92,131,123,
631.000000,49.000000,0.020404,2414126080.000000,0.146998,0,1
115,97,107,103,90,91,105,98,
650.000000,49.000000,0.020439,1723991552.000000,0.158442,0,1
70,90,64,95,65,84,79,53,
630.000000,50.000000,0.020487,2469506560.000000,0.146808,0,1
97,103,90,146,105,82,142,128,
663.000000,53.000000,0.020925,1550978432.000000,0.169521,0,1
50,55,45,71,44,70,44,38,
652.000000,54.000000,0.020551,2099603968.000000,0.159469,0,1
71,52,78,46,83,86,64,82,
662.000000,54.000000,0.020531,1318745984.000000,0.165320,0,1
55,71,44,58,44,48,44,40,
640.000000,55.000000,0.022038,1008099200.000000,0.163834,0,1
88,84,87,70,74,72,58,62,
653.000000,55.000000,0.020853,1896855552.000000,0.162366,0,1
78,83,86,64,95,100,82,64,
662.000000,55.000000,0.021132,1188660224.000000,0.170268,0,1
49,53,42,48,41,51,43,40,
663.000000,55.000000,0.021084,1523059200.000000,0.170482,0,1
44,44,48,44,38,77,40,40,
652.000000,56.000000,0.020855,1906574592.000000,0.161561,0,1
83,64,95,47,82,89,49,50,
662.000000,56.000000,0.020989,1146876160.000000,0.168840,0,1
44,44,38,46,40,55,43,41,
663.000000,56.000000,0.020875,1534662656.000000,0.168473,0,1
42,41,51,43,37,76,40,48,
662.000000,57.000000,0.021136,1288009472.000000,0.169897,0,1
41,43,37,46,40,67,42,43,
663.000000,57.000000,0.020981,1714094592.000000,0.169185,0,1
38,40,55,43,40,91,41,57,
662.000000,58.000000,0.021128,1525897984.000000,0.169626,0,1
40,43,40,45,41,82,41,47,
661.000000,59.000000,0.020512,1216703488.000000,0.163563,0,1
43,45,41,49,41,57,43,42,
662.000000,59.000000,0.021151,1861959424.000000,0.169623,0,1
40,42,48,43,43,94,41,53,
661.000000,60.000000,0.020881,1331678976.000000,0.166508,0,1
42,43,43,46,41,67,42,43,
652.000000,63.000000,0.020106,1287096320.000000,0.154032,0,1
73,69,83,64,82,80,84,86,
652.000000,66.000000,0.020127,1206814208.000000,0.153653,0,1
83,87,84,81,92,86,100,97,
644.000000,68.000000,0.020455,2102859264.000000,0.151088,0,1
103,115,96,116,110,75,109,104,
744.000000,86.000000,0.020902,1075272704.000000,0.215725,0,1
39,40,43,39,41,62,41,65,
661.000000,88.000000,0.020247,2027664384.000000,0.156760,0,1
97,92,106,81,91,112,91,102,
661.000000,89.000000,0.020008,1999133568.000000,0.154678,0,1
101,89,103,80,98,115,96,101,
654.000000,92.000000,0.020334,1384959360.000000,0.152646,0,1
50,43,45,34,58,37,46,43,
654.000000,93.000000,0.020505,1413677824.000000,0.153896,0,1
60,46,42,35,50,36,45,40,
198.000000,94.000000,0.052731,2900027904.000000,0.414299,0,1
74,57,89,37,66,103,56,66,
645.000000,95.000000,0.018292,1006452288.000000,0.131124,0,1
102,98,102,87,97,84,85,86,
645.000000,96.000000,0.018084,1000718976.000000,0.131751,0,1
103,94,97,83,88,79,81,88,
646.000000,103.000000,0.020689,1760110976.000000,0.149204,0,1
54,71,35,80,44,31,57,39,
645.000000,108.000000,0.020334,1964934144.000000,0.145415,0,1
54,69,37,64,47,30,71,42,
645.000000,109.000000,0.020190,1968080512.000000,0.144240,0,1
52,66,34,70,43,28,71,34,
654.000000,109.000000,0.019961,1898537216.000000,0.148057,0,1
56,46,77,28,72,76,54,44,
708.000000,117.000000,0.006294,1583714432.000000,0.054770,0,1
96,104,85,107,101,64,103,83,
709.000000,117.000000,0.006202,1842851968.000000,0.054148,0,1
81,98,65,108,87,63,95,64,
632.000000,135.000000,0.006128,904951680.000000,0.039221,0,1
33,38,28,45,28,27,31,27,
675.000000,21.000000,0.021541,2695655680.000000,0.256571,0,1
56,56,59,67,58,72,54,59,
675.000000,22.000000,0.021736,2506937856.000000,0.258759,0,1
55,55,64,62,60,80,57,63,
676.000000,22.000000,0.021374,5133730816.000000,0.254870,0,1
59,58,72,54,66,119,59,81,
676.000000,23.000000,0.021316,5018586112.000000,0.253772,0,1
64,60,80,57,69,133,63,97,
180.000000,24.000000,0.051519,3912305664.000000,0.857290,0,1
150,150,145,150,148,132,149,149,
182.000000,24.000000,0.051615,11621733376.000000,0.853617,0,1
131,145,104,148,132,81,145,132,
183.000000,24.000000,0.051671,15203369984.000000,0.851953,0,1
103,131,80,145,107,80,132,108,
184.000000,24.000000,0.051624,14247602176.000000,0.847999,0,1
81,104,82,132,81,102,107,79,
185.000000,24.000000,0.051596,12394713088.000000,0.844519,0,1
84,80,103,107,80,134,80,79,
186.000000,24.000000,0.051525,14735744000.000000,0.840072,0,1
103,82,137,81,102,150,80,99,
187.000000,24.000000,0.051559,16614977536.000000,0.837894,0,1
141,103,151,80,134,151,101,129,
189.000000,24.000000,0.051648,4934425600.000000,0.834011,0,1
152,151,152,134,151,153,151,151,
180.000000,25.000000,0.051499,3829692160.000000,0.855579,0,1
148,150,145,150,147,132,150,149,
181.000000,25.000000,0.051619,6985473024.000000,0.855324,0,1
145,148,132,149,145,107,149,145,
182.000000,25.000000,0.051603,11320045568.000000,0.852063,0,1
131,145,107,147,132,80,145,133,
183.000000,25.000000,0.051656,15065021440.000000,0.850326,0,1
104,132,81,145,107,80,132,109,
185.000000,25.000000,0.051577,12566696960.000000,0.842778,0,1
82,81,102,107,80,132,79,79,
186.000000,25.000000,0.051495,14800497664.000000,0.838108,0,1
103,80,134,80,101,151,79,98,
187.000000,25.000000,0.051541,16645748736.000000,0.836227,0,1
137,102,150,80,132,151,99,128,
188.000000,25.000000,0.051575,11274253312.000000,0.834034,0,1
151,134,151,101,151,150,129,150,
189.000000,25.000000,0.051638,5141379072.000000,0.832490,0,1
152,150,150,132,151,152,149,151,
180.000000,26.000000,0.051479,3860005888.000000,0.853914,0,1
148,149,145,149,149,132,150,148,
181.000000,26.000000,0.051608,6982975488.000000,0.853838,0,1
145,147,132,150,145,108,149,145,
182.000000,26.000000,0.051605,11150523392.000000,0.850829,0,1
132,145,107,149,132,79,145,135,
183.000000,26.000000,0.051647,15114881024.000000,0.848862,0,1
107,132,80,145,108,79,133,110,
184.000000,26.000000,0.051595,14878135296.000000,0.844767,0,1
81,107,80,132,79,99,109,82,
185.000000,26.000000,0.051578,12899916800.000000,0.841525,0,1
80,80,101,108,79,129,80,79,
186.000000,26.000000,0.051470,14705020928.000000,0.836257,0,1
102,80,132,79,99,149,79,96,
187.000000,26.000000,0.051538,16780091392.000000,0.834851,0,1
134,101,151,79,129,151,98,125,
188.000000,26.000000,0.051555,11435910144.000000,0.832315,0,1
150,132,151,99,149,151,128,148,
189.000000,26.000000,0.051619,5491358720.000000,0.830771,0,1
151,151,150,129,151,152,150,150,
180.000000,27.000000,0.051498,3541244160.000000,0.853066,0,1
147,150,145,148,149,133,148,147,
182.000000,27.000000,0.051620,10779534336.000000,0.849906,0,1
132,145,108,149,133,80,145,136,
183.000000,27.000000,0.051636,15547292672.000000,0.847336,0,1
107,132,79,145,109,79,135,110,
184.000000,27.000000,0.051614,15155046400.000000,0.843918,0,1
80,108,79,133,80,98,110,82,
185.000000,27.000000,0.051568,13015464960.000000,0.840017,0,1
80,79,99,109,79,128,82,76,
186.000000,27.000000,0.051466,13851019264.000000,0.834907,0,1
101,79,129,80,98,150,79,94,
187.000000,27.000000,0.051499,16746022912.000000,0.832728,0,1
132,99,149,79,128,151,96,125,
188.000000,27.000000,0.051539,11626355712.000000,0.830665,0,1
151,129,151,98,150,151,125,152,
189.000000,27.000000,0.051602,5437418496.000000,0.829135,0,1
151,149,151,128,151,150,148,150,
181.000000,28.000000,0.051612,6812728320.000000,0.851408,0,1
145,149,133,148,145,110,147,145,
182.000000,28.000000,0.051656,10523804672.000000,0.849457,0,1
132,145,109,148,135,82,145,138,
183.000000,28.000000,0.051646,15292494848.000000,0.846303,0,1
108,133,80,145,110,79,136,110,
185.000000,28.000000,0.051583,12794364928.000000,0.839098,0,1
79,80,98,110,79,125,82,76,
187.000000,28.000000,0.051511,16552637440.000000,0.831717,0,1
129,98,150,79,125,150,94,122,
188.000000,28.000000,0.051494,11234985984.000000,0.828437,0,1
149,128,151,96,148,151,125,151,
189.000000,28.000000,0.051541,5376946176.000000,0.826544,0,1
151,150,151,125,150,152,152,151,
180.000000,29.000000,0.051647,2557316608.000000,0.853891,0,1
149,148,145,149,147,136,149,148,
182.000000,29.000000,0.051692,10241037312.000000,0.849017,0,1
133,145,110,147,136,82,145,140,
183.000000,29.000000,0.051663,15305571328.000000,0.845441,0,1
109,135,82,145,110,76,138,111,
184.000000,29.000000,0.051647,15060385792.000000,0.842166,0,1
80,110,79,136,82,94,110,84,
185.000000,29.000000,0.051560,12909343744.000000,0.837337,0,1
79,82,96,110,76,125,83,75,
186.000000,29.000000,0.051469,13394140160.000000,0.832466,0,1
98,79,125,82,94,152,76,89,
188.000000,29.000000,0.051489,11640950784.000000,0.827084,0,1
150,125,150,94,152,151,122,147,
189.000000,29.000000,0.051475,5329645568.000000,0.823852,0,1
151,148,151,125,150,153,151,150,
180.000000,30.000000,0.051751,2135851136.000000,0.855030,0,1
148,148,145,150,147,138,149,148,
181.000000,30.000000,0.051632,6336143360.000000,0.849433,0,1
145,147,136,149,145,110,148,145,
183.000000,30.000000,0.051659,15074787328.000000,0.844124,0,1
110,136,82,145,110,76,140,111,
184.000000,30.000000,0.051657,15509814272.000000,0.841157,0,1
82,110,76,138,83,92,111,86,
667.000000,43.000000,0.021197,3074985728.000000,0.238440,0,1
86,98,55,103,59,83,59,61,
668.000000,44.000000,0.021773,3324305152.000000,0.246078,0,1
55,59,83,59,74,117,61,97,
666.000000,45.000000,0.021415,3108809216.000000,0.239675,0,1
79,80,55,77,51,88,54,45,
667.000000,45.000000,0.021660,3858466816.000000,0.243524,0,1
59,59,74,62,61,116,48,76,
651.000000,49.000000,0.020487,3221895680.000000,0.215187,0,1
65,68,82,89,63,105,60,55,
650.000000,50.000000,0.020569,2669659648.000000,0.215023,0,1
68,89,63,81,60,84,65,49,
668.000000,50.000000,0.021379,5754645504.000000,0.239505,0,1
109,97,121,63,119,127,117,115,
664.000000,52.000000,0.021331,2808522240.000000,0.234968,0,1
45,50,53,55,45,93,44,48,
651.000000,53.000000,0.020472,2949043200.000000,0.213881,0,1
55,49,71,56,52,78,46,64,
652.000000,53.000000,0.020558,4131105536.000000,0.215679,0,1
77,52,85,45,71,83,58,91,
665.000000,53.000000,0.021344,4567626752.000000,0.235691,0,1
53,45,93,44,70,110,48,77,
649.000000,54.000000,0.020319,2476794112.000000,0.210277,0,1
62,72,45,85,59,58,66,50,
653.000000,54.000000,0.020594,3394231040.000000,0.216619,0,1
85,71,83,58,86,94,91,80,
663.000000,54.000000,0.021421,2194427904.000000,0.234638,0,1
48,49,45,53,42,79,41,37,
664.000000,54.000000,0.021311,3202793472.000000,0.234183,0,1
45,44,70,44,48,102,38,55,
649.000000,55.000000,0.020532,2839619328.000000,0.212393,0,1
56,79,46,74,53,64,63,53,
652.000000,55.000000,0.020720,3367052288.000000,0.216975,0,1
71,58,86,48,91,95,63,57,
664.000000,55.000000,0.021339,3556646400.000000,0.234249,0,1
45,42,79,41,51,95,37,67,
661.000000,56.000000,0.019993,1696023296.000000,0.215588,0,1
53,48,41,54,43,37,46,42,
638.000000,57.000000,0.021068,2789977088.000000,0.208686,0,1
70,76,58,106,95,62,117,121,
652.000000,57.000000,0.021128,3100019456.000000,0.221072,0,1
91,63,80,45,57,80,52,65,
667.000000,58.000000,0.021470,1435364992.000000,0.237623,0,1
106,103,101,106,108,104,113,115,
662.000000,60.000000,0.021193,2880894464.000000,0.229509,0,1
41,41,57,43,47,99,42,54,
660.000000,61.000000,0.021024,1354395136.000000,0.225571,0,1
43,46,41,50,42,53,43,43,
661.000000,61.000000,0.021051,1934392320.000000,0.226733,0,1
41,43,47,43,42,73,43,42,
662.000000,61.000000,0.021122,2564030464.000000,0.228415,0,1
43,41,67,42,53,93,43,42,
660.000000,62.000000,0.021221,1352101504.000000,0.227624,0,1
43,43,42,44,43,54,43,40,
661.000000,62.000000,0.021160,1707316096.000000,0.227766,0,1
41,42,53,43,43,66,43,38,
652.000000,64.000000,0.020258,1783561600.000000,0.209447,0,1
80,78,83,73,83,81,87,92,
652.000000,65.000000,0.020301,1609859712.000000,0.209681,0,1
82,84,83,76,86,84,92,98,
652.000000,67.000000,0.020049,1882983040.000000,0.206406,0,1
86,92,88,87,98,86,98,96,
644.000000,69.000000,0.020639,3346765824.000000,0.205885,0,1
109,114,97,114,105,77,110,95,
645.000000,70.000000,0.020767,3664989952.000000,0.207877,0,1
97,105,77,110,94,56,95,74,
646.000000,71.000000,0.020816,4367021056.000000,0.209015,0,1
77,94,56,95,72,54,74,66,
656.000000,84.000000,0.021082,1908275968.000000,0.217852,0,1
38,39,35,37,34,43,41,42,
655.000000,89.000000,0.020985,1790008576.000000,0.215046,0,1
48,37,39,34,42,37,50,45,
645.000000,90.000000,0.020465,2527107584.000000,0.200642,0,1
96,88,87,88,87,63,97,101,
654.000000,91.000000,0.020420,2140475648.000000,0.207604,0,1
40,36,43,31,60,37,46,50,
198.000000,93.000000,0.052343,6398140416.000000,0.574538,0,1
76,59,95,36,70,106,55,66,
653.000000,93.000000,0.020013,2081927808.000000,0.201995,0,1
43,34,58,31,46,40,39,44,
198.000000,95.000000,0.052619,5368174592.000000,0.577423,0,1
70,55,86,45,66,106,61,65,
646.000000,98.000000,0.020513,3325526784.000000,0.200805,0,1
91,86,68,81,76,39,91,63,
653.000000,111.000000,0.019990,2295311872.000000,0.199718,0,1
53,31,61,29,46,44,29,35,
675.000000,20.000000,0.021789,3277736192.000000,0.329059,0,1
59,57,58,63,55,64,55,60,
677.000000,20.000000,0.021194,6376983552.000000,0.319918,0,1
58,58,77,55,64,122,64,80,
185.000000,30.000000,0.051571,24361574400.000000,1.086276,0,1
79,82,94,110,76,122,84,75,
186.000000,30.000000,0.051451,24408780800.000000,1.078879,0,1
96,76,125,83,92,151,75,86,
187.000000,30.000000,0.051471,31689668608.000000,1.075645,0,1
125,94,152,76,122,151,89,119,
188.000000,30.000000,0.051478,22866511872.000000,1.072058,0,1
148,125,150,92,151,151,121,144,
189.000000,30.000000,0.051505,10948616192.000000,1.069055,0,1
150,152,151,122,151,152,147,149,
180.000000,31.000000,0.051654,3364043520.000000,1.106501,0,1
147,149,145,149,148,140,148,146,
181.000000,31.000000,0.051607,11173089280.000000,1.101158,0,1
145,147,138,149,146,111,148,144,
182.000000,31.000000,0.051653,17749805056.000000,1.098696,0,1
136,145,110,148,140,84,145,139,
183.000000,31.000000,0.051625,27909494784.000000,1.094014,0,1
110,138,83,146,111,75,137,112,
184.000000,31.000000,0.051630,29349586944.000000,1.090325,0,1
82,110,76,140,84,89,111,86,
187.000000,31.000000,0.051448,31335626752.000000,1.073398,0,1
125,92,151,75,121,150,86,119,
188.000000,31.000000,0.051475,23512016896.000000,1.070394,0,1
152,122,151,89,147,151,119,142,
189.000000,31.000000,0.051500,11452437504.000000,1.067323,0,1
150,151,151,121,150,151,144,150,
180.000000,32.000000,0.051575,3440364800.000000,1.102508,0,1
147,149,146,148,148,137,146,147,
181.000000,32.000000,0.051583,10888698880.000000,1.098886,0,1
145,148,140,148,145,111,146,142,
182.000000,32.000000,0.051634,17040022528.000000,1.096604,0,1
138,146,111,148,137,86,144,136,
183.000000,32.000000,0.051605,27240310784.000000,1.091859,0,1
110,140,84,145,111,75,139,112,
184.000000,32.000000,0.051617,28536492032.000000,1.088402,0,1
83,111,75,137,86,86,112,86,
185.000000,32.000000,0.051542,24292653056.000000,1.082306,0,1
76,84,89,111,75,119,86,73,
187.000000,32.000000,0.051457,30757648384.000000,1.072110,0,1
122,89,147,75,119,149,84,116,
188.000000,32.000000,0.051470,23605383168.000000,1.068665,0,1
151,121,150,86,144,150,119,141,
189.000000,32.000000,0.051489,11577220096.000000,1.065418,0,1
151,147,151,119,149,151,142,150,
180.000000,33.000000,0.051610,2873304064.000000,1.102251,0,1
148,148,145,147,146,139,146,145,
181.000000,33.000000,0.051554,10267581440.000000,1.096515,0,1
146,148,137,146,144,112,147,142,
182.000000,33.000000,0.051606,16904839168.000000,1.094239,0,1
140,145,111,146,139,86,142,135,
183.000000,33.000000,0.051589,26045919232.000000,1.089849,0,1
111,137,86,144,112,74,136,113,
184.000000,33.000000,0.051601,28413872128.000000,1.086362,0,1
84,111,75,139,86,84,112,86,
185.000000,33.000000,0.051532,23823226880.000000,1.080449,0,1
75,86,86,112,74,119,86,73,
186.000000,33.000000,0.051496,22032422912.000000,1.075549,0,1
89,75,119,86,84,142,73,80,
187.000000,33.000000,0.051446,29738194944.000000,1.070241,0,1
121,86,144,74,119,150,82,114,
188.000000,33.000000,0.051468,23853783040.000000,1.067060,0,1
147,119,149,84,142,151,116,140,
189.000000,33.000000,0.051469,11724497920.000000,1.063286,0,1
150,144,150,119,150,151,141,150,
190.000000,33.000000,0.051558,3668160000.000000,1.062071,0,1
151,149,151,142,151,152,150,150,
180.000000,34.000000,0.051447,4044201472.000000,1.095608,0,1
148,146,144,147,147,136,147,146,
181.000000,34.000000,0.051528,10428454912.000000,1.094224,0,1
145,146,139,146,142,112,145,143,
182.000000,34.000000,0.051565,16731465728.000000,1.091485,0,1
137,144,112,147,136,86,142,136,
183.000000,34.000000,0.051559,26155419648.000000,1.087443,0,1
111,139,86,142,112,73,135,114,
186.000000,34.000000,0.051488,21220833280.000000,1.073798,0,1
86,74,119,86,82,141,73,79,
188.000000,34.000000,0.051451,23860408320.000000,1.065030,0,1
144,119,150,82,141,152,114,138,
189.000000,34.000000,0.051459,12092789760.000000,1.061428,0,1
149,142,151,116,150,152,140,150,
190.000000,34.000000,0.051537,3854544640.000000,1.059910,0,1
150,150,151,141,152,151,150,150,
180.000000,35.000000,0.051402,4333759488.000000,1.092791,0,1
146,146,142,148,145,135,147,146,
181.000000,35.000000,0.051510,10004680704.000000,1.092192,0,1
144,147,136,147,142,113,146,144,
182.000000,35.000000,0.051554,16724013056.000000,1.089656,0,1
139,142,112,145,135,86,143,137,
183.000000,35.000000,0.051549,25292492800.000000,1.085667,0,1
112,136,86,142,113,73,136,116,
184.000000,35.000000,0.051566,27718369280.000000,1.082315,0,1
86,112,73,135,86,80,114,86,
186.000000,35.000000,0.051495,20450416640.000000,1.072497,0,1
84,73,116,86,80,140,72,78,
187.000000,35.000000,0.051415,28154343424.000000,1.066286,0,1
119,82,141,73,114,150,79,110,
188.000000,35.000000,0.051438,24292450304.000000,1.063118,0,1
142,116,150,80,140,150,113,136,
189.000000,35.000000,0.051439,12638571520.000000,1.059306,0,1
150,141,152,114,150,150,138,148,
190.000000,35.000000,0.051503,4083094784.000000,1.057349,0,1
151,150,152,140,150,149,150,150,
180.000000,36.000000,0.051402,3935682048.000000,1.091314,0,1
147,147,142,146,146,136,146,144,
181.000000,36.000000,0.051489,9957169152.000000,1.090094,0,1
142,145,135,147,143,114,146,143,
183.000000,36.000000,0.051543,24977647616.000000,1.084005,0,1
112,135,86,143,114,72,137,119,
184.000000,36.000000,0.051562,27767033856.000000,1.080701,0,1
86,113,73,136,86,79,116,87,
185.000000,36.000000,0.051501,22460987392.000000,1.075016,0,1
73,86,80,114,72,113,86,71,
186.000000,36.000000,0.051472,19902066688.000000,1.070314,0,1
82,73,114,86,79,138,71,77,
187.000000,36.000000,0.051410,27665233920.000000,1.064629,0,1
116,80,140,72,113,150,78,106,
188.000000,36.000000,0.051427,24773748736.000000,1.061290,0,1
141,114,150,79,138,150,110,135,
189.000000,36.000000,0.051420,13616330752.000000,1.057228,0,1
150,140,150,113,150,149,136,148,
190.000000,36.000000,0.051493,4513996288.000000,1.055547,0,1
152,150,150,138,150,150,148,148,
653.000000,38.000000,0.020700,4700277248.000000,0.280350,0,1
81,72,106,80,89,97,66,92,
654.000000,40.000000,0.020542,4927377408.000000,0.278211,0,1
103,88,97,66,105,73,90,103,
654.000000,41.000000,0.020603,5189878272.000000,0.278737,0,1
105,92,93,68,101,71,97,100,
668.000000,41.000000,0.021102,7471471616.000000,0.300845,0,1
59,91,49,112,58,77,73,61,
669.000000,41.000000,0.021132,5506950144.000000,0.302365,0,1
49,60,62,86,54,90,55,83,
670.000000,41.000000,0.021164,4849957888.000000,0.303927,0,1
56,49,82,58,77,96,59,103,
670.000000,42.000000,0.021367,4039483648.000000,0.306817,0,1
62,54,90,55,80,95,83,117,
666.000000,44.000000,0.021152,3617016320.000000,0.298457,0,1
98,103,59,91,59,74,62,48,
666.000000,46.000000,0.021594,6184263680.000000,0.304692,0,1
59,62,61,66,48,97,48,47,
630.000000,48.000000,0.020672,7377041408.000000,0.252793,0,1
111,99,115,116,97,107,103,105,
629.000000,50.000000,0.020750,5387047936.000000,0.252048,0,1
95,137,89,148,131,86,146,139,
664.000000,50.000000,0.020822,3137624832.000000,0.289147,0,1
49,56,44,66,45,63,50,45,
653.000000,53.000000,0.020462,6853506048.000000,0.271368,0,1
94,71,91,52,78,93,83,95,
651.000000,55.000000,0.020518,5806814208.000000,0.269487,0,1
52,46,83,53,64,95,47,49,
651.000000,56.000000,0.020887,6401396736.000000,0.274535,0,1
58,48,91,50,63,80,45,52,
664.000000,56.000000,0.021349,6003656704.000000,0.295318,0,1
48,38,77,40,55,95,40,82,
651.000000,57.000000,0.020919,4938647552.000000,0.274665,0,1
64,47,82,53,49,64,48,61,
661.000000,57.000000,0.019870,3126769408.000000,0.269398,0,1
44,46,40,54,43,40,45,41,
662.000000,62.000000,0.021242,4613741568.000000,0.289655,0,1
47,42,73,43,54,72,42,51,
661.000000,63.000000,0.021230,3091812608.000000,0.288102,0,1
42,43,54,43,42,50,40,41,
661.000000,64.000000,0.021065,3851609088.000000,0.285320,0,1
43,43,42,44,38,81,36,47,
651.000000,65.000000,0.020641,3199021824.000000,0.332121,0,1
78,73,83,55,87,84,81,100,
644.000000,67.000000,0.020738,7511335936.000000,0.261590,0,1
94,112,87,119,109,74,114,105,
650.000000,67.000000,0.020547,4666700800.000000,0.265313,0,1
76,60,92,46,87,98,64,87,
651.000000,67.000000,0.020424,3334042880.000000,0.264462,0,1
87,81,92,61,100,91,85,95,
651.000000,68.000000,0.020397,3859210496.000000,0.263782,0,1
92,87,98,64,98,89,87,97,
652.000000,68.000000,0.019987,3678124288.000000,0.258935,0,1
92,100,91,85,97,81,95,97,
652.000000,72.000000,0.020184,3881947904.000000,0.260699,0,1
97,102,83,94,104,72,98,94,
655.000000,82.000000,0.020325,3223364864.000000,0.263509,0,1
40,45,38,53,38,37,39,36,
645.000000,83.000000,0.020504,7035389952.000000,0.255219,0,1
95,96,64,90,87,46,94,90,
657.000000,83.000000,0.021098,3315766784.000000,0.276640,0,1
38,38,41,39,35,68,34,35,
747.000000,84.000000,0.019737,1737949696.000000,0.434131,0,1
36,39,44,41,45,58,47,78,
645.000000,85.000000,0.020476,6100209664.000000,0.254401,0,1
87,94,67,93,90,46,95,94,
745.000000,85.000000,0.019905,2554256384.000000,0.436959,0,1
37,39,43,40,43,56,41,64,
645.000000,86.000000,0.020349,5835656192.000000,0.252430,0,1
88,96,74,88,95,48,92,96,
197.000000,87.000000,0.052214,9411904512.000000,0.758542,0,1
64,51,72,39,57,97,38,58,
655.000000,90.000000,0.021146,2993022464.000000,0.273694,0,1
46,40,36,36,43,39,60,42,
655.000000,91.000000,0.021116,3394519296.000000,0.273088,0,1
42,50,36,43,45,44,58,40,
197.000000,95.000000,0.052179,7218881536.000000,0.752804,0,1
57,37,66,50,56,86,55,57,
528.000000,201.000000,0.071127,1308526848.000000,0.667401,0,1
37,53,29,67,64,33,67,58,
546.000000,217.000000,0.086478,931617344.000000,1.090495,0,1
53,39,47,40,40,43,41,41,
547.000000,217.000000,0.087359,918301760.000000,1.116194,0,1
64,39,62,39,38,56,42,41,
548.000000,217.000000,0.086566,949824064.000000,1.105087,0,1
67,47,67,40,43,64,41,41,
551.000000,217.000000,0.087122,1113430528.000000,1.136755,0,1
47,66,49,56,64,51,51,46,
552.000000,217.000000,0.088061,1082155008.000000,1.164333,0,1
53,53,53,64,59,45,64,59,
547.000000,218.000000,0.087075,924681216.000000,1.114091,0,1
47,40,43,41,41,39,41,44,
548.000000,218.000000,0.088357,991254848.000000,1.150765,0,1
62,38,56,42,40,51,41,44,
549.000000,218.000000,0.088756,940966016.000000,1.164843,0,1
67,43,64,41,39,64,41,44,
550.000000,218.000000,0.088312,987705664.000000,1.161473,0,1
66,56,64,40,51,68,40,42,
551.000000,218.000000,0.087981,1009621696.000000,1.160494,0,1
53,64,59,39,64,65,41,41,
552.000000,218.000000,0.087992,1027908544.000000,1.169612,0,1
49,64,51,51,68,54,46,42,
550.000000,219.000000,0.089002,943232768.000000,1.181466,0,1
64,39,64,41,41,59,44,43,
551.000000,219.000000,0.088663,1003390080.000000,1.180878,0,1
64,51,68,40,46,64,42,43,
552.000000,219.000000,0.088095,970511552.000000,1.176298,0,1
59,64,65,41,59,64,41,41,
678.000000,21.000000,0.021113,14864885760.000000,0.395575,0,1
77,64,122,64,109,129,80,133,
180.000000,37.000000,0.051436,4979677184.000000,1.313807,0,1
145,147,143,148,146,137,146,146,
181.000000,37.000000,0.051486,15206785024.000000,1.311079,0,1
142,146,136,146,144,116,144,143,
182.000000,37.000000,0.051511,27485843456.000000,1.307376,0,1
135,143,114,146,137,86,143,137,
183.000000,37.000000,0.051535,40865488896.000000,1.303639,0,1
113,136,86,144,116,71,137,121,
184.000000,37.000000,0.051535,46628278272.000000,1.298950,0,1
86,114,72,137,86,78,119,87,
186.000000,37.000000,0.051448,34841542656.000000,1.286334,0,1
80,72,113,86,78,136,71,77,
187.000000,37.000000,0.051398,47248302080.000000,1.279807,0,1
114,79,138,71,110,148,77,104,
188.000000,37.000000,0.051422,45106065408.000000,1.276080,0,1
140,113,150,78,136,150,106,133,
189.000000,37.000000,0.051438,26036625408.000000,1.272022,0,1
150,138,150,110,148,151,135,148,
190.000000,37.000000,0.051499,9024188416.000000,1.269658,0,1
150,150,149,136,150,150,148,147,
181.000000,38.000000,0.051515,13232723968.000000,1.310472,0,1
143,146,137,146,143,119,146,144,
182.000000,38.000000,0.051515,26435538944.000000,1.305799,0,1
136,144,116,144,137,87,143,137,
183.000000,38.000000,0.051533,39109791744.000000,1.301828,0,1
114,137,86,143,119,71,137,123,
184.000000,38.000000,0.051529,45698215936.000000,1.296966,0,1
86,116,71,137,87,77,121,88,
185.000000,38.000000,0.051484,38570450944.000000,1.290605,0,1
72,86,78,119,71,106,87,73,
186.000000,38.000000,0.051452,35028217856.000000,1.284719,0,1
79,71,110,87,77,135,72,76,
188.000000,38.000000,0.051425,46121791488.000000,1.274406,0,1
138,110,148,77,135,148,104,132,
189.000000,38.000000,0.051437,26586574848.000000,1.270218,0,1
150,136,150,106,148,149,133,149,
190.000000,38.000000,0.051490,10144197632.000000,1.267549,0,1
150,148,151,135,148,149,148,148,
181.000000,39.000000,0.051532,11657244672.000000,1.309437,0,1
144,144,137,146,143,121,146,143,
182.000000,39.000000,0.051510,25051801600.000000,1.303888,0,1
137,143,119,146,137,87,144,137,
183.000000,39.000000,0.051543,36974505984.000000,1.300473,0,1
116,137,87,143,121,72,137,126,
184.000000,39.000000,0.051517,45895905280.000000,1.294791,0,1
86,119,71,137,87,77,123,89,
185.000000,39.000000,0.051480,37508161536.000000,1.288700,0,1
71,87,77,121,72,104,88,75,
186.000000,39.000000,0.051437,34585169920.000000,1.282403,0,1
78,71,106,87,77,133,73,76,
187.000000,39.000000,0.051401,45730275328.000000,1.276396,0,1
110,77,135,72,104,148,76,99,
188.000000,39.000000,0.051422,45908176896.000000,1.272525,0,1
136,106,148,77,133,147,101,132,
189.000000,39.000000,0.051435,27375581184.000000,1.268363,0,1
148,135,148,104,148,149,132,147,
190.000000,39.000000,0.051460,9713961984.000000,1.264628,0,1
150,148,149,133,147,150,149,149,
182.000000,40.000000,0.051505,23267887104.000000,1.301984,0,1
137,143,121,146,137,88,143,139,
183.000000,40.000000,0.051536,35811581952.000000,1.298509,0,1
119,137,87,144,123,73,137,126,
184.000000,40.000000,0.051517,45132693504.000000,1.293064,0,1
87,121,72,137,88,76,126,91,
185.000000,40.000000,0.051474,37988499456.000000,1.286766,0,1
71,87,77,123,73,101,89,76,
186.000000,40.000000,0.051424,32723914752.000000,1.280205,0,1
77,72,104,88,76,132,75,76,
187.000000,40.000000,0.051392,43930406912.000000,1.274332,0,1
106,77,133,73,101,149,76,97,
188.000000,40.000000,0.051400,45197869056.000000,1.269966,0,1
135,104,148,76,132,148,99,134,
189.000000,40.000000,0.051416,26433296384.000000,1.265894,0,1
148,133,147,101,149,149,132,148,
181.000000,41.000000,0.051567,8973218816.000000,1.307393,0,1
143,146,137,145,143,126,146,143,
182.000000,41.000000,0.051512,22366971904.000000,1.300601,0,1
137,144,123,145,137,89,144,141,
183.000000,41.000000,0.051541,33186555904.000000,1.296990,0,1
121,137,88,143,126,75,139,127,
184.000000,41.000000,0.051506,44869939200.000000,1.290971,0,1
87,123,73,137,89,76,126,93,
185.000000,41.000000,0.051470,36765708288.000000,1.284923,0,1
72,88,76,126,75,99,91,76,
188.000000,41.000000,0.051383,43656122368.000000,1.267589,0,1
133,101,149,76,132,149,97,131,
189.000000,41.000000,0.051370,25040674816.000000,1.262458,0,1
148,132,148,99,147,149,134,146,
190.000000,41.000000,0.051386,8259105792.000000,1.258372,0,1
147,149,149,132,149,150,148,149,
181.000000,42.000000,0.051552,8580497408.000000,1.305154,0,1
144,145,137,146,144,126,144,143,
182.000000,42.000000,0.051518,21630830592.000000,1.299166,0,1
137,143,126,146,139,91,143,139,
183.000000,42.000000,0.051540,31983857664.000000,1.295265,0,1
123,137,89,144,126,76,141,127,
184.000000,42.000000,0.051508,43583188992.000000,1.289337,0,1
88,126,75,139,91,76,127,96,
186.000000,42.000000,0.051388,30819190784.000000,1.275448,0,1
76,75,99,91,76,134,76,75,
187.000000,42.000000,0.051384,38284681216.000000,1.270597,0,1
101,76,132,76,97,148,76,91,
188.000000,42.000000,0.051355,42639089664.000000,1.264854,0,1
132,99,147,76,134,149,94,130,
190.000000,42.000000,0.051266,6765997056.000000,1.252243,0,1
148,147,149,134,149,150,146,147,
181.000000,43.000000,0.051573,7529193472.000000,1.304427,0,1
143,146,139,146,143,127,143,143,
182.000000,43.000000,0.051522,20942188544.000000,1.297650,0,1
137,144,126,144,141,93,143,140,
183.000000,43.000000,0.051541,30929496064.000000,1.293671,0,1
126,139,91,143,127,76,139,127,
184.000000,43.000000,0.051506,42949287936.000000,1.287595,0,1
89,126,76,141,93,76,127,97,
186.000000,43.000000,0.051383,30189617152.000000,1.273567,0,1
76,76,97,93,76,131,76,74,
187.000000,43.000000,0.051366,36355457024.000000,1.268249,0,1
99,76,134,76,94,146,75,87,
189.000000,43.000000,0.051322,25335984128.000000,1.257281,0,1
147,134,149,94,146,149,130,141,
190.000000,43.000000,0.051296,8457438208.000000,1.251642,0,1
149,148,149,131,149,149,144,145,
181.000000,44.000000,0.051570,6902401024.000000,1.302661,0,1
144,144,141,144,143,127,145,141,
184.000000,44.000000,0.051501,41883873280.000000,1.285761,0,1
91,127,76,139,96,75,127,97,
185.000000,44.000000,0.051478,34795130880.000000,1.280181,0,1
76,93,76,127,76,91,97,75,
186.000000,44.000000,0.051381,29453541376.000000,1.271859,0,1
76,76,94,96,75,130,76,74,
187.000000,44.000000,0.051367,34537287680.000000,1.266628,0,1
97,76,131,76,91,144,74,85,
663.000000,52.000000,0.020546,5612507136.000000,0.351150,0,1
51,60,46,87,48,61,49,42,
665.000000,52.000000,0.021505,11709844480.000000,0.372399,0,1
47,46,77,48,61,121,45,79,
640.000000,56.000000,0.022060,1783182720.000000,0.347120,0,1
87,73,74,68,55,73,72,70,
664.000000,57.000000,0.021329,10986288128.000000,0.365600,0,1
51,37,76,40,67,103,48,94,
666.000000,58.000000,0.021263,8673485824.000000,0.366834,0,1
95,91,104,82,114,100,112,113,
663.000000,60.000000,0.021282,10871343104.000000,0.362254,0,1
48,43,94,41,67,109,53,66,
651.000000,64.000000,0.020592,5186946048.000000,0.331993,0,1
69,64,82,53,84,83,76,92,
660.000000,65.000000,0.021191,5929093120.000000,0.354618,0,1
43,44,38,40,36,75,36,38,
645.000000,69.000000,0.020620,12600163328.000000,0.322874,0,1
96,110,75,109,96,56,104,89,
651.000000,69.000000,0.020359,6488996864.000000,0.325961,0,1
100,85,97,71,95,88,95,102,
652.000000,69.000000,0.020037,5116797952.000000,0.321408,0,1
98,98,89,87,96,72,97,99,
652.000000,71.000000,0.020193,6057124864.000000,0.323731,0,1
96,97,85,101,99,67,101,103,
199.000000,80.000000,0.051828,18337060864.000000,0.975337,0,1
127,100,128,77,127,130,97,125,
655.000000,81.000000,0.020341,6291778560.000000,0.327426,0,1
40,48,38,66,39,38,40,39,
656.000000,81.000000,0.020009,5017657344.000000,0.322609,0,1
39,40,38,45,38,41,38,37,
199.000000,82.000000,0.051909,19447144448.000000,0.975741,0,1
127,97,131,78,125,128,89,113,
655.000000,85.000000,0.020275,4072674304.000000,0.325187,0,1
39,37,34,41,41,35,37,48,
656.000000,85.000000,0.021151,4879826944.000000,0.342443,0,1
37,36,34,36,38,46,47,42,
743.000000,85.000000,0.019537,1442101248.000000,0.488980,0,1
40,43,39,43,40,43,39,41,
744.000000,85.000000,0.019731,2321533440.000000,0.496055,0,1
38,42,41,42,40,47,39,49,
655.000000,86.000000,0.020303,3379038720.000000,0.325306,0,1
36,36,38,37,47,37,37,46,
656.000000,86.000000,0.021078,4732428288.000000,0.340849,0,1
34,41,35,37,42,47,48,39,
743.000000,86.000000,0.019664,3599553024.000000,0.492467,0,1
42,42,40,42,39,48,38,49,
655.000000,87.000000,0.020371,2425578240.000000,0.326299,0,1
41,37,42,34,48,38,37,42,
656.000000,87.000000,0.021032,4879934976.000000,0.339751,0,1
38,47,37,37,42,51,46,36,
655.000000,88.000000,0.020837,2982496768.000000,0.334575,0,1
47,37,42,33,46,38,40,43,
656.000000,88.000000,0.021078,5711844352.000000,0.340762,0,1
42,48,38,37,39,54,42,36,
654.000000,90.000000,0.020313,5483439104.000000,0.323335,0,1
37,34,42,30,50,36,43,58,
526.000000,199.000000,0.071708,1736113152.000000,0.908991,0,1
46,51,46,48,48,37,54,67,
527.000000,199.000000,0.071252,1835757824.000000,0.907368,0,1
45,47,43,48,45,30,56,70,
527.000000,200.000000,0.071173,1616934400.000000,0.909628,0,1
46,48,37,54,53,29,67,67,
528.000000,200.000000,0.071030,1965853184.000000,0.911755,0,1
43,45,30,56,39,28,70,69,
527.000000,201.000000,0.072072,2054162688.000000,0.931206,0,1
45,56,39,62,70,46,62,57,
542.000000,212.000000,0.081532,2168709120.000000,1.343769,0,1
28,35,31,36,48,56,33,36,
545.000000,212.000000,0.081739,1403058048.000000,1.375591,0,1
34,30,32,56,48,27,59,56,
543.000000,213.000000,0.081674,1850494464.000000,1.361318,0,1
31,48,56,33,46,62,36,39,
544.000000,213.000000,0.081749,1354347904.000000,1.372899,0,1
30,56,48,36,59,58,36,38,
545.000000,213.000000,0.082711,1053599616.000000,1.411897,0,1
29,56,33,46,62,46,42,40,
547.000000,213.000000,0.082638,1552306688.000000,1.426934,0,1
32,33,28,62,46,43,65,64,
548.000000,213.000000,0.082773,1901837312.000000,1.438240,0,1
30,27,28,58,37,45,64,67,
542.000000,214.000000,0.081629,1115398912.000000,1.355856,0,1
48,33,46,40,36,42,40,42,
543.000000,214.000000,0.081982,1085743232.000000,1.380871,0,1
56,36,59,37,36,56,40,41,
545.000000,214.000000,0.084434,1098306304.000000,1.480041,0,1
48,59,58,36,56,64,38,39,
546.000000,214.000000,0.083959,1135912832.000000,1.467146,0,1
33,62,46,42,65,58,40,39,
547.000000,214.000000,0.083025,1540308736.000000,1.444671,0,1
27,58,37,56,64,50,53,47,
548.000000,214.000000,0.083047,1657359872.000000,1.453566,0,1
28,46,43,65,58,52,64,62,
542.000000,215.000000,0.085388,917227712.000000,1.487490,0,1
36,37,36,41,40,38,41,42,
543.000000,215.000000,0.084732,998117184.000000,1.473204,0,1
46,36,42,40,39,40,42,41,
544.000000,215.000000,0.084972,1037412928.000000,1.491659,0,1
59,36,56,40,38,53,41,40,
545.000000,215.000000,0.084770,1070276864.000000,1.492601,0,1
62,42,65,39,40,64,40,39,
546.000000,215.000000,0.084520,1122647680.000000,1.498130,0,1
58,56,64,38,53,67,39,40,
547.000000,215.000000,0.084045,1152113152.000000,1.484257,0,1
46,65,58,40,64,63,39,38,
548.000000,215.000000,0.083414,1512426752.000000,1.470535,0,1
37,64,50,53,67,52,47,43,
549.000000,215.000000,0.083202,1632749824.000000,1.472423,0,1
43,58,52,64,63,47,62,56,
544.000000,216.000000,0.084824,980312384.000000,1.490680,0,1
42,39,40,42,40,39,41,42,
545.000000,216.000000,0.084720,1044452416.000000,1.499902,0,1
56,38,53,41,39,47,40,41,
546.000000,216.000000,0.086290,1090777344.000000,1.568931,0,1
65,40,64,40,39,62,39,42,
547.000000,216.000000,0.086203,1040184896.000000,1.567923,0,1
64,53,67,39,47,67,40,41,
548.000000,216.000000,0.084058,999215360.000000,1.499735,0,1
58,64,63,39,62,66,38,40,
549.000000,216.000000,0.084962,1093511424.000000,1.539202,0,1
50,67,52,47,67,53,43,39,
550.000000,216.000000,0.086607,1490529280.000000,1.609094,0,1
52,63,47,62,66,49,56,51,
551.000000,216.000000,0.085561,1443500288.000000,1.578704,0,1
57,52,53,67,53,53,64,64,
549.000000,217.000000,0.085562,1325172992.000000,1.568716,0,1
63,62,66,38,56,64,40,40,
550.000000,217.000000,0.084931,1097942016.000000,1.559428,0,1
52,67,53,43,64,59,39,41,
548.000000,219.000000,0.089865,1040232384.000000,2.332603,0,1
43,41,39,41,41,41,44,44,
549.000000,219.000000,0.088622,5557441536.000000,2.266337,0,1
56,40,51,41,40,46,44,44,
550.000000,220.000000,0.089626,936011648.000000,2.351465,0,1
51,40,46,44,42,42,44,44,
678.000000,20.000000,0.021345,15281138688.000000,0.463874,0,1
64,58,108,59,97,133,72,119,
674.000000,34.000000,0.020969,13978029056.000000,0.440685,0,1
71,60,128,53,123,131,118,123,
653.000000,40.000000,0.020753,9744788480.000000,0.401326,0,1
89,66,105,59,92,93,68,97,
668.000000,40.000000,0.020968,17193703424.000000,0.429055,0,1
60,89,49,115,60,62,86,55,
653.000000,41.000000,0.020735,10652844032.000000,0.400395,0,1
88,66,105,56,90,90,74,99,
653.000000,42.000000,0.020712,7842603008.000000,0.399420,0,1
92,68,101,57,97,89,74,101,
188.000000,44.000000,0.051337,74612555776.000000,1.565494,0,1
134,94,146,75,130,147,87,126,
189.000000,44.000000,0.051345,47658291200.000000,1.560095,0,1
148,131,149,91,144,147,128,140,
181.000000,45.000000,0.051530,10632603648.000000,1.614509,0,1
143,143,139,145,143,127,143,143,
182.000000,45.000000,0.051508,31186569216.000000,1.607413,0,1
141,143,127,145,140,97,141,138,
183.000000,45.000000,0.051510,49385656320.000000,1.601564,0,1
127,139,96,143,127,76,138,126,
184.000000,45.000000,0.051495,68629352448.000000,1.594887,0,1
93,127,76,140,97,74,126,98,
185.000000,45.000000,0.051475,54228541440.000000,1.587997,0,1
76,96,75,127,76,87,97,74,
186.000000,45.000000,0.051391,49822826496.000000,1.577869,0,1
76,76,91,97,74,128,75,75,
187.000000,45.000000,0.051378,54014275584.000000,1.571398,0,1
94,75,130,76,87,141,74,83,
188.000000,45.000000,0.051343,76493127680.000000,1.563805,0,1
131,91,144,74,128,145,85,123,
189.000000,45.000000,0.051347,49541566464.000000,1.558153,0,1
146,130,147,87,141,147,126,140,
190.000000,45.000000,0.051341,19655456768.000000,1.552015,0,1
149,144,147,128,145,148,140,145,
669.000000,45.000000,0.021851,10193067008.000000,0.448636,0,1
83,74,117,61,116,138,97,120,
181.000000,46.000000,0.051508,10585613312.000000,1.611475,0,1
143,145,140,144,141,126,142,140,
182.000000,46.000000,0.051490,29746219008.000000,1.604590,0,1
139,143,127,143,138,97,143,138,
183.000000,46.000000,0.051495,46415687680.000000,1.598840,0,1
127,140,97,141,126,75,138,126,
184.000000,46.000000,0.051488,68154544128.000000,1.592606,0,1
96,127,76,138,97,74,126,101,
185.000000,46.000000,0.051469,52778762240.000000,1.585743,0,1
76,97,74,126,75,85,98,74,
186.000000,46.000000,0.051381,48656207872.000000,1.575411,0,1
75,76,87,97,74,126,74,74,
187.000000,46.000000,0.051378,53367140352.000000,1.569414,0,1
91,74,128,75,85,140,75,81,
189.000000,46.000000,0.051352,52017172480.000000,1.556390,0,1
144,128,145,85,140,146,123,139,
190.000000,46.000000,0.051343,21169301504.000000,1.550100,0,1
147,141,147,126,145,146,140,144,
181.000000,47.000000,0.051469,11165224960.000000,1.607592,0,1
143,143,138,143,143,126,142,139,
182.000000,47.000000,0.051474,28152276992.000000,1.601849,0,1
140,141,126,142,138,98,140,136,
183.000000,47.000000,0.051466,45062422528.000000,1.595465,0,1
127,138,97,143,126,74,138,126,
185.000000,47.000000,0.051460,51690831872.000000,1.583292,0,1
76,97,74,126,74,83,101,74,
186.000000,47.000000,0.051380,46957821952.000000,1.573374,0,1
74,75,85,98,75,123,74,73,
187.000000,47.000000,0.051374,50035085312.000000,1.567217,0,1
87,74,126,74,83,140,74,80,
188.000000,47.000000,0.051347,75551711232.000000,1.560012,0,1
128,85,140,75,123,145,81,115,
189.000000,47.000000,0.051358,53053104128.000000,1.554709,0,1
141,126,145,83,140,145,119,137,
665.000000,47.000000,0.021253,5777928192.000000,0.428926,0,1
62,66,48,72,48,76,49,44,
181.000000,48.000000,0.051426,11815000064.000000,1.603599,0,1
141,142,138,141,140,126,141,139,
182.000000,48.000000,0.051476,27998775296.000000,1.600028,0,1
138,143,126,142,138,101,139,136,
183.000000,48.000000,0.051449,44120862720.000000,1.592707,0,1
126,138,98,140,126,74,136,126,
184.000000,48.000000,0.051463,63323926528.000000,1.587469,0,1
97,126,74,138,101,74,126,104,
185.000000,48.000000,0.051444,50810322944.000000,1.580600,0,1
75,98,75,126,74,81,103,73,
186.000000,48.000000,0.051386,45774135296.000000,1.571764,0,1
74,74,83,101,74,119,74,72,
187.000000,48.000000,0.051372,49217581056.000000,1.565189,0,1
85,75,123,74,81,139,73,80,
189.000000,48.000000,0.051357,56425308160.000000,1.552665,0,1
140,123,145,81,139,144,115,136,
190.000000,48.000000,0.051355,26144868352.000000,1.546715,0,1
145,140,145,119,144,146,137,142,
628.000000,48.000000,0.020750,20952477696.000000,0.360287,0,1
106,114,99,143,116,97,146,146,
181.000000,49.000000,0.051389,12768144384.000000,1.599822,0,1
143,142,138,141,139,126,140,139,
182.000000,49.000000,0.051462,26689081344.000000,1.597454,0,1
138,140,126,141,136,103,139,136,
184.000000,49.000000,0.051455,61917032448.000000,1.585190,0,1
98,126,74,136,103,73,126,105,
185.000000,49.000000,0.051422,50116907008.000000,1.577588,0,1
74,101,74,126,74,80,104,73,
186.000000,49.000000,0.051387,45745197056.000000,1.569868,0,1
75,74,81,103,73,115,73,72,
187.000000,49.000000,0.051368,46757658624.000000,1.563035,0,1
83,74,119,74,80,137,72,80,
189.000000,49.000000,0.051354,58107998208.000000,1.550597,0,1
140,119,144,80,137,143,112,136,
190.000000,49.000000,0.051366,29237295104.000000,1.545299,0,1
145,139,144,115,143,144,136,142,
181.000000,50.000000,0.051369,11839097856.000000,1.596812,0,1
140,141,136,140,139,126,140,139,
182.000000,50.000000,0.051438,26115737600.000000,1.594385,0,1
138,139,126,140,136,104,139,136,
183.000000,50.000000,0.051423,41562918912.000000,1.587592,0,1
126,136,103,139,126,73,136,127,
184.000000,50.000000,0.051445,60890386432.000000,1.582766,0,1
101,126,74,136,104,72,126,107,
185.000000,50.000000,0.051420,49740505088.000000,1.575562,0,1
74,103,73,126,73,80,105,75,
186.000000,50.000000,0.051378,44002230272.000000,1.567520,0,1
74,74,80,104,72,112,73,75,
188.000000,50.000000,0.051353,73654976512.000000,1.554489,0,1
119,80,137,72,112,142,80,106,
189.000000,50.000000,0.051359,59678097408.000000,1.548943,0,1
139,115,143,80,136,143,110,133,
190.000000,50.000000,0.051369,31205197824.000000,1.543549,0,1
144,137,143,112,142,142,136,139,
181.000000,51.000000,0.051370,10548249600.000000,1.594941,0,1
139,140,136,141,139,126,141,140,
182.000000,51.000000,0.051430,24867538944.000000,1.592081,0,1
136,139,126,140,136,105,139,136,
183.000000,51.000000,0.051405,40005066752.000000,1.584833,0,1
126,136,104,139,126,73,136,128,
184.000000,51.000000,0.051437,58254225408.000000,1.580453,0,1
103,126,73,136,105,72,127,108,
185.000000,51.000000,0.051406,47212703744.000000,1.572975,0,1
74,104,72,126,73,80,107,77,
186.000000,51.000000,0.051372,42386374656.000000,1.565347,0,1
73,73,80,105,72,110,75,75,
188.000000,51.000000,0.051346,71013564416.000000,1.552290,0,1
115,80,136,72,110,142,80,104,
189.000000,51.000000,0.051358,60749762560.000000,1.546990,0,1
137,112,142,80,136,142,106,134,
190.000000,51.000000,0.051370,31993063424.000000,1.541662,0,1
143,136,143,110,142,142,133,140,
663.000000,51.000000,0.020584,10419351552.000000,0.407000,0,1
56,66,45,89,50,53,55,44,
665.000000,51.000000,0.021528,15446263808.000000,0.431716,0,1
44,45,63,50,53,117,45,70,
652.000000,52.000000,0.020665,20182714368.000000,0.391791,0,1
84,55,94,49,71,91,52,83,
653.000000,52.000000,0.020476,13129678848.000000,0.389116,0,1
104,77,99,52,85,99,71,86,
650.000000,54.000000,0.020571,12948331520.000000,0.385820,0,1
49,56,52,79,46,83,53,47,
651.000000,54.000000,0.020378,12158594048.000000,0.383099,0,1
52,45,71,59,58,86,48,63,
650.000000,55.000000,0.020816,13439450112.000000,0.390679,0,1
45,59,58,66,48,91,50,45,
660.000000,60.000000,0.019575,6942605312.000000,0.376083,0,1
45,49,41,60,43,47,43,43,
651.000000,63.000000,0.020568,4068565504.000000,0.383399,0,1
62,55,80,51,78,83,73,87,
662.000000,63.000000,0.021244,10957405184.000000,0.415152,0,1
53,43,66,43,42,65,38,75,
644.000000,66.000000,0.020735,21357733888.000000,0.375451,0,1
84,108,76,119,103,67,115,110,
651.000000,70.000000,0.020385,12005381120.000000,0.376581,0,1
98,87,96,73,97,85,101,101,
199.000000,76.000000,0.051739,20951236608.000000,1.177009,0,1
131,112,132,86,130,132,107,127,
198.000000,77.000000,0.051747,26770501632.000000,1.181178,0,1
112,86,130,74,107,131,79,100,
199.000000,77.000000,0.051725,23867105280.000000,1.175372,0,1
130,109,132,82,129,131,103,127,
485.000000,77.000000,0.012834,2468833280.000000,0.082773,0,1
60,74,70,86,57,104,76,57,
198.000000,78.000000,0.051734,29012271104.000000,1.179585,0,1
109,82,129,73,103,129,76,99,
199.000000,78.000000,0.051716,25256646656.000000,1.174357,0,1
130,107,131,79,127,129,100,127,
200.000000,78.000000,0.051722,14296904704.000000,1.169204,0,1
132,129,131,103,129,130,127,130,
485.000000,78.000000,0.012901,2662398208.000000,0.082638,0,1
58,75,67,93,56,110,89,64,
657.000000,78.000000,0.021280,8040317952.000000,0.402491,0,1
34,38,37,39,37,67,39,38,
198.000000,79.000000,0.051731,28886720512.000000,1.178412,0,1
107,79,127,72,100,128,77,97,
199.000000,79.000000,0.051712,26760710144.000000,1.173022,0,1
129,103,129,76,127,130,99,127,
200.000000,79.000000,0.051726,15004850176.000000,1.168291,0,1
131,127,129,100,128,130,127,131,
198.000000,80.000000,0.051746,28344713216.000000,1.177964,0,1
103,76,127,70,99,130,76,93,
200.000000,80.000000,0.051715,15193500672.000000,1.166840,0,1
129,127,130,99,130,132,127,128,
198.000000,81.000000,0.051753,25755807744.000000,1.177662,0,1
100,77,127,68,97,131,78,89,
198.000000,82.000000,0.051788,23600396288.000000,1.178050,0,1
99,76,127,73,93,128,78,83,
175.000000,83.000000,0.051778,26768857088.000000,1.606100,0,1
120,129,97,133,117,81,129,117,
176.000000,83.000000,0.051762,46983925760.000000,1.599011,0,1
96,120,82,129,95,78,117,91,
177.000000,83.000000,0.051753,36466245632.000000,1.592293,0,1
78,97,78,117,81,76,93,67,
174.000000,84.000000,0.051768,17971998720.000000,1.610793,0,1
129,133,117,132,129,93,128,126,
176.000000,84.000000,0.051730,44821241856.000000,1.596348,0,1
97,117,81,129,93,68,117,93,
177.000000,84.000000,0.051708,38943780864.000000,1.588953,0,1
82,95,78,117,74,65,91,67,
178.000000,84.000000,0.051724,20675289088.000000,1.583521,0,1
78,81,76,93,68,66,67,55,
174.000000,85.000000,0.051773,23805796352.000000,1.610052,0,1
129,130,117,131,126,91,129,127,
175.000000,85.000000,0.051760,36160020480.000000,1.603138,0,1
117,129,93,128,117,67,126,116,
176.000000,85.000000,0.051739,56598192128.000000,1.595789,0,1
95,117,74,126,91,58,117,93,
177.000000,85.000000,0.051737,53806075904.000000,1.589396,0,1
81,93,68,117,67,56,93,64,
178.000000,85.000000,0.051702,25672863744.000000,1.581365,0,1
78,74,65,91,58,55,67,48,
179.000000,85.000000,0.051740,10799600640.000000,1.577049,0,1
76,68,66,67,56,56,55,58,
173.000000,86.000000,0.051746,6223522816.000000,1.613948,0,1
130,131,126,132,129,117,131,130,
174.000000,86.000000,0.051742,21205886976.000000,1.607485,0,1
129,128,117,131,126,93,130,127,
175.000000,86.000000,0.051728,40009953280.000000,1.600472,0,1
117,126,91,129,117,67,127,116,
176.000000,86.000000,0.051737,60635295744.000000,1.594691,0,1
93,117,67,126,93,55,116,92,
178.000000,86.000000,0.051721,36092825600.000000,1.581349,0,1
68,67,56,93,55,53,64,40,
179.000000,86.000000,0.050824,3736011264.000000,1.530961,0,1
65,58,55,67,58,53,48,47,
173.000000,87.000000,0.051736,6775593984.000000,1.612481,0,1
128,131,126,132,130,116,132,129,
174.000000,87.000000,0.051733,24974712832.000000,1.606077,0,1
126,129,117,131,127,93,130,126,
175.000000,87.000000,0.051723,45112299520.000000,1.599290,0,1
117,126,93,130,116,64,127,116,
176.000000,87.000000,0.051721,67492413440.000000,1.592887,0,1
91,117,67,127,93,48,116,94,
178.000000,87.000000,0.051703,40289034240.000000,1.579441,0,1
58,67,58,93,48,51,60,46,
179.000000,87.000000,0.051702,14994515968.000000,1.573130,0,1
56,55,53,64,58,49,40,42,
173.000000,88.000000,0.051593,7827947520.000000,1.289742,0,1
129,131,127,132,130,116,130,128,
174.000000,88.000000,0.051725,26407151616.000000,1.604699,0,1
126,130,116,132,127,92,129,125,
175.000000,88.000000,0.051708,49130004480.000000,1.597549,0,1
117,127,93,130,116,60,126,117,
176.000000,88.000000,0.051712,72064040960.000000,1.591477,0,1
93,116,64,127,92,40,116,97,
177.000000,88.000000,0.051702,71578673152.000000,1.584726,0,1
67,93,48,116,60,47,94,64,
178.000000,88.000000,0.051713,47956926464.000000,1.578973,0,1
55,64,58,92,40,44,61,54,
179.000000,88.000000,0.051694,17891430400.000000,1.571751,0,1
58,48,51,60,47,43,46,47,
180.000000,88.000000,0.051514,3413417472.000000,1.556541,0,1
53,58,49,40,44,45,42,48,
197.000000,88.000000,0.051858,28972380160.000000,1.179654,0,1
61,41,74,36,57,105,37,58,
174.000000,89.000000,0.051696,26809722880.000000,1.602292,0,1
127,130,116,130,126,94,128,124,
176.000000,89.000000,0.051694,74106257408.000000,1.589638,0,1
93,116,60,126,94,46,117,101,
177.000000,89.000000,0.051694,74975780864.000000,1.583375,0,1
64,92,40,116,61,42,97,71,
178.000000,89.000000,0.051702,44309180416.000000,1.577498,0,1
48,60,47,94,46,44,64,62,
179.000000,89.000000,0.051663,13562335232.000000,1.569242,0,1
58,40,44,61,42,44,54,58,
197.000000,89.000000,0.051812,33169154048.000000,1.176497,0,1
57,38,77,36,58,105,37,58,
174.000000,90.000000,0.051668,21099059200.000000,1.600004,0,1
127,129,116,128,125,97,126,124,
175.000000,90.000000,0.051647,46003150848.000000,1.592654,0,1
116,126,94,128,117,64,124,118,
176.000000,90.000000,0.051674,69545721856.000000,1.587723,0,1
92,116,61,125,97,54,118,104,
177.000000,90.000000,0.051667,68938244096.000000,1.581115,0,1
60,94,46,117,64,47,101,77,
178.000000,90.000000,0.051662,38074560512.000000,1.574553,0,1
40,61,42,97,54,48,71,66,
179.000000,90.000000,0.051656,12219405312.000000,1.567988,0,1
47,46,44,64,47,49,62,66,
197.000000,90.000000,0.051804,33944999936.000000,1.175277,0,1
57,37,78,37,58,101,36,59,
175.000000,91.000000,0.051582,41500913664.000000,1.588510,0,1
116,125,97,126,118,71,124,118,
177.000000,91.000000,0.051648,66763567104.000000,1.579245,0,1
61,97,54,118,71,58,104,75,
178.000000,91.000000,0.051637,36033363968.000000,1.572451,0,1
46,64,47,101,62,59,77,55,
653.000000,92.000000,0.020236,9094871040.000000,0.369788,0,1
36,31,60,31,46,42,35,45,
654.000000,110.000000,0.020370,8711993344.000000,0.370969,0,1
65,53,74,31,61,66,46,35,
696.000000,118.000000,0.006489,6475677696.000000,0.125511,0,1
58,47,64,29,46,82,54,68,
529.000000,200.000000,0.070629,3698931456.000000,1.143729,0,1
39,37,28,53,29,27,64,64,
532.000000,204.000000,0.077005,1987470976.000000,1.407764,0,1
27,54,29,55,56,31,57,48,
534.000000,204.000000,0.076791,1416176384.000000,1.417847,0,1
21,29,25,56,31,27,50,47,
532.000000,205.000000,0.076708,1882405248.000000,1.401586,0,1
41,59,42,56,55,40,48,41,
533.000000,205.000000,0.076973,1937361024.000000,1.421209,0,1
29,56,31,57,50,32,48,43,
534.000000,205.000000,0.076528,1954401280.000000,1.413394,0,1
25,42,28,55,40,29,48,43,
544.000000,210.000000,0.081544,2482744832.000000,1.755251,0,1
33,38,39,28,30,38,31,56,
545.000000,210.000000,0.081658,1394823552.000000,1.770335,0,1
30,38,38,29,34,39,30,48,
542.000000,211.000000,0.081406,2465243904.000000,1.733365,0,1
38,28,29,36,36,30,36,36,
543.000000,211.000000,0.081365,3361432576.000000,1.742051,0,1
38,28,30,35,31,29,48,46,
544.000000,211.000000,0.081529,2293594112.000000,1.761508,0,1
38,29,34,36,30,32,56,59,
545.000000,211.000000,0.081660,3290398464.000000,1.777089,0,1
39,30,38,31,29,32,56,62,
546.000000,211.000000,0.081716,1621503488.000000,1.789978,0,1
38,34,39,30,32,30,48,58,
541.000000,212.000000,0.081840,3082791168.000000,2.461334,0,1
28,36,36,40,36,56,36,37,
543.000000,212.000000,0.081870,2820130816.000000,2.493034,0,1
29,36,30,36,56,48,36,36,
544.000000,212.000000,0.081869,3503457024.000000,2.507615,0,1
30,31,29,48,56,33,46,42,
546.000000,212.000000,0.081423,2887929856.000000,1.785172,0,1
38,29,32,56,33,28,62,65,
547.000000,212.000000,0.081293,2256792064.000000,1.786691,0,1
39,32,30,48,27,28,58,64,
542.000000,213.000000,0.081699,1761808000.000000,2.476635,0,1
36,36,56,36,36,59,37,40,
674.000000,32.000000,0.021038,21110865920.000000,0.520968,0,1
74,59,92,50,71,127,60,123,
674.000000,33.000000,0.021067,21243168768.000000,0.521189,0,1
75,56,99,49,98,139,97,128,
652.000000,36.000000,0.020792,19176282112.000000,0.473193,0,1
78,97,75,131,71,101,92,72,
652.000000,38.000000,0.020821,13836831744.000000,0.472703,0,1
71,92,90,112,72,103,69,66,
652.000000,39.000000,0.020801,11090053120.000000,0.471560,0,1
72,80,89,87,66,105,59,68,
652.000000,40.000000,0.020818,10742673408.000000,0.471454,0,1
72,69,88,68,66,105,56,74,
667.000000,42.000000,0.020813,17626841088.000000,0.496730,0,1
91,112,58,114,73,59,79,55,
668.000000,45.000000,0.021845,19020703744.000000,0.525806,0,1
61,55,103,51,88,131,68,103,
669.000000,46.000000,0.021735,22781300736.000000,0.523825,0,1
103,88,131,68,120,136,103,122,
629.000000,48.000000,0.020700,28521465856.000000,0.423254,0,1
111,95,112,139,95,105,137,131,
651.000000,50.000000,0.020830,20521318400.000000,0.463732,0,1
64,65,84,79,61,104,53,52,
652.000000,50.000000,0.020883,22916030464.000000,0.466906,0,1
82,63,105,60,84,104,55,71,
652.000000,51.000000,0.020765,23471476736.000000,0.463205,0,1
84,61,104,53,77,99,52,71,
181.000000,52.000000,0.051415,11301710848.000000,1.907007,0,1
139,140,136,142,139,127,141,140,
182.000000,52.000000,0.051445,33515700224.000000,1.901812,0,1
136,139,126,141,136,107,140,137,
183.000000,52.000000,0.051433,52700000256.000000,1.893876,0,1
126,136,105,139,127,75,136,129,
184.000000,52.000000,0.051442,81077190656.000000,1.887353,0,1
104,126,73,136,107,75,128,109,
185.000000,52.000000,0.051415,65667305472.000000,1.878536,0,1
73,105,72,127,75,80,108,79,
187.000000,52.000000,0.051323,64581513216.000000,1.858487,0,1
80,72,110,75,80,133,75,81,
188.000000,52.000000,0.051334,107407130624.000000,1.852099,0,1
112,80,136,75,106,139,81,101,
189.000000,52.000000,0.051336,92766494720.000000,1.845175,0,1
136,110,142,80,133,142,104,135,
181.000000,53.000000,0.051411,10189553664.000000,1.904893,0,1
139,141,136,140,140,128,140,139,
182.000000,53.000000,0.051435,30597771264.000000,1.898997,0,1
136,139,127,141,136,108,140,137,
184.000000,53.000000,0.051436,78116749312.000000,1.884838,0,1
105,127,75,136,108,75,129,110,
185.000000,53.000000,0.051406,65046388736.000000,1.875761,0,1
73,107,75,128,77,81,109,81,
186.000000,53.000000,0.051365,55565524992.000000,1.866064,0,1
72,75,80,108,75,104,79,75,
187.000000,53.000000,0.051320,61226250240.000000,1.856106,0,1
80,75,106,77,81,134,76,80,
188.000000,53.000000,0.051328,101419384832.000000,1.849545,0,1
110,80,133,75,104,140,81,99,
189.000000,53.000000,0.051321,91282194432.000000,1.841996,0,1
136,106,139,81,134,140,101,136,
190.000000,53.000000,0.051337,50022092800.000000,1.835927,0,1
142,133,142,104,140,144,135,141,
181.000000,54.000000,0.051423,8630347776.000000,1.903963,0,1
139,141,136,140,140,129,140,139,
182.000000,54.000000,0.051429,29446909952.000000,1.896538,0,1
136,140,128,140,137,109,139,137,
184.000000,54.000000,0.051432,76987588608.000000,1.882446,0,1
107,128,77,137,109,76,130,111,
185.000000,54.000000,0.051408,66135629824.000000,1.873797,0,1
75,108,75,129,79,81,110,84,
186.000000,54.000000,0.051359,57147461632.000000,1.863561,0,1
75,77,81,109,76,101,81,75,
187.000000,54.000000,0.051304,57505214464.000000,1.852954,0,1
80,75,104,79,81,135,75,80,
188.000000,54.000000,0.051322,96770646016.000000,1.846980,0,1
106,81,134,76,101,141,80,98,
189.000000,54.000000,0.051311,89630343168.000000,1.839219,0,1
133,104,140,81,135,142,99,135,
190.000000,54.000000,0.051307,47779336192.000000,1.831887,0,1
139,134,140,101,141,142,136,140,
183.000000,55.000000,0.051424,47228723200.000000,1.886958,0,1
128,137,109,139,130,81,137,130,
184.000000,55.000000,0.051423,77513236480.000000,1.879794,0,1
108,129,79,137,110,75,130,110,
185.000000,55.000000,0.051409,67269537792.000000,1.871762,0,1
77,109,76,130,81,80,111,84,
186.000000,55.000000,0.051364,57342775296.000000,1.861742,0,1
75,79,81,110,75,99,84,74,
188.000000,55.000000,0.051315,90424164352.000000,1.844397,0,1
104,81,135,75,99,141,80,94,
190.000000,55.000000,0.051293,49047085056.000000,1.828818,0,1
140,135,142,99,141,141,135,138,
182.000000,56.000000,0.051437,26882813952.000000,1.893036,0,1
137,139,130,139,137,111,138,135,
183.000000,56.000000,0.051424,47488823296.000000,1.884922,0,1
129,137,110,139,130,84,136,130,
184.000000,56.000000,0.051414,76145442816.000000,1.877119,0,1
109,130,81,137,111,75,130,109,
185.000000,56.000000,0.051404,71007526912.000000,1.869349,0,1
79,110,75,130,84,80,110,86,
186.000000,56.000000,0.051370,54101057536.000000,1.859996,0,1
76,81,80,111,75,98,84,74,
187.000000,56.000000,0.051293,54544732160.000000,1.848001,0,1
81,75,99,84,80,135,74,78,
188.000000,56.000000,0.051306,85689761792.000000,1.841731,0,1
101,80,136,75,98,140,79,90,
189.000000,56.000000,0.051292,94127824896.000000,1.833743,0,1
135,99,141,80,135,140,94,129,
190.000000,56.000000,0.051279,50390921216.000000,1.825816,0,1
141,136,141,98,140,140,133,136,
183.000000,57.000000,0.051428,44246126592.000000,1.883184,0,1
130,137,111,138,130,84,135,130,
184.000000,57.000000,0.051407,76768894976.000000,1.874606,0,1
110,130,84,136,110,74,130,111,
186.000000,57.000000,0.051371,53371142144.000000,1.858002,0,1
75,84,80,110,74,94,86,73,
187.000000,57.000000,0.051290,53319102464.000000,1.845768,0,1
80,75,98,84,79,133,74,77,
188.000000,57.000000,0.051313,79944458240.000000,1.840112,0,1
99,80,135,74,94,138,78,87,
189.000000,57.000000,0.051288,94637645824.000000,1.831396,0,1
136,98,140,79,133,139,90,126,
190.000000,57.000000,0.051292,56780496896.000000,1.824564,0,1
141,135,140,94,138,139,129,136,
667.000000,57.000000,0.021166,9168275456.000000,0.498068,0,1
103,95,104,91,104,105,114,109,
182.000000,58.000000,0.051377,28294721536.000000,1.885139,0,1
137,138,130,138,135,109,138,136,
183.000000,58.000000,0.051399,45742723072.000000,1.879268,0,1
130,136,110,137,130,86,133,129,
184.000000,58.000000,0.051391,73529057280.000000,1.871603,0,1
111,130,84,135,109,74,130,110,
185.000000,58.000000,0.051396,72344494080.000000,1.864739,0,1
84,110,74,130,86,78,111,88,
186.000000,58.000000,0.051364,49483059200.000000,1.855566,0,1
75,84,79,109,74,90,87,73,
187.000000,58.000000,0.051301,53575565312.000000,1.844430,0,1
80,74,94,86,78,129,73,76,
188.000000,58.000000,0.051313,75939536896.000000,1.838043,0,1
98,79,133,74,90,136,77,86,
189.000000,58.000000,0.051296,96066314240.000000,1.829852,0,1
135,94,138,78,129,138,87,123,
190.000000,58.000000,0.051301,61546319872.000000,1.823005,0,1
140,133,139,90,136,138,126,135,
191.000000,58.000000,0.051297,22701328384.000000,1.815648,0,1
140,138,139,129,138,138,136,136,
182.000000,59.000000,0.051365,27472400384.000000,1.882420,0,1
136,137,130,138,133,111,138,134,
183.000000,59.000000,0.051385,44639109120.000000,1.876412,0,1
130,135,109,138,130,87,136,128,
184.000000,59.000000,0.051378,74635329536.000000,1.868725,0,1
110,130,86,133,111,73,129,110,
185.000000,59.000000,0.051389,74770382848.000000,1.862307,0,1
84,109,74,130,87,77,110,87,
187.000000,59.000000,0.051315,52656529408.000000,1.843284,0,1
79,74,90,87,77,126,73,72,
188.000000,59.000000,0.051325,73863553024.000000,1.836748,0,1
94,78,129,73,87,136,76,84,
189.000000,59.000000,0.051298,97175805952.000000,1.827907,0,1
133,90,136,77,126,137,86,120,
190.000000,59.000000,0.051310,65166864384.000000,1.821541,0,1
138,129,138,87,136,137,123,134,
191.000000,59.000000,0.051303,24788721664.000000,1.813952,0,1
139,136,138,126,137,138,135,135,
182.000000,60.000000,0.051363,26283761664.000000,1.880382,0,1
135,138,130,138,136,110,135,134,
185.000000,60.000000,0.051381,76590170112.000000,1.859815,0,1
86,111,73,129,88,76,110,86,
186.000000,60.000000,0.051383,54149459968.000000,1.852746,0,1
74,87,77,110,73,86,87,68,
187.000000,60.000000,0.051330,51541069824.000000,1.842221,0,1
78,73,87,88,76,123,70,67,
188.000000,60.000000,0.051323,71645822976.000000,1.834623,0,1
90,77,126,73,86,135,72,83,
189.000000,60.000000,0.051302,98811289600.000000,1.826168,0,1
129,87,136,76,123,136,84,117,
190.000000,60.000000,0.051307,65244372992.000000,1.819330,0,1
136,126,137,86,135,136,120,134,
191.000000,60.000000,0.051293,25370169344.000000,1.811342,0,1
138,136,137,123,136,138,134,135,
182.000000,61.000000,0.051354,27395352576.000000,1.877779,0,1
133,138,129,138,134,110,134,132,
183.000000,61.000000,0.051390,46896476160.000000,1.872921,0,1
130,136,110,135,128,87,134,128,
184.000000,61.000000,0.051371,73222430720.000000,1.864373,0,1
111,129,88,134,110,70,129,112,
185.000000,61.000000,0.051377,82291703808.000000,1.857628,0,1
87,110,73,128,87,72,111,86,
187.000000,61.000000,0.051336,53450702848.000000,1.840647,0,1
77,73,86,87,72,120,68,67,
188.000000,61.000000,0.051322,67353444352.000000,1.832605,0,1
87,76,123,70,84,134,67,82,
189.000000,61.000000,0.051297,99699187712.000000,1.823896,0,1
126,86,135,72,120,135,83,114,
190.000000,61.000000,0.051304,67757031424.000000,1.817166,0,1
136,123,136,84,134,135,117,132,
191.000000,61.000000,0.051295,27462051840.000000,1.809452,0,1
137,135,136,120,135,137,134,135,
182.000000,62.000000,0.051345,26408249344.000000,1.875340,0,1
136,135,128,135,134,111,134,132,
183.000000,62.000000,0.051373,46859878400.000000,1.869906,0,1
129,134,110,134,129,86,132,127,
185.000000,62.000000,0.051374,82737872896.000000,1.855505,0,1
88,110,70,129,86,67,112,87,
187.000000,62.000000,0.051335,56384106496.000000,1.838670,0,1
76,70,84,86,67,117,68,67,
189.000000,62.000000,0.051294,100175585280.000000,1.821745,0,1
123,84,134,67,117,135,82,111,
190.000000,62.000000,0.051295,69308719104.000000,1.814611,0,1
135,120,135,83,134,134,114,131,
191.000000,62.000000,0.051310,31605471232.000000,1.808416,0,1
136,134,135,117,135,134,132,134,
183.000000,63.000000,0.051358,47636021248.000000,1.867013,0,1
128,134,111,134,128,86,132,127,
185.000000,63.000000,0.051364,83470852096.000000,1.852982,0,1
87,111,68,128,86,67,112,87,
187.000000,63.000000,0.051324,58393493504.000000,1.836040,0,1
72,68,83,86,67,114,68,69,
188.000000,63.000000,0.051311,62650572800.000000,1.828037,0,1
84,67,117,68,82,132,67,81,
190.000000,63.000000,0.051291,69160239104.000000,1.812438,0,1
134,117,135,82,132,134,111,131,
182.000000,64.000000,0.051338,21286277120.000000,1.871094,0,1
134,134,128,136,132,112,134,132,
183.000000,64.000000,0.051350,43793973248.000000,1.864658,0,1
129,132,112,135,127,87,132,127,
184.000000,64.000000,0.051348,70123921408.000000,1.857288,0,1
111,128,86,132,112,68,127,114,
185.000000,64.000000,0.051351,81884348416.000000,1.850296,0,1
86,112,68,127,87,67,112,87,
186.000000,64.000000,0.051334,56320552960.000000,1.842006,0,1
68,86,67,112,68,81,87,70,
187.000000,64.000000,0.051308,55610511360.000000,1.833180,0,1
67,68,82,87,67,111,69,70,
190.000000,64.000000,0.051286,69370765312.000000,1.810201,0,1
134,114,135,81,131,134,109,130,
191.000000,64.000000,0.051288,33144563712.000000,1.803163,0,1
135,132,134,111,134,134,131,132,
182.000000,65.000000,0.051317,20152213504.000000,1.867910,0,1
132,135,127,136,132,112,133,131,
183.000000,65.000000,0.051333,39751426048.000000,1.861701,0,1
128,132,112,134,127,87,132,127,
184.000000,65.000000,0.051340,65074532352.000000,1.854960,0,1
112,127,87,132,112,69,127,115,
185.000000,65.000000,0.051339,79729074176.000000,1.847682,0,1
86,112,68,127,87,69,114,87,
186.000000,65.000000,0.051323,54914420736.000000,1.839440,0,1
68,87,67,112,69,81,87,69,
188.000000,65.000000,0.051275,57706639360.000000,1.822003,0,1
82,67,111,69,81,131,70,79,
190.000000,65.000000,0.051275,71221002240.000000,1.807653,0,1
132,111,134,81,131,133,106,129,
191.000000,65.000000,0.051277,32696563712.000000,1.800620,0,1
135,131,134,109,133,132,130,131,
644.000000,65.000000,0.020699,27891826688.000000,0.439897,0,1
83,101,68,118,94,56,112,109,
182.000000,66.000000,0.051329,18602600448.000000,1.866930,0,1
132,134,127,134,132,114,132,130,
183.000000,66.000000,0.051328,38886035456.000000,1.859609,0,1
127,132,112,133,127,87,131,126,
184.000000,66.000000,0.051332,60364775424.000000,1.852636,0,1
112,127,87,132,114,70,127,116,
185.000000,66.000000,0.051332,76189138944.000000,1.845419,0,1
87,112,69,127,87,70,115,89,
186.000000,66.000000,0.051307,51479179264.000000,1.836605,0,1
68,87,69,114,70,81,87,70,
187.000000,66.000000,0.051290,51114594304.000000,1.828345,0,1
67,69,81,87,70,106,69,68,
188.000000,66.000000,0.051267,52428517376.000000,1.819717,0,1
81,69,109,70,81,130,67,78,
189.000000,66.000000,0.051264,89905373184.000000,1.812309,0,1
111,81,131,70,106,132,79,100,
190.000000,66.000000,0.051254,68227235840.000000,1.804525,0,1
131,109,133,81,130,131,104,129,
182.000000,67.000000,0.051362,14728953856.000000,1.867256,0,1
132,133,127,133,131,115,132,131,
183.000000,67.000000,0.051330,39269871616.000000,1.857995,0,1
127,132,114,132,127,87,130,126,
184.000000,67.000000,0.051335,57286938624.000000,1.851056,0,1
112,127,87,131,115,69,126,116,
185.000000,67.000000,0.051322,76189425664.000000,1.842986,0,1
87,114,70,127,87,67,116,88,
187.000000,67.000000,0.051270,48476958720.000000,1.825268,0,1
69,70,81,87,67,104,70,68,
189.000000,67.000000,0.051253,85889236992.000000,1.809818,0,1
109,81,130,67,104,131,78,98,
190.000000,67.000000,0.051248,71878197248.000000,1.802315,0,1
131,106,132,79,129,132,100,130,
191.000000,67.000000,0.051248,34556125184.000000,1.795083,0,1
133,130,131,104,131,132,129,132,
182.000000,68.000000,0.051367,13286074368.000000,1.865901,0,1
132,132,127,132,130,116,132,129,
184.000000,68.000000,0.051338,55338213376.000000,1.849492,0,1
114,127,87,130,116,70,126,118,
185.000000,68.000000,0.051320,73206980608.000000,1.841123,0,1
87,115,69,126,89,68,116,90,
186.000000,68.000000,0.051305,52820152320.000000,1.832951,0,1
70,87,67,116,70,78,88,72,
187.000000,68.000000,0.051270,44697075712.000000,1.823553,0,1
70,69,79,89,68,100,71,69,
188.000000,68.000000,0.051230,50807017472.000000,1.813807,0,1
81,67,104,70,78,129,68,77,
189.000000,68.000000,0.051252,84613349376.000000,1.807997,0,1
106,79,129,68,100,130,77,96,
190.000000,68.000000,0.051237,71366909952.000000,1.799828,0,1
130,104,131,78,129,132,98,129,
191.000000,68.000000,0.051243,36474064896.000000,1.793026,0,1
132,129,132,100,130,132,130,132,
182.000000,69.000000,0.051343,12125099008.000000,1.862673,0,1
131,132,126,132,131,116,131,129,
183.000000,69.000000,0.051319,36204482560.000000,1.853850,0,1
127,130,116,132,126,88,129,127,
184.000000,69.000000,0.051343,50013478912.000000,1.848094,0,1
115,126,89,131,116,71,127,120,
185.000000,69.000000,0.051316,73817628672.000000,1.839193,0,1
87,116,70,126,88,68,118,92,
186.000000,69.000000,0.051298,50768678912.000000,1.830798,0,1
69,89,68,116,71,77,90,74,
187.000000,69.000000,0.051259,45427924992.000000,1.821129,0,1
67,70,78,88,68,98,72,68,
188.000000,69.000000,0.051226,50492223488.000000,1.811895,0,1
79,68,100,71,77,130,69,75,
189.000000,69.000000,0.051238,83342458880.000000,1.805431,0,1
104,78,129,68,98,132,77,94,
190.000000,69.000000,0.051227,70502236160.000000,1.797482,0,1
129,100,130,77,130,132,96,128,
191.000000,69.000000,0.051229,38998163456.000000,1.790445,0,1
131,129,132,98,132,131,129,130,
650.000000,69.000000,0.020519,18930503680.000000,0.444165,0,1
87,64,98,52,87,96,73,101,
182.000000,70.000000,0.051351,10644499456.000000,1.861489,0,1
130,132,126,131,129,118,130,128,
183.000000,70.000000,0.051306,33921703936.000000,1.851344,0,1
126,131,116,131,127,90,129,126,
184.000000,70.000000,0.051330,50094776320.000000,1.845633,0,1
116,126,88,129,118,72,127,119,
186.000000,70.000000,0.051295,51628290048.000000,1.828874,0,1
70,88,68,118,72,77,92,75,
187.000000,70.000000,0.051257,44980604928.000000,1.819267,0,1
68,71,77,90,69,96,74,68,
188.000000,70.000000,0.051215,48021020672.000000,1.809523,0,1
78,68,98,72,77,129,68,74,
189.000000,70.000000,0.051226,79484125184.000000,1.802992,0,1
100,77,130,69,96,132,75,92,
190.000000,70.000000,0.051213,71318994944.000000,1.794830,0,1
129,98,132,77,129,131,94,125,
191.000000,70.000000,0.051214,38401982464.000000,1.787699,0,1
130,130,132,96,132,131,128,129,
183.000000,71.000000,0.051328,32146892800.000000,1.851129,0,1
126,129,118,130,127,92,128,124,
184.000000,71.000000,0.051338,48049983488.000000,1.844485,0,1
116,127,90,129,120,74,126,117,
185.000000,71.000000,0.051313,67125075968.000000,1.835622,0,1
88,118,72,127,92,68,119,95,
186.000000,71.000000,0.051297,50304311296.000000,1.827352,0,1
71,90,69,120,74,75,93,77,
187.000000,71.000000,0.051262,44376862720.000000,1.817919,0,1
68,72,77,92,68,94,75,70,
188.000000,71.000000,0.051209,43679174656.000000,1.807473,0,1
77,69,96,74,75,128,68,74,
189.000000,71.000000,0.051219,69006663680.000000,1.800821,0,1
98,77,129,68,94,130,74,86,
190.000000,71.000000,0.051196,61010874368.000000,1.792121,0,1
130,96,132,75,128,131,92,116,
191.000000,71.000000,0.051209,38618705920.000000,1.785639,0,1
132,129,131,94,130,131,125,119,
192.000000,71.000000,0.051182,9354006528.000000,1.776757,0,1
132,132,131,128,131,131,129,118,
650.000000,71.000000,0.020525,18880710656.000000,0.443569,0,1
87,73,97,54,101,99,72,89,
651.000000,71.000000,0.020472,14536041472.000000,0.443871,0,1
95,95,97,75,102,83,94,98,
183.000000,72.000000,0.051338,31178532864.000000,1.850103,0,1
127,129,120,129,126,93,123,98,
185.000000,72.000000,0.051320,55913238528.000000,1.834400,0,1
90,120,74,126,93,68,117,87,
186.000000,72.000000,0.051309,44497178624.000000,1.826443,0,1
72,92,68,119,75,74,95,81,
187.000000,72.000000,0.051243,39961403392.000000,1.815083,0,1
69,74,75,93,68,92,77,77,
188.000000,72.000000,0.051201,39825543168.000000,1.805261,0,1
77,68,94,75,74,125,70,78,
189.000000,72.000000,0.051209,54543613952.000000,1.798491,0,1
96,75,128,68,92,129,74,82,
650.000000,72.000000,0.020541,16299917312.000000,0.443440,0,1
95,75,102,53,94,104,77,88,
651.000000,72.000000,0.020494,11581834240.000000,0.444010,0,1
97,101,99,72,101,88,89,91,
183.000000,73.000000,0.051347,26984521728.000000,1.849129,0,1
127,128,119,123,124,95,98,83,
184.000000,73.000000,0.051347,38366244864.000000,1.841778,0,1
120,126,93,123,117,77,98,84,
185.000000,73.000000,0.051331,46377398272.000000,1.833486,0,1
92,119,75,124,95,70,94,83,
186.000000,73.000000,0.051319,31803013120.000000,1.825437,0,1
74,93,68,117,77,74,87,81,
187.000000,73.000000,0.051260,23680720896.000000,1.814464,0,1
68,75,74,95,70,86,81,82,
188.000000,73.000000,0.051179,28009748480.000000,1.802240,0,1
75,68,92,77,74,116,77,81,
189.000000,73.000000,0.051205,41027502080.000000,1.796539,0,1
94,74,125,70,86,119,78,81,
190.000000,73.000000,0.051185,30392528896.000000,1.788098,0,1
128,92,129,74,116,118,82,82,
191.000000,73.000000,0.051200,18227482624.000000,1.781758,0,1
130,125,130,86,119,119,93,79,
650.000000,73.000000,0.020535,14036143104.000000,0.442860,0,1
101,72,101,55,89,103,77,94,
651.000000,73.000000,0.020472,11346280448.000000,0.443080,0,1
102,94,104,77,98,87,88,88,
184.000000,74.000000,0.051351,25734524928.000000,1.840514,0,1
119,124,95,98,94,81,83,80,
185.000000,74.000000,0.051331,29884364800.000000,1.831900,0,1
93,117,77,98,87,77,84,80,
186.000000,74.000000,0.051339,21502042112.000000,1.825147,0,1
75,95,70,94,81,78,83,81,
187.000000,74.000000,0.051315,4845155328.000000,1.816538,0,1
68,77,74,87,77,82,81,82,
188.000000,74.000000,0.051191,12491136000.000000,1.801719,0,1
74,70,86,81,78,93,82,82,
189.000000,74.000000,0.051201,23104806912.000000,1.794701,0,1
92,74,116,77,82,94,81,82,
190.000000,74.000000,0.051194,17080129536.000000,1.787062,0,1
125,86,119,78,93,94,81,80,
196.000000,76.000000,0.051622,17260902400.000000,1.767780,0,1
96,84,87,75,80,109,73,73,
198.000000,76.000000,0.051616,40095473664.000000,1.752677,0,1
120,87,130,80,109,132,82,103,
196.000000,77.000000,0.051594,16425205760.000000,1.764399,0,1
84,78,86,70,74,107,76,72,
197.000000,77.000000,0.051606,30105405440.000000,1.757297,0,1
87,80,109,73,82,129,73,76,
195.000000,78.000000,0.052080,2634494464.000000,1.799365,0,1
78,70,74,71,76,79,68,72,
196.000000,78.000000,0.051629,18497140736.000000,1.765060,0,1
80,73,82,71,73,103,79,70,
197.000000,78.000000,0.051594,31090294784.000000,1.755107,0,1
86,74,107,76,79,127,72,77,
195.000000,79.000000,0.051739,5903976448.000000,1.776440,0,1
73,71,73,72,79,76,66,66,
196.000000,79.000000,0.051653,18700800000.000000,1.766011,0,1
74,76,79,68,72,100,72,68,
197.000000,79.000000,0.051612,30960080896.000000,1.754754,0,1
82,73,103,79,76,127,70,76,
196.000000,80.000000,0.051646,20395558912.000000,1.762308,0,1
73,79,76,66,70,99,66,73,
197.000000,80.000000,0.051596,29850986496.000000,1.752984,0,1
79,72,100,72,77,127,68,78,
196.000000,81.000000,0.051614,19235700736.000000,1.760138,0,1
72,72,77,65,68,97,71,75,
197.000000,81.000000,0.051611,27074711552.000000,1.751425,0,1
76,70,99,66,76,127,73,78,
197.000000,82.000000,0.051612,24814733312.000000,1.750555,0,1
77,68,97,71,78,125,75,70,
195.000000,87.000000,0.051729,23271626752.000000,1.764007,0,1
51,56,51,55,39,57,49,36,
196.000000,87.000000,0.051742,26603444224.000000,1.758182,0,1
55,49,61,49,41,74,36,37,
195.000000,88.000000,0.051687,34429489152.000000,1.760150,0,1
49,49,41,55,36,57,51,37,
196.000000,88.000000,0.051745,33506928640.000000,1.756820,0,1
51,39,57,49,38,77,36,37,
194.000000,89.000000,0.051688,31947225088.000000,1.766485,0,1
49,55,36,47,51,37,55,53,
195.000000,89.000000,0.051711,35934875648.000000,1.760391,0,1
39,49,38,56,36,58,52,37,
196.000000,89.000000,0.051715,38107828224.000000,1.753624,0,1
41,36,57,51,37,78,37,36,
654.000000,89.000000,0.020156,12170930176.000000,0.435175,0,1
37,33,46,32,40,36,36,60,
194.000000,90.000000,0.051675,25006876672.000000,1.764552,0,1
49,56,36,49,52,37,60,53,
195.000000,90.000000,0.051688,37787557888.000000,1.757769,0,1
36,51,37,55,37,58,53,38,
196.000000,90.000000,0.051721,37311287296.000000,1.752726,0,1
38,36,58,52,37,77,37,35,
197.000000,91.000000,0.051746,42158546944.000000,1.459483,0,1
58,37,77,37,58,98,35,57,
194.000000,92.000000,0.051668,19879419904.000000,1.761809,0,1
52,60,37,56,53,35,53,54,
195.000000,92.000000,0.051668,35601915904.000000,1.754264,0,1
37,53,36,59,38,59,53,41,
196.000000,92.000000,0.051705,39129624576.000000,1.749221,0,1
37,37,58,53,35,74,39,37,
197.000000,92.000000,0.051714,59759464448.000000,1.742575,0,1
58,36,76,38,59,95,36,55,
194.000000,93.000000,0.051669,19153039360.000000,1.760760,0,1
53,59,38,46,53,36,48,60,
196.000000,93.000000,0.051710,35103670272.000000,1.748506,0,1
36,38,59,53,36,70,41,45,
195.000000,94.000000,0.051666,26477117440.000000,1.751974,0,1
38,53,36,48,41,55,60,59,
196.000000,94.000000,0.051731,30539167744.000000,1.748709,0,1
35,39,57,54,37,66,50,55,
196.000000,95.000000,0.051704,25618989056.000000,1.746147,0,1
36,41,55,60,45,66,59,48,
483.000000,114.000000,0.011979,1189085184.000000,0.068097,0,1
62,56,72,40,69,63,47,35,
695.000000,116.000000,0.006634,4262250240.000000,0.147956,0,1
62,46,79,33,57,58,39,35,
696.000000,117.000000,0.006732,6103554048.000000,0.150796,0,1
79,57,58,39,55,72,35,61,
525.000000,200.000000,0.072486,5436797952.000000,1.567963,0,1
51,48,48,44,54,53,54,52,
525.000000,201.000000,0.072684,7052122112.000000,1.583003,0,1
48,49,56,42,62,70,43,39,
526.000000,201.000000,0.072511,7055865856.000000,1.585433,0,1
48,54,53,54,67,64,52,50,
529.000000,201.000000,0.072685,3004497408.000000,1.626580,0,1
30,39,28,70,46,28,69,60,
530.000000,201.000000,0.074352,1562667008.000000,1.725274,0,1
28,29,27,64,33,24,64,61,
531.000000,201.000000,0.073958,2316722176.000000,1.715534,0,1
28,28,27,46,28,23,51,54,
532.000000,201.000000,0.073193,1886245760.000000,1.686199,0,1
28,27,26,33,24,21,36,41,
533.000000,201.000000,0.071747,1171198208.000000,1.628408,0,1
27,27,25,28,23,21,27,29,
525.000000,202.000000,0.072575,5685758976.000000,1.584777,0,1
54,54,67,36,52,67,33,34,
526.000000,202.000000,0.072600,4263632896.000000,1.596493,0,1
56,62,70,43,62,69,39,37,
527.000000,202.000000,0.074269,2737305088.000000,1.694432,0,1
53,67,64,52,67,64,50,46,
528.000000,202.000000,0.072768,2980597760.000000,1.627137,0,1
39,70,46,62,69,51,57,50,
529.000000,202.000000,0.074311,2350742784.000000,1.719238,0,1
29,64,33,67,64,36,58,51,
530.000000,202.000000,0.073340,1835137152.000000,1.683408,0,1
28,46,28,69,51,27,60,55,
531.000000,202.000000,0.074282,1713034240.000000,1.740220,0,1
27,33,24,64,36,23,61,59,
532.000000,202.000000,0.074075,2230850304.000000,1.741948,0,1
27,28,23,51,27,21,54,56,
533.000000,202.000000,0.073391,2299954688.000000,1.717365,0,1
26,24,21,36,23,22,41,42,
534.000000,202.000000,0.072805,1813510656.000000,1.695039,0,1
25,23,21,27,21,23,29,31,
535.000000,202.000000,0.073977,1776210176.000000,1.770687,0,1
23,21,23,23,22,23,25,28,
525.000000,203.000000,0.072394,4319605760.000000,1.582563,0,1
62,43,62,35,39,57,38,41,
526.000000,203.000000,0.072472,2700912384.000000,1.597160,0,1
67,52,67,33,50,58,34,35,
527.000000,203.000000,0.075536,2542691328.000000,1.772013,0,1
70,62,69,39,57,60,37,34,
528.000000,203.000000,0.074400,2367483904.000000,1.721134,0,1
64,67,64,50,58,61,46,41,
529.000000,203.000000,0.074311,2154181376.000000,1.726016,0,1
46,69,51,57,60,54,50,50,
530.000000,203.000000,0.074438,1895219456.000000,1.744455,0,1
33,64,36,58,61,41,51,56,
531.000000,203.000000,0.074093,2115982336.000000,1.737113,0,1
28,51,27,60,54,29,55,57,
535.000000,203.000000,0.074981,1662468736.000000,1.837460,0,1
21,21,23,29,25,24,31,32,
530.000000,204.000000,0.074171,2113869312.000000,1.754577,0,1
51,60,54,50,55,56,50,47,
531.000000,204.000000,0.074662,3003049984.000000,1.775838,0,1
36,61,41,51,59,42,56,48,
533.000000,204.000000,0.075971,2520642560.000000,1.890952,0,1
23,41,25,59,42,28,55,48,
535.000000,204.000000,0.076254,2682203648.000000,1.917928,0,1
22,25,25,42,28,27,40,47,
673.000000,34.000000,0.021225,28654802944.000000,0.594988,0,1
56,49,98,51,97,131,71,121,
651.000000,38.000000,0.020758,27242059776.000000,0.533175,0,1
98,128,72,91,80,89,87,59,
652.000000,41.000000,0.020752,12614279168.000000,0.532632,0,1
66,59,92,61,68,101,57,74,
667.000000,41.000000,0.020777,26548697088.000000,0.564503,0,1
89,115,60,121,86,54,98,59,
652.000000,42.000000,0.020734,16792936448.000000,0.531640,0,1
66,56,90,61,74,103,59,78,
652.000000,43.000000,0.020742,22117777408.000000,0.531191,0,1
68,57,97,67,74,100,62,83,
652.000000,49.000000,0.020965,27115421696.000000,0.533659,0,1
81,64,103,65,84,104,61,77,
665.000000,50.000000,0.021600,26753982464.000000,0.580191,0,1
44,46,53,51,47,107,46,61,
653.000000,56.000000,0.021304,17085237248.000000,0.541894,0,1
86,91,95,63,80,96,57,53,
652.000000,61.000000,0.020445,7107951616.000000,0.510497,0,1
65,62,66,51,73,68,69,82,
649.000000,62.000000,0.020447,8211756032.000000,0.505058,0,1
51,60,51,73,49,69,54,53,
650.000000,63.000000,0.020644,10126199808.000000,0.511497,0,1
51,49,69,54,64,82,53,76,
648.000000,64.000000,0.020463,8335847424.000000,0.502186,0,1
57,73,51,60,48,73,47,46,
649.000000,64.000000,0.020624,11047215104.000000,0.508758,0,1
49,54,64,57,53,84,44,60,
650.000000,64.000000,0.020644,11601832960.000000,0.511462,0,1
55,51,78,48,73,83,55,81,
650.000000,65.000000,0.020630,13623854080.000000,0.510455,0,1
64,53,84,44,76,86,60,87,
645.000000,68.000000,0.020655,41419464704.000000,0.498874,0,1
87,109,74,114,97,54,105,94,
650.000000,68.000000,0.020563,18794776576.000000,0.506423,0,1
81,61,100,48,85,97,71,95,
650.000000,70.000000,0.020578,21892988928.000000,0.505747,0,1
85,71,95,53,95,97,75,94,
649.000000,72.000000,0.020553,24640268288.000000,0.502071,0,1
73,54,101,52,72,101,55,77,
651.000000,74.000000,0.020401,13022242816.000000,0.501048,0,1
101,89,103,77,91,78,94,92,
655.000000,83.000000,0.020134,21454960640.000000,0.497472,0,1
39,40,38,46,39,35,37,41,
655.000000,84.000000,0.020193,21085216768.000000,0.498692,0,1
38,39,37,44,36,34,36,47,
653.000000,90.000000,0.020197,14369836032.000000,0.493147,0,1
33,32,40,30,36,43,31,46,
653.000000,91.000000,0.020177,13019205632.000000,0.491985,0,1
34,30,50,30,43,45,34,46,
483.000000,113.000000,0.012613,1267144832.000000,0.081422,0,1
61,57,62,41,68,61,58,52,
694.000000,113.000000,0.006421,3752443136.000000,0.159476,0,1
35,33,41,34,45,64,38,46,
695.000000,113.000000,0.006627,3469939712.000000,0.165484,0,1
34,36,45,35,58,71,48,64,
693.000000,114.000000,0.006446,3959012608.000000,0.159526,0,1
33,34,45,33,38,62,33,33,
694.000000,114.000000,0.006496,4388102144.000000,0.161411,0,1
36,35,58,36,48,74,33,46,
695.000000,114.000000,0.006841,4476706304.000000,0.171128,0,1
41,45,64,38,62,86,46,57,
693.000000,115.000000,0.006425,3996909824.000000,0.158961,0,1
35,36,48,32,33,64,32,31,
527.000000,198.000000,0.070435,5239837696.000000,1.901599,0,1
46,46,46,51,46,39,48,53,
528.000000,198.000000,0.070099,4888054784.000000,1.891458,0,1
46,45,44,47,43,35,45,39,
529.000000,198.000000,0.070348,9142827008.000000,1.923176,0,1
45,46,42,46,39,34,37,29,
528.000000,199.000000,0.070460,5916369920.000000,1.926216,0,1
46,46,39,48,37,28,53,64,
529.000000,199.000000,0.070347,4730949632.000000,1.927874,0,1
44,43,35,45,30,28,39,46,
530.000000,199.000000,0.070338,9343663104.000000,1.943327,0,1
42,39,34,37,28,28,29,33,
531.000000,199.000000,0.070071,12030065664.000000,1.936598,0,1
42,35,32,30,28,27,28,28,
530.000000,200.000000,0.070517,4420467712.000000,1.960859,0,1
35,30,28,39,28,27,46,51,
531.000000,200.000000,0.070658,3343864832.000000,1.984058,0,1
34,28,28,29,27,26,33,36,
532.000000,200.000000,0.070178,2302595840.000000,1.963517,0,1
32,28,27,28,27,25,28,27,
673.000000,32.000000,0.021249,37548838912.000000,0.672867,0,1
57,57,75,52,56,99,49,97,
667.000000,40.000000,0.020764,42811273216.000000,0.635163,0,1
88,113,59,123,91,49,112,73,
668.000000,46.000000,0.021644,37624799232.000000,0.666980,0,1
74,61,116,48,97,131,76,109,
664.000000,48.000000,0.020621,16385496064.000000,0.618714,0,1
66,72,48,79,49,47,56,45,
628.000000,50.000000,0.020766,43677405184.000000,0.539850,0,1
116,146,103,149,146,105,148,143,
639.000000,55.000000,0.022561,4481382400.000000,0.709345,0,1
89,80,87,58,73,74,68,72,
649.000000,65.000000,0.020623,19111084032.000000,0.572101,0,1
51,48,73,47,55,87,46,61,
649.000000,66.000000,0.020576,25766363136.000000,0.570056,0,1
53,44,76,52,60,92,46,64,
649.000000,67.000000,0.020574,30437552128.000000,0.569273,0,1
55,46,81,53,61,100,48,71,
649.000000,68.000000,0.020553,33966616576.000000,0.568038,0,1
60,46,87,54,64,98,52,73,
649.000000,71.000000,0.020573,36493471744.000000,0.566795,0,1
71,53,95,55,75,102,53,77,
656.000000,77.000000,0.020369,16060559360.000000,0.573604,0,1
37,47,34,50,38,37,39,39,
657.000000,77.000000,0.021261,26448070656.000000,0.606421,0,1
32,36,34,42,37,64,38,39,
654.000000,85.000000,0.020206,20974120960.000000,0.559139,0,1
39,44,36,69,36,38,37,37,
645.000000,89.000000,0.020416,28902461440.000000,0.545309,0,1
94,94,86,85,93,60,88,94,
694.000000,112.000000,0.006552,4122264064.000000,0.180612,0,1
40,36,34,33,36,45,35,48,
695.000000,112.000000,0.006685,3953551360.000000,0.185771,0,1
40,35,33,33,41,49,45,62,
482.000000,114.000000,0.012592,1227538688.000000,0.088966,0,1
57,41,68,35,58,73,38,36,
696.000000,114.000000,0.007557,6281421824.000000,0.212144,0,1
45,58,71,48,74,86,64,58,
697.000000,114.000000,0.007715,5139277312.000000,0.217873,0,1
49,64,74,62,86,81,79,58,
483.000000,115.000000,0.012139,1223483264.000000,0.086232,0,1
68,58,73,38,52,52,36,31,
695.000000,115.000000,0.007243,7679809536.000000,0.201723,0,1
58,48,74,33,64,80,46,47,
696.000000,115.000000,0.007484,7455987712.000000,0.209890,0,1
64,62,86,46,79,74,57,55,
694.000000,116.000000,0.006687,6295029760.000000,0.184796,0,1
48,33,64,32,46,58,31,29,
696.000000,116.000000,0.007205,8320539648.000000,0.201283,0,1
74,64,80,46,58,62,47,46,
693.000000,117.000000,0.006408,3819446272.000000,0.175823,0,1
33,32,46,31,31,47,27,26,
695.000000,117.000000,0.006923,8754480128.000000,0.192534,0,1
64,46,58,31,47,64,29,54,
694.000000,118.000000,0.006360,5282996224.000000,0.174874,0,1
46,31,47,27,29,46,26,47,
695.000000,118.000000,0.006797,10041146368.000000,0.188594,0,1
57,39,55,26,35,69,40,62,
613.000000,127.000000,0.019220,8157751296.000000,0.428468,0,1
42,45,31,27,28,30,26,30,
651.000000,40.000000,0.020854,18327435264.000000,0.688010,0,1
80,87,66,76,59,92,61,57,
651.000000,42.000000,0.020690,41091514368.000000,0.679309,0,1
59,61,68,82,57,97,67,62,
651.000000,43.000000,0.020753,46664716288.000000,0.681094,0,1
56,61,74,90,59,99,70,65,
668.000000,48.000000,0.021546,103353942016.000000,0.756378,0,1
97,76,120,47,109,131,97,119,
662.000000,49.000000,0.020591,30201726976.000000,0.697491,0,1
89,104,60,105,73,46,91,60,
665.000000,49.000000,0.021600,53931589632.000000,0.749762,0,1
48,49,47,56,44,97,45,53,
666.000000,50.000000,0.021545,88300888064.000000,0.749229,0,1
47,44,97,45,63,119,53,93,
650.000000,51.000000,0.020594,19498002432.000000,0.665147,0,1
65,79,61,68,53,77,62,45,
651.000000,51.000000,0.020913,34648809472.000000,0.680947,0,1
63,60,84,65,55,94,49,52,
667.000000,51.000000,0.021489,89996632064.000000,0.748663,0,1
97,63,119,53,117,123,93,110,
651.000000,52.000000,0.020849,29724760064.000000,0.677485,0,1
61,53,77,62,52,85,45,58,
650.000000,53.000000,0.020447,18590932992.000000,0.657559,0,1
53,62,52,72,45,71,59,48,
661.000000,58.000000,0.019843,24408811520.000000,0.656724,0,1
43,46,40,53,42,48,43,41,
660.000000,59.000000,0.019979,35190075392.000000,0.659256,0,1
46,53,42,66,43,43,46,42,
666.000000,60.000000,0.021144,29468014592.000000,0.724048,0,1
114,112,109,99,113,114,98,86,
648.000000,63.000000,0.020053,22913161216.000000,0.629506,0,1
60,73,49,73,54,64,57,44,
659.000000,66.000000,0.020967,18693189632.000000,0.693517,0,1
44,40,36,48,36,47,40,38,
645.000000,67.000000,0.020652,92233211904.000000,0.642718,0,1
76,103,67,115,96,53,110,96,
658.000000,67.000000,0.020716,16738847744.000000,0.679683,0,1
40,48,36,58,40,38,46,41,
658.000000,68.000000,0.020534,15277805568.000000,0.671471,0,1
39,47,36,54,40,43,46,41,
649.000000,69.000000,0.020586,39689338880.000000,0.649297,0,1
61,48,85,56,71,95,53,75,
646.000000,70.000000,0.020662,85097054208.000000,0.643795,0,1
75,96,56,104,75,53,89,63,
658.000000,70.000000,0.021293,28556705792.000000,0.702101,0,1
40,46,39,53,41,54,44,39,
656.000000,76.000000,0.020416,20512624640.000000,0.656799,0,1
39,48,32,54,36,34,42,38,
657.000000,76.000000,0.021302,36533899264.000000,0.696184,0,1
34,37,35,47,34,61,38,37,
654.000000,88.000000,0.020137,33656123392.000000,0.634656,0,1
37,34,48,34,37,39,34,50,
660.000000,89.000000,0.020840,66950336512.000000,0.678954,0,1
92,81,91,55,91,110,85,101,
660.000000,90.000000,0.020802,60264247296.000000,0.677002,0,1
89,80,98,60,96,109,94,101,
482.000000,113.000000,0.012523,1136786944.000000,0.099599,0,1
58,44,62,37,56,72,40,47,
610.000000,127.000000,0.019209,14345072640.000000,0.480043,0,1
51,28,47,26,26,27,25,25,
611.000000,128.000000,0.019010,3867201536.000000,0.476308,0,1
47,26,27,25,26,27,25,27,
612.000000,128.000000,0.018558,3489351680.000000,0.464669,0,1
45,27,28,25,26,30,24,31,
651.000000,36.000000,0.020799,86749429760.000000,0.798997,0,1
102,117,73,110,98,81,128,80,
650.000000,39.000000,0.020713,53598662656.000000,0.788426,0,1
128,91,80,87,87,66,76,61,
667.000000,46.000000,0.021660,69175771136.000000,0.882863,0,1
55,51,88,54,68,120,45,86,
668.000000,47.000000,0.021561,107123392512.000000,0.879719,0,1
88,68,120,45,103,131,86,114,
666.000000,49.000000,0.021526,101936168960.000000,0.869555,0,1
45,44,86,46,53,114,47,77,
650.000000,52.000000,0.020623,22116605952.000000,0.770963,0,1
60,65,55,70,49,71,56,46,
649.000000,61.000000,0.020493,24807983104.000000,0.753731,0,1
52,63,52,76,49,62,57,51,
666.000000,61.000000,0.021046,43952566272.000000,0.833651,0,1
113,109,115,93,105,96,81,95,
648.000000,62.000000,0.020466,15623688192.000000,0.748611,0,1
63,76,49,76,57,55,73,48,
647.000000,63.000000,0.020328,27452291072.000000,0.738241,0,1
76,76,57,68,73,51,60,47,
665.000000,63.000000,0.021189,11669853184.000000,0.836488,0,1
98,72,86,50,84,97,109,123,
659.000000,64.000000,0.020673,22793283584.000000,0.791625,0,1
43,43,43,50,44,38,40,36,
648.000000,65.000000,0.020496,27460554752.000000,0.747856,0,1
54,57,53,56,44,76,52,46,
659.000000,65.000000,0.020690,22449213440.000000,0.790660,0,1
43,42,40,50,39,41,39,36,
648.000000,66.000000,0.020532,36496744448.000000,0.748637,0,1
48,47,55,67,46,81,53,48,
648.000000,67.000000,0.020531,45837234176.000000,0.747822,0,1
44,52,60,74,46,87,54,52,
659.000000,67.000000,0.021259,36171759616.000000,0.818025,0,1
39,39,36,47,36,50,40,39,
648.000000,68.000000,0.020548,57465528320.000000,0.747861,0,1
46,53,61,75,48,85,56,53,
659.000000,68.000000,0.021296,45553082368.000000,0.819139,0,1
36,40,38,46,38,62,41,41,
646.000000,69.000000,0.020615,120980414464.000000,0.744212,0,1
74,97,54,105,77,52,94,72,
648.000000,71.000000,0.020601,64569458688.000000,0.748218,0,1
52,56,73,72,54,101,52,55,
650.000000,78.000000,0.020467,69140750336.000000,0.743289,0,1
92,83,93,63,101,83,80,95,
485.000000,79.000000,0.013559,6882535424.000000,0.159601,0,1
57,76,69,102,57,109,100,69,
486.000000,79.000000,0.013432,6664521728.000000,0.159268,0,1
67,56,110,89,65,113,64,65,
645.000000,82.000000,0.020433,83129745408.000000,0.724016,0,1
95,101,65,92,90,48,93,88,
654.000000,86.000000,0.020228,51392614400.000000,0.739636,0,1
37,41,41,55,37,42,34,37,
645.000000,88.000000,0.020447,58093514752.000000,0.721364,0,1
95,92,77,86,96,56,88,87,
645.000000,110.000000,0.020119,28738500608.000000,0.699826,0,1
47,71,32,68,42,27,50,28,
649.000000,37.000000,0.020802,100654096384.000000,0.902271,0,1
112,87,131,81,103,92,84,79,
649.000000,38.000000,0.020771,110625947648.000000,0.899176,0,1
110,80,128,97,91,80,87,76,
666.000000,40.000000,0.020719,49414074368.000000,0.950997,0,1
108,123,89,120,115,60,121,98,
666.000000,41.000000,0.020668,46679642112.000000,0.946755,0,1
113,123,91,114,112,58,114,79,
663.000000,48.000000,0.020514,29736060928.000000,0.919626,0,1
86,89,57,104,60,44,73,51,
665.000000,48.000000,0.021615,71782924288.000000,0.995237,0,1
54,57,45,60,44,86,46,47,
668.000000,49.000000,0.021529,124963168256.000000,0.999575,0,1
103,86,122,53,114,128,107,124,
667.000000,52.000000,0.021489,137988325376.000000,0.990277,0,1
107,77,124,61,121,118,100,102,
647.000000,64.000000,0.020475,66653089792.000000,0.847599,0,1
73,73,54,68,57,53,56,52,
665.000000,64.000000,0.021169,30987511808.000000,0.951732,0,1
81,65,95,81,122,126,118,120,
648.000000,70.000000,0.020596,88394637312.000000,0.852712,0,1
48,56,71,75,53,95,55,53,
658.000000,71.000000,0.021365,67237875712.000000,0.932418,0,1
41,46,41,51,41,58,42,37,
658.000000,73.000000,0.021247,36905324544.000000,0.923797,0,1
41,42,45,44,37,65,34,35,
655.000000,92.000000,0.021085,81440923648.000000,0.891300,0,1
43,60,37,46,42,50,50,36,
649.000000,39.000000,0.020751,126813716480.000000,0.993757,0,1
103,84,112,106,79,69,91,80,
666.000000,42.000000,0.020712,56545415168.000000,1.050644,0,1
115,121,86,111,98,55,103,59,
664.000000,47.000000,0.020689,34372747264.000000,1.035612,0,1
77,86,54,89,57,45,60,46,
661.000000,55.000000,0.020118,43746852864.000000,0.976527,0,1
71,58,44,53,44,38,46,43,
649.000000,56.000000,0.020773,87287226368.000000,0.974280,0,1
59,66,48,74,50,63,70,53,
665.000000,60.000000,0.021254,93020069888.000000,1.065319,0,1
106,94,113,67,109,115,93,81,
651.000000,62.000000,0.020749,52528693248.000000,0.973949,0,1
62,51,73,49,69,83,64,84,
665.000000,62.000000,0.021212,51380801536.000000,1.060358,0,1
109,93,105,66,81,85,65,122,
648.000000,69.000000,0.020589,93991264256.000000,0.945308,0,1
46,54,64,77,52,87,56,54,
649.000000,73.000000,0.020554,62106902528.000000,0.943388,0,1
75,53,94,52,77,98,57,78,
651.000000,75.000000,0.020421,69955895296.000000,0.940803,0,1
98,88,94,78,88,69,92,93,
649.000000,76.000000,0.020528,128501800960.000000,0.939245,0,1
77,57,94,50,79,92,61,86,
651.000000,77.000000,0.020505,103296245760.000000,0.944663,0,1
88,92,78,83,93,61,101,102,
649.000000,36.000000,0.020862,159735955456.000000,1.098736,0,1
124,104,117,79,110,98,80,91,
650.000000,36.000000,0.020835,150189719552.000000,1.100712,0,1
116,112,97,87,131,71,103,112,
649.000000,40.000000,0.020711,124033744896.000000,1.081326,0,1
91,87,87,111,76,59,99,82,
650.000000,40.000000,0.020737,98071445504.000000,1.087256,0,1
112,79,69,91,68,66,80,61,
650.000000,43.000000,0.020688,158058086400.000000,1.079322,0,1
61,82,57,112,67,74,93,72,
666.000000,43.000000,0.020700,53368020992.000000,1.144699,0,1
112,114,73,104,79,61,80,51,
665.000000,44.000000,0.020739,26156103680.000000,1.142501,0,1
114,104,79,102,80,55,77,54,
665.000000,45.000000,0.020784,32959047680.000000,1.144728,0,1
103,91,59,96,62,61,66,48,
667.000000,47.000000,0.021658,173156204544.000000,1.221595,0,1
61,48,97,48,76,120,47,97,
667.000000,49.000000,0.021583,266688020480.000000,1.212741,0,1
76,47,109,44,97,121,63,117,
666.000000,51.000000,0.021557,225165623296.000000,1.203672,0,1
53,47,107,46,77,124,61,100,
650.000000,62.000000,0.020728,77633732608.000000,1.059178,0,1
52,49,62,57,55,80,51,73,
664.000000,63.000000,0.021234,121803456512.000000,1.154975,0,1
93,66,81,42,65,95,81,118,
651.000000,76.000000,0.020431,120260583424.000000,1.026809,0,1
91,94,84,79,92,62,95,98,
487.000000,77.000000,0.013501,12889643008.000000,0.217877,0,1
111,70,115,57,104,105,69,109,
650.000000,77.000000,0.020490,125237428224.000000,1.096377,0,1
94,79,92,61,95,78,86,99,
487.000000,78.000000,0.013571,12208464896.000000,0.217762,0,1
111,67,111,56,110,111,65,105,
650.000000,37.000000,0.020851,237705265152.000000,1.179507,0,1
117,110,98,80,128,72,91,87,
666.000000,47.000000,0.021666,120148262912.000000,1.304913,0,1
51,54,68,57,45,103,44,53,
667.000000,48.000000,0.021625,314568474624.000000,1.304231,0,1
68,45,103,44,86,122,53,107,
662.000000,51.000000,0.020528,68309630976.000000,1.181811,0,1
73,91,51,82,60,46,87,49,
650.000000,57.000000,0.020777,107399061504.000000,1.143584,0,1
48,50,63,70,45,57,53,51,
650.000000,61.000000,0.020691,149800419328.000000,1.131466,0,1
51,51,62,60,51,73,49,64,
651.000000,61.000000,0.020646,149965225984.000000,1.132097,0,1
61,52,68,49,62,78,55,78,
647.000000,71.000000,0.020647,216744640512.000000,1.103380,0,1
56,75,53,89,55,75,63,52,
648.000000,72.000000,0.020633,121881165824.000000,1.105527,0,1
53,55,75,63,53,94,52,57,
649.000000,74.000000,0.020560,188375613440.000000,1.102099,0,1
72,55,89,51,77,91,57,79,
649.000000,77.000000,0.020552,253531258880.000000,1.098544,0,1
78,58,92,50,83,93,63,80,
484.000000,78.000000,0.013634,10950088704.000000,0.228093,0,1
74,86,57,91,76,69,102,100,
651.000000,78.000000,0.020466,108990996480.000000,1.097906,0,1
92,95,78,86,98,59,99,100,
650.000000,79.000000,0.020452,327249559552.000000,1.093116,0,1
95,86,98,59,99,89,76,95,
651.000000,79.000000,0.020410,244635877376.000000,1.094167,0,1
93,101,83,80,102,63,95,96,
650.000000,82.000000,0.020493,308515602432.000000,1.093781,0,1
95,78,96,53,96,84,76,90,
650.000000,83.000000,0.020491,283878785024.000000,1.092756,0,1
95,79,94,47,95,78,72,85,
651.000000,85.000000,0.020451,248757272576.000000,1.092402,0,1
92,90,76,69,84,41,77,59,
651.000000,87.000000,0.020429,122183974912.000000,1.089125,0,1
84,77,55,52,59,34,53,38,
649.000000,88.000000,0.020425,109742145536.000000,1.079318,0,1
63,43,65,56,46,46,42,38,
660.000000,91.000000,0.020920,244969553920.000000,1.165987,0,1
91,85,102,69,101,111,98,101,
650.000000,84.000000,0.020518,309764194304.000000,1.143453,0,1
96,76,92,43,90,76,69,77,
651.000000,84.000000,0.020471,278740074496.000000,1.143892,0,1
94,95,78,72,89,44,85,74,
648.000000,85.000000,0.020471,250257833984.000000,1.129881,0,1
47,45,72,74,43,85,48,43,
660.000000,86.000000,0.021071,334181433344.000000,1.234898,0,1
95,77,103,47,88,105,78,89,
645.000000,87.000000,0.020500,212988887040.000000,1.117371,0,1
90,95,78,84,94,51,94,93,
664.000000,62.000000,0.021351,158775164928.000000,1.330518,0,1
99,73,98,54,72,86,50,109,
657.000000,71.000000,0.020622,197825429504.000000,1.220254,0,1
46,53,41,65,44,43,49,38,
657.000000,72.000000,0.020564,221735616512.000000,1.213943,0,1
46,51,41,69,42,45,44,34,
656.000000,75.000000,0.020451,194247540736.000000,1.196686,0,1
44,55,34,56,37,35,47,38,
314.000000,76.000000,0.010351,37575430144.000000,0.305700,0,1
85,74,104,56,88,120,69,99,
315.000000,76.000000,0.010326,30706006016.000000,0.302286,0,1
89,85,121,68,116,109,95,118,
314.000000,77.000000,0.010376,35163783168.000000,0.305721,0,1
85,68,116,58,95,119,69,98,
315.000000,78.000000,0.010353,31368216576.000000,0.301514,0,1
116,95,119,69,118,108,98,112,
649.000000,78.000000,0.020512,354779889664.000000,1.169057,0,1
79,61,95,50,86,98,59,76,
650.000000,80.000000,0.020485,464690249728.000000,1.169035,0,1
101,80,102,56,95,93,78,96,
651.000000,81.000000,0.020449,422925500416.000000,1.169248,0,1
102,95,93,78,96,66,96,92,
651.000000,82.000000,0.020479,338402377728.000000,1.171063,0,1
100,95,94,79,94,53,95,89,
651.000000,83.000000,0.020492,328226045952.000000,1.171292,0,1
96,96,84,76,92,46,90,84,
650.000000,85.000000,0.020522,287533203456.000000,1.168096,0,1
95,72,89,43,85,69,63,65,
650.000000,86.000000,0.020509,227407904768.000000,1.166002,0,1
90,69,84,42,77,55,52,53,
650.000000,41.000000,0.020707,205330792448.000000,1.256391,0,1
87,76,59,99,61,68,82,67,
650.000000,42.000000,0.020705,225233960960.000000,1.254430,0,1
68,80,56,105,61,74,90,70,
628.000000,49.000000,0.020775,313100337152.000000,1.160985,0,1
95,139,95,147,137,89,148,146,
663.000000,49.000000,0.020441,71036125184.000000,1.268688,0,1
72,79,49,91,56,44,66,50,
663.000000,62.000000,0.021380,181460402176.000000,1.342316,0,1
67,53,93,43,66,81,42,81,
657.000000,74.000000,0.020401,226761326592.000000,1.209801,0,1
42,44,37,55,34,51,37,34,
658.000000,74.000000,0.021325,225763753984.000000,1.302204,0,1
39,38,47,39,35,74,32,34,
313.000000,76.000000,0.010265,25556193280.000000,0.352298,0,1
82,63,85,61,68,116,58,69,
313.000000,77.000000,0.010310,28176084992.000000,0.353106,0,1
74,56,88,60,69,119,58,69,
658.000000,77.000000,0.021286,303829417984.000000,1.294738,0,1
35,34,61,38,37,89,37,40,
658.000000,78.000000,0.021256,264815181824.000000,1.291008,0,1
34,37,64,38,39,87,39,41,
650.000000,81.000000,0.020491,419163537408.000000,1.182659,0,1
99,76,100,56,95,94,79,95,
658.000000,82.000000,0.021154,363716444160.000000,1.277314,0,1
41,38,67,38,41,80,35,43,
648.000000,73.000000,0.020587,199396818944.000000,1.195514,0,1
54,52,72,66,55,89,51,57,
312.000000,76.000000,0.010189,26680035328.000000,0.489102,0,1
76,66,74,74,56,88,60,58,
658.000000,76.000000,0.021275,292218011648.000000,1.296860,0,1
35,32,53,36,34,91,37,39,
312.000000,77.000000,0.010206,23911655424.000000,0.489463,0,1
63,61,68,68,58,95,58,56,
312.000000,78.000000,0.010165,24331466752.000000,0.485603,0,1
56,60,69,62,58,99,55,55,
661.000000,84.000000,0.021016,339913736192.000000,1.277633,0,1
91,90,109,75,101,108,92,97,
660.000000,85.000000,0.021036,609301102592.000000,1.274480,0,1
90,75,101,46,92,107,73,92,
661.000000,85.000000,0.021026,271607939072.000000,1.276546,0,1
104,95,105,77,103,110,88,101,
659.000000,86.000000,0.021041,603083636736.000000,1.270290,0,1
75,46,92,37,73,97,51,81,
661.000000,86.000000,0.020975,437072789504.000000,1.271128,0,1
101,92,107,73,97,109,92,91,
661.000000,87.000000,0.020941,386008055808.000000,1.266714,0,1
103,88,105,78,101,110,89,98,
660.000000,92.000000,0.020909,305613012992.000000,1.255543,0,1
96,94,101,78,101,111,98,101,
663.000000,50.000000,0.020493,132129005568.000000,1.273485,0,1
60,73,46,91,51,47,60,48,
665.000000,61.000000,0.021369,217425707008.000000,1.352446,0,1
112,99,113,73,98,104,72,84,
661.000000,72.000000,0.021321,326065258496.000000,1.319691,0,1
87,58,99,45,78,101,65,96,
657.000000,73.000000,0.020443,317994696704.000000,1.217611,0,1
44,49,39,67,38,47,39,32,
657.000000,86.000000,0.021112,383419908096.000000,1.269189,0,1
34,38,46,47,37,73,42,38,
659.000000,89.000000,0.021000,644998627328.000000,1.263289,0,1
78,54,89,37,80,98,60,94,
659.000000,90.000000,0.020984,631070588928.000000,1.260628,0,1
81,55,91,39,85,102,69,98,
659.000000,91.000000,0.020967,658762170368.000000,1.258219,0,1
80,60,96,44,94,101,78,98,
659.000000,92.000000,0.020952,642905604096.000000,1.255976,0,1
85,69,101,50,98,101,83,100,
655.000000,93.000000,0.021031,351456362496.000000,1.246932,0,1
45,58,37,46,40,57,43,34,
659.000000,93.000000,0.020938,599803822080.000000,1.254139,0,1
94,78,101,57,98,101,89,100,
665.000000,56.000000,0.021470,324059660288.000000,1.367900,0,1
79,51,95,37,76,106,67,106,
665.000000,57.000000,0.021453,286428200960.000000,1.364667,0,1
77,55,95,40,91,104,82,112,
664.000000,61.000000,0.021367,460050104320.000000,1.347586,0,1
94,67,109,53,93,105,66,65,
663.000000,66.000000,0.021356,660450246656.000000,1.335182,0,1
81,75,118,47,107,120,88,101,
659.000000,70.000000,0.021389,429113344000.000000,1.318807,0,1
38,41,47,46,41,87,41,45,
659.000000,71.000000,0.021376,384020512768.000000,1.315434,0,1
39,41,54,44,43,85,39,47,
659.000000,72.000000,0.021338,205936984064.000000,1.313460,0,1
41,41,58,42,45,78,37,51,
647.000000,73.000000,0.020631,239307259904.000000,1.193813,0,1
55,63,53,83,52,77,69,51,
661.000000,73.000000,0.021267,369166286848.000000,1.313734,0,1
85,59,89,47,83,107,74,107,
656.000000,74.000000,0.020494,371247677440.000000,1.215903,0,1
49,67,38,64,39,35,48,36,
649.000000,75.000000,0.020625,231241302016.000000,1.198751,0,1
77,57,88,51,78,88,58,83,
658.000000,75.000000,0.021293,403423428608.000000,1.297873,0,1
37,34,51,37,35,82,34,37,
652.000000,81.000000,0.020390,670022238208.000000,1.183286,0,1
89,100,69,95,94,45,94,78,
657.000000,84.000000,0.021179,369169006592.000000,1.276192,0,1
37,37,42,36,34,75,38,37,
646.000000,89.000000,0.020432,485731336192.000000,1.156403,0,1
77,96,56,88,87,42,87,84,
665.000000,46.000000,0.020696,145769660416.000000,1.304823,0,1
80,77,51,86,54,68,57,44,
645.000000,65.000000,0.020553,245799534592.000000,1.188608,0,1
68,84,60,108,76,47,103,96,
664.000000,65.000000,0.021350,378277789696.000000,1.341122,0,1
65,81,122,75,118,125,107,112,
660.000000,87.000000,0.021010,453458395136.000000,1.268784,0,1
92,73,97,51,92,106,81,91,
659.000000,88.000000,0.021029,486834077696.000000,1.265568,0,1
73,51,92,38,81,91,55,85,
656.000000,89.000000,0.021123,307844186112.000000,1.262131,0,1
42,46,38,40,36,55,43,37,
666.000000,57.000000,0.021428,312077418496.000000,1.367405,0,1
95,76,106,67,103,101,106,113,
665.000000,58.000000,0.021402,477515415552.000000,1.359161,0,1
76,67,103,48,106,108,94,109,
666.000000,62.000000,0.021606,83720167424.000000,1.375898,0,1
113,98,104,72,86,80,84,127,
664.000000,64.000000,0.021348,263897104384.000000,1.344954,0,1
72,50,84,51,109,127,103,117,
663.000000,65.000000,0.021347,565288566784.000000,1.336559,0,1
50,51,109,41,103,123,84,105,
662.000000,67.000000,0.021338,786185519104.000000,1.328672,0,1
75,47,107,38,88,112,62,100,
661.000000,70.000000,0.021338,503351312384.000000,1.321785,0,1
62,47,100,41,87,108,58,78,
660.000000,78.000000,0.021190,590589067264.000000,1.295321,0,1
91,64,104,39,87,104,63,86,
646.000000,87.000000,0.020434,545432567808.000000,1.157327,0,1
74,95,48,92,77,43,96,87,
657.000000,87.000000,0.021107,430044413952.000000,1.266023,0,1
35,42,47,48,38,78,39,37,
656.000000,92.000000,0.021015,414824333312.000000,1.248317,0,1
36,45,44,58,37,78,40,35,
655.000000,94.000000,0.021027,262182354944.000000,1.245249,0,1
42,50,36,45,36,65,40,33,
651.000000,108.000000,0.020757,187008532480.000000,1.195472,0,1
28,30,25,28,26,46,26,27,
652.000000,108.000000,0.020686,185006309376.000000,1.192817,0,1
27,26,38,27,26,65,26,31,
651.000000,109.000000,0.020732,202421420032.000000,1.192531,0,1
26,27,26,27,26,53,26,29,
651.000000,110.000000,0.020742,135414865920.000000,1.193238,0,1
26,26,28,26,27,54,27,29,
653.000000,117.000000,0.020583,36023672832.000000,1.186309,0,1
29,28,24,29,24,44,27,25,
654.000000,117.000000,0.020525,72068956160.000000,1.183438,0,1
27,25,33,28,27,57,25,33,
662.000000,64.000000,0.021386,447519490048.000000,1.337337,0,1
54,42,50,40,51,109,41,84,
663.000000,64.000000,0.021355,439148806144.000000,1.337619,0,1
66,42,65,38,81,122,75,107,
659.000000,69.000000,0.021427,322020409344.000000,1.323630,0,1
36,40,43,46,39,72,41,43,
661.000000,71.000000,0.021344,566976708608.000000,1.319801,0,1
72,54,106,43,85,98,59,83,
660.000000,72.000000,0.021337,356695048192.000000,1.314512,0,1
54,43,85,39,59,89,47,74,
661.000000,75.000000,0.021246,547108847616.000000,1.307505,0,1
83,74,107,53,107,117,91,104,
646.000000,77.000000,0.020572,635354087424.000000,1.179095,0,1
67,91,50,99,62,61,87,63,
660.000000,77.000000,0.021238,640438304768.000000,1.300045,0,1
82,61,110,37,89,111,67,81,
645.000000,78.000000,0.020573,459770068992.000000,1.173889,0,1
91,99,62,92,87,50,100,95,
659.000000,78.000000,0.021222,568229167104.000000,1.293474,0,1
61,37,89,37,67,99,40,69,
487.000000,79.000000,0.013695,16226762752.000000,0.265278,0,1
104,69,113,57,109,95,64,98,
645.000000,80.000000,0.020529,349138157568.000000,1.167877,0,1
87,100,63,94,95,49,101,90,
652.000000,80.000000,0.020394,417272463360.000000,1.182591,0,1
83,102,63,95,93,48,96,84,
649.000000,81.000000,0.020570,538053443584.000000,1.185251,0,1
80,56,95,49,78,96,53,76,
659.000000,82.000000,0.021134,641988034560.000000,1.279532,0,1
69,41,82,37,64,91,42,75,
658.000000,83.000000,0.021140,473820758016.000000,1.275404,0,1
41,37,64,37,42,90,34,46,
654.000000,84.000000,0.020376,360997748736.000000,1.184345,0,1
40,46,39,76,37,34,41,37,
660.000000,84.000000,0.021104,451262578688.000000,1.278997,0,1
80,68,104,43,95,105,77,88,
664.000000,58.000000,0.021430,630839246848.000000,1.356553,0,1
55,40,91,41,82,114,57,99,
646.000000,64.000000,0.020579,414896848896.000000,1.194434,0,1
76,68,73,84,60,48,76,67,
647.000000,69.000000,0.020574,457078112256.000000,1.195819,0,1
53,75,48,96,56,71,75,55,
660.000000,74.000000,0.021267,503583408128.000000,1.306860,0,1
59,47,83,35,74,107,53,91,
648.000000,75.000000,0.020592,314413514752.000000,1.192517,0,1
55,51,77,67,57,94,50,61,
648.000000,76.000000,0.020588,394035429376.000000,1.189847,0,1
57,51,78,64,58,92,50,63,
661.000000,76.000000,0.021248,543700811776.000000,1.306515,0,1
96,82,115,61,110,118,89,99,
652.000000,82.000000,0.020435,634414104576.000000,1.183479,0,1
93,96,66,96,84,40,92,76,
660.000000,83.000000,0.021092,433628676096.000000,1.278524,0,1
82,64,91,42,90,109,75,92,
659.000000,87.000000,0.021068,461931544576.000000,1.268713,0,1
77,47,88,38,78,101,54,80,
646.000000,90.000000,0.020455,427529142272.000000,1.154022,0,1
86,93,60,88,80,43,94,93,
647.000000,90.000000,0.020434,568592957440.000000,1.156595,0,1
56,87,42,87,63,38,84,75,
658.000000,94.000000,0.020969,619535925248.000000,1.249618,0,1
78,57,98,35,89,101,72,92,
659.000000,94.000000,0.020957,499407060992.000000,1.252147,0,1
98,83,101,65,100,100,93,100,
658.000000,95.000000,0.020958,610953330688.000000,1.247785,0,1
83,65,100,37,93,100,74,97,
659.000000,95.000000,0.020931,438701522944.000000,1.250079,0,1
98,89,101,72,100,99,92,103,
646.000000,96.000000,0.020371,362811031552.000000,1.143028,0,1
102,97,84,85,91,50,86,76,
659.000000,96.000000,0.020918,362280321024.000000,1.248087,0,1
100,93,100,74,100,99,97,105,
646.000000,100.000000,0.020361,464889413632.000000,1.140226,0,1
76,91,48,83,63,33,78,49,
481.000000,113.000000,0.013180,1505538944.000000,0.170862,0,1
44,38,57,44,41,68,35,38,
481.000000,114.000000,0.012661,1375948288.000000,0.163981,0,1
44,37,56,41,40,69,35,35,
481.000000,115.000000,0.012399,1190383616.000000,0.162748,0,1
41,35,58,37,38,52,35,32,
482.000000,115.000000,0.012005,1251768704.000000,0.158288,0,1
56,40,69,35,47,55,35,32,
611.000000,126.000000,0.019326,151233396736.000000,0.912348,0,1
58,51,75,28,47,33,26,26,
663.000000,63.000000,0.021388,321762426880.000000,1.342451,0,1
73,54,72,42,50,84,51,103,
646.000000,65.000000,0.020601,387372515328.000000,1.201805,0,1
73,68,57,94,56,44,87,74,
661.000000,65.000000,0.021382,344072060928.000000,1.332028,0,1
42,40,51,39,41,103,36,50,
660.000000,66.000000,0.021409,493952532480.000000,1.328727,0,1
40,39,41,39,36,84,36,43,
662.000000,66.000000,0.021351,747514363904.000000,1.330932,0,1
51,41,103,36,84,117,50,94,
647.000000,68.000000,0.020566,475976728576.000000,1.196654,0,1
52,74,46,97,54,64,77,56,
662.000000,68.000000,0.021345,990917754880.000000,1.326700,0,1
84,50,105,43,94,107,72,106,
661.000000,69.000000,0.021365,637445537792.000000,1.323057,0,1
50,43,94,39,72,106,54,85,
660.000000,71.000000,0.021380,329671278592.000000,1.317852,0,1
47,41,87,41,58,99,45,65,
659.000000,73.000000,0.021325,256271286272.000000,1.307057,0,1
43,39,59,38,47,83,35,53,
646.000000,75.000000,0.020595,535321444352.000000,1.186594,0,1
66,96,51,100,67,57,91,62,
646.000000,76.000000,0.020582,271761915904.000000,1.183266,0,1
69,95,51,103,64,58,87,62,
646.000000,78.000000,0.020577,419784228864.000000,1.181032,0,1
64,87,50,94,62,63,91,64,
648.000000,80.000000,0.020519,327188348928.000000,1.179866,0,1
63,50,80,64,56,95,49,53,
653.000000,80.000000,0.020417,614035554304.000000,1.187421,0,1
59,89,46,100,69,40,94,53,
653.000000,81.000000,0.020411,736248791040.000000,1.186296,0,1
63,93,48,96,66,39,84,46,
649.000000,82.000000,0.020558,622202322944.000000,1.183825,0,1
76,56,95,48,79,94,47,72,
654.000000,82.000000,0.020393,508919021568.000000,1.187139,0,1
48,66,39,84,40,38,46,37,
647.000000,83.000000,0.020489,490038165504.000000,1.170564,0,1
49,64,53,87,46,76,67,46,
659.000000,83.000000,0.021133,721146347520.000000,1.277762,0,1
67,41,80,35,68,104,43,77,
647.000000,84.000000,0.020477,489315762176.000000,1.168424,0,1
48,64,47,88,45,72,74,48,
659.000000,85.000000,0.021111,723070025728.000000,1.274321,0,1
68,43,95,35,77,103,47,78,
646.000000,88.000000,0.020465,568230281216.000000,1.159984,0,1
78,94,51,94,86,43,93,80,
657.000000,88.000000,0.021118,279888691200.000000,1.270308,0,1
37,42,51,46,38,81,36,39,
658.000000,90.000000,0.021023,612089790464.000000,1.257460,0,1
54,37,80,36,60,96,44,78,
646.000000,91.000000,0.020444,376199348224.000000,1.155629,0,1
87,87,63,97,84,47,101,97,
658.000000,91.000000,0.021008,637438263296.000000,1.255583,0,1
55,39,85,37,69,101,50,83,
658.000000,92.000000,0.020997,615567458304.000000,1.254131,0,1
60,44,94,37,78,101,57,89,
658.000000,93.000000,0.020991,609792819200.000000,1.252576,0,1
69,50,98,36,83,101,65,93,
658.000000,96.000000,0.020943,395039735808.000000,1.245429,0,1
89,72,100,39,92,100,80,101,
658.000000,97.000000,0.020920,505922355200.000000,1.243433,0,1
93,74,100,45,97,101,87,103,
659.000000,97.000000,0.020902,335011643392.000000,1.245339,0,1
100,92,100,80,103,98,101,105,
612.000000,127.000000,0.019368,82854920192.000000,0.924373,0,1
75,47,33,26,27,30,26,26,
664.000000,59.000000,0.021419,608416825344.000000,1.357351,0,1
67,48,106,43,94,113,67,93,
665.000000,59.000000,0.021389,546358198272.000000,1.357392,0,1
91,82,114,57,112,109,99,98,
645.000000,66.000000,0.020596,368491724800.000000,1.213205,0,1
68,94,56,112,87,52,109,97,
647.000000,66.000000,0.020561,334970945536.000000,1.215544,0,1
57,56,44,87,52,60,74,54,
661.000000,67.000000,0.021351,719920365568.000000,1.330639,0,1
41,36,84,36,50,105,43,72,
660.000000,69.000000,0.021375,456851161088.000000,1.327340,0,1
38,38,62,41,47,100,41,58,
661.000000,74.000000,0.021254,649795731456.000000,1.311134,0,1
78,65,95,51,96,112,82,110,
660.000000,75.000000,0.021291,259400925184.000000,1.307370,0,1
65,51,96,35,82,115,61,89,
647.000000,76.000000,0.020568,514538209280.000000,1.201547,0,1
51,67,57,91,50,79,62,50,
647.000000,77.000000,0.020566,585286090752.000000,1.200022,0,1
51,64,58,87,50,83,62,50,
645.000000,79.000000,0.020557,469696118784.000000,1.190841,0,1
87,94,62,95,91,50,104,95,
649.000000,80.000000,0.020578,829003464704.000000,1.203941,0,1
86,59,99,49,76,100,56,79,
655.000000,80.000000,0.020351,433532207104.000000,1.200389,0,1
39,46,39,69,40,38,45,38,
659.000000,84.000000,0.021108,476411265024.000000,1.279732,0,1
64,42,90,34,75,101,46,73,
658.000000,86.000000,0.021105,718515929088.000000,1.297654,0,1
43,35,77,42,47,88,38,54,
654.000000,87.000000,0.020300,183985405952.000000,1.185100,0,1
36,37,47,41,37,42,33,40,
656.000000,93.000000,0.021017,456914075648.000000,1.255103,0,1
37,42,50,50,36,83,36,37,
657.000000,96.000000,0.020941,403016482816.000000,1.248317,0,1
65,37,93,33,74,100,45,87,
657.000000,97.000000,0.020911,594346901504.000000,1.244825,0,1
72,39,92,33,80,103,54,93,
662.000000,65.000000,0.021350,729933545472.000000,1.361181,0,1
42,38,81,36,75,118,47,88,
660.000000,73.000000,0.021256,339516882944.000000,1.333462,0,1
58,45,78,37,65,95,51,82,
647.000000,78.000000,0.020561,503644684288.000000,1.221212,0,1
50,62,61,87,50,86,63,49,
646.000000,79.000000,0.020528,621199425536.000000,1.213266,0,1
62,87,50,100,63,59,95,65,
647.000000,79.000000,0.020517,599069884416.000000,1.215448,0,1
50,62,63,91,50,80,64,49,
648.000000,79.000000,0.020583,537669533696.000000,1.225551,0,1
61,50,86,63,59,99,49,56,
646.000000,81.000000,0.020494,561587159040.000000,1.207959,0,1
63,95,49,101,65,56,90,64,
648.000000,81.000000,0.020496,595756253184.000000,1.214620,0,1
59,49,76,65,56,95,48,47,
647.000000,82.000000,0.020477,183526850560.000000,1.209696,0,1
49,65,56,90,48,79,64,45,
646.000000,83.000000,0.020479,589194657792.000000,1.204176,0,1
65,90,48,93,64,47,88,74,
646.000000,84.000000,0.020470,558940356608.000000,1.201884,0,1
64,87,46,94,67,43,90,78,
647.000000,85.000000,0.020447,340893728768.000000,1.201818,0,1
46,67,43,90,46,69,78,51,
648.000000,86.000000,0.020450,298500653056.000000,1.203811,0,1
43,46,69,78,42,77,51,43,
658.000000,87.000000,0.021069,643360817152.000000,1.294059,0,1
46,37,73,42,51,92,38,55,
646.000000,92.000000,0.020425,266602135552.000000,1.190085,0,1
80,94,70,98,93,50,102,102,
652.000000,110.000000,0.020687,198324764672.000000,1.224543,0,1
26,26,53,26,31,61,29,29,
653.000000,116.000000,0.020547,51862470656.000000,1.215065,0,1
34,29,27,29,25,33,28,25,
646.000000,68.000000,0.020559,567597793280.000000,1.256352,0,1
67,96,53,110,75,48,96,75,
660.000000,68.000000,0.021360,486425165824.000000,1.379126,0,1
36,36,50,40,43,94,39,54,
660.000000,70.000000,0.021335,640140378112.000000,1.373714,0,1
43,39,72,41,54,106,43,59,
654.000000,81.000000,0.020376,601894813696.000000,1.244315,0,1
46,69,40,94,45,38,53,39,
648.000000,82.000000,0.020531,489557065728.000000,1.240417,0,1
56,49,78,64,53,96,46,43,
648.000000,83.000000,0.020561,380367306752.000000,1.241754,0,1
56,48,79,64,47,95,45,43,
648.000000,84.000000,0.020526,342157754368.000000,1.237516,0,1
53,46,76,67,43,90,46,42,
652.000000,84.000000,0.020413,309911650304.000000,1.239788,0,1
84,92,46,90,76,37,84,55,
658.000000,89.000000,0.021021,597313650688.000000,1.312899,0,1
51,38,81,36,55,91,39,69,
646.000000,93.000000,0.020418,323194716160.000000,1.211208,0,1
84,101,75,100,97,54,103,97,
692.000000,114.000000,0.005836,10195176448.000000,0.288265,0,1
33,32,35,31,36,48,32,32,
692.000000,116.000000,0.005693,6505493504.000000,0.288447,0,1
36,32,33,32,32,46,31,27,
664.000000,60.000000,0.021376,702485299200.000000,1.446914,0,1
82,57,112,47,99,113,73,72,
653.000000,82.000000,0.020383,703967789056.000000,1.276124,0,1
69,94,45,94,53,38,78,44,
652.000000,85.000000,0.020401,466022498304.000000,1.271758,0,1
78,89,44,85,69,36,74,41,
647.000000,88.000000,0.020399,575761416192.000000,1.250480,0,1
48,77,43,96,56,46,87,63,
647.000000,89.000000,0.020405,609293500416.000000,1.250051,0,1
51,86,43,93,60,42,80,70,
648.000000,91.000000,0.020376,419591487488.000000,1.248978,0,1
42,63,38,84,47,34,75,54,
647.000000,92.000000,0.020381,545376370688.000000,1.244715,0,1
63,84,47,101,75,41,97,87,
648.000000,93.000000,0.020344,516911202304.000000,1.243824,0,1
47,75,41,97,54,36,87,54,
646.000000,94.000000,0.020338,253952327680.000000,1.235313,0,1
93,102,82,98,102,54,97,91,
647.000000,94.000000,0.020357,508595961856.000000,1.240594,0,1
75,97,54,103,87,41,97,79,
646.000000,95.000000,0.020342,289738326016.000000,1.234907,0,1
97,103,87,94,97,54,88,85,
657.000000,95.000000,0.020933,359682473984.000000,1.332121,0,1
57,35,89,34,72,100,39,80,
655.000000,96.000000,0.020960,284664102912.000000,1.327775,0,1
36,40,37,44,33,74,35,37,
647.000000,97.000000,0.020319,475281293312.000000,1.234959,0,1
84,91,50,86,68,36,76,48,
609.000000,124.000000,0.019204,64368300032.000000,0.952474,0,1
31,29,34,29,30,58,28,28,
609.000000,125.000000,0.019278,80082190336.000000,0.958808,0,1
30,29,42,28,30,79,27,25,
610.000000,125.000000,0.019282,118693396480.000000,0.965682,0,1
34,30,58,28,51,75,28,26,
609.000000,126.000000,0.019298,82552946688.000000,0.961081,0,1
30,28,51,27,28,47,26,25,
663.000000,61.000000,0.021382,539210055680.000000,1.493523,0,1
57,47,99,42,73,98,54,50,
659.000000,74.000000,0.021260,422203850752.000000,1.443476,0,1
45,37,65,34,51,96,35,61,
649.000000,79.000000,0.020520,911466692608.000000,1.322260,0,1
83,63,101,50,80,102,56,78,
646.000000,80.000000,0.020500,480159563776.000000,1.308120,0,1
62,91,50,104,64,56,95,64,
652.000000,83.000000,0.020417,601366528000.000000,1.316880,0,1
94,94,53,95,78,39,89,69,
653.000000,83.000000,0.020394,560884547584.000000,1.318149,0,1
66,84,40,92,46,39,76,41,
653.000000,84.000000,0.020381,522312417280.000000,1.315540,0,1
53,78,39,89,44,36,69,37,
653.000000,85.000000,0.020365,453093883904.000000,1.312866,0,1
46,76,37,84,41,41,55,34,
646.000000,86.000000,0.020427,619295670272.000000,1.340571,0,1
67,90,46,95,78,42,94,86,
647.000000,86.000000,0.020418,505951879168.000000,1.293872,0,1
45,74,43,95,48,63,77,56,
652.000000,86.000000,0.020399,342186164224.000000,1.311470,0,1
76,84,41,77,55,37,59,34,
648.000000,87.000000,0.020424,223097487360.000000,1.296859,0,1
43,48,63,77,43,65,56,42,
650.000000,87.000000,0.020511,178546966528.000000,1.314061,0,1
85,63,74,43,65,41,46,44,
658.000000,88.000000,0.021037,579890380800.000000,1.398232,0,1
47,38,78,39,54,89,37,60,
656.000000,91.000000,0.021020,326919815168.000000,1.386402,0,1
36,43,39,60,37,69,42,36,
657.000000,92.000000,0.020990,539939405824.000000,1.385896,0,1
39,37,69,42,50,98,36,65,
647.000000,93.000000,0.020366,548240556032.000000,1.281566,0,1
70,93,50,102,82,42,102,84,
657.000000,94.000000,0.020940,545512751104.000000,1.378417,0,1
50,36,83,36,65,100,37,74,
647.000000,96.000000,0.020323,405966684160.000000,1.274521,0,1
87,97,54,88,79,37,85,55,
657.000000,98.000000,0.020876,506556547072.000000,1.368670,0,1
74,45,97,37,87,105,62,94,
652.000000,107.000000,0.020699,193088651264.000000,1.326635,0,1
29,28,36,30,25,56,26,28,
652.000000,109.000000,0.020663,178461458432.000000,1.321945,0,1
25,26,46,26,28,72,27,31,
693.000000,112.000000,0.004735,3686019840.000000,0.336175,0,1
39,34,35,33,33,41,34,38,
611.000000,124.000000,0.019284,128705347584.000000,0.985488,0,1
34,34,39,30,58,36,51,47,
612.000000,124.000000,0.019320,125551222784.000000,0.996730,0,1
35,38,33,42,55,31,79,45,
611.000000,125.000000,0.019313,190699896832.000000,0.988523,0,1
38,42,55,30,79,42,36,27,
610.000000,126.000000,0.019281,76887818240.000000,0.977625,0,1
42,30,79,27,36,45,25,25,
612.000000,126.000000,0.019332,139684790272.000000,0.999027,0,1
55,79,42,36,45,31,27,26,
632.000000,136.000000,0.019312,1637638912.000000,1.139547,0,1
30,35,27,34,28,27,29,27,
646.000000,67.000000,0.020532,813538017280.000000,1.450959,0,1
56,87,52,109,74,46,97,77,
647.000000,67.000000,0.020509,528653746176.000000,1.388120,0,1
47,67,46,96,53,61,75,56,
647.000000,75.000000,0.020531,730661847040.000000,1.373810,0,1
52,69,57,95,51,78,64,50,
659.000000,75.000000,0.021223,833006010368.000000,1.571397,0,1
47,35,74,32,53,107,34,64,
648.000000,77.000000,0.020560,465151295488.000000,1.378246,0,1
57,50,79,62,61,95,50,59,
656.000000,79.000000,0.020259,349058695168.000000,1.371671,0,1
38,39,37,46,39,40,40,38,
647.000000,80.000000,0.020470,601529450496.000000,1.358835,0,1
50,63,59,95,49,76,65,48,
649.000000,83.000000,0.020527,972030869504.000000,1.368219,0,1
78,53,96,46,76,92,43,69,
649.000000,84.000000,0.020550,838034063360.000000,1.369249,0,1
79,47,95,45,72,89,43,63,
658.000000,84.000000,0.021097,638846697472.000000,1.537622,0,1
41,35,68,34,43,95,35,47,
649.000000,85.000000,0.020534,725899214848.000000,1.365942,0,1
76,43,90,46,69,84,42,52,
658.000000,85.000000,0.021084,814353809408.000000,1.534675,0,1
42,34,75,38,46,92,37,51,
649.000000,86.000000,0.020528,629737455616.000000,1.425884,0,1
72,43,85,48,63,74,43,46,
653.000000,86.000000,0.020346,530423349248.000000,1.424173,0,1
44,69,36,74,37,47,41,33,
647.000000,87.000000,0.020410,899487694848.000000,1.401028,0,1
46,78,42,94,51,52,86,60,
649.000000,87.000000,0.020461,288175128576.000000,1.418022,0,1
69,42,77,51,52,59,43,42,
652.000000,87.000000,0.020394,386901803008.000000,1.423649,0,1
69,74,37,65,41,37,46,32,
653.000000,87.000000,0.020332,384486899712.000000,1.421107,0,1
41,55,37,59,34,48,34,34,
648.000000,88.000000,0.020401,627348602880.000000,1.403544,0,1
42,51,52,86,43,53,60,43,
650.000000,88.000000,0.020457,257444200448.000000,1.419764,0,1
77,52,59,43,53,34,42,34,
651.000000,88.000000,0.020404,123818344448.000000,1.418990,0,1
74,65,41,46,46,33,44,30,
652.000000,88.000000,0.020374,214000975872.000000,1.419968,0,1
55,59,34,53,34,37,38,30,
653.000000,88.000000,0.020272,256698564608.000000,1.412960,0,1
37,41,37,46,33,46,32,36,
648.000000,89.000000,0.020379,652956991488.000000,1.399688,0,1
43,56,46,87,42,44,63,47,
649.000000,89.000000,0.020378,310949937152.000000,1.404546,0,1
52,43,53,60,42,38,43,40,
650.000000,89.000000,0.020410,103431495680.000000,1.413112,0,1
65,46,46,42,44,32,38,34,
651.000000,89.000000,0.020409,74347847680.000000,1.417862,0,1
59,53,34,42,38,34,34,30,
652.000000,89.000000,0.020303,106540851200.000000,1.410519,0,1
41,46,33,44,32,40,30,31,
653.000000,89.000000,0.020158,110248550400.000000,1.399514,0,1
34,34,37,38,34,42,30,43,
657.000000,89.000000,0.021036,520400666624.000000,1.519351,0,1
38,39,54,42,37,80,36,44,
648.000000,90.000000,0.020387,687140962304.000000,1.399234,0,1
43,60,42,80,43,34,70,50,
649.000000,90.000000,0.020367,393420767232.000000,1.401959,0,1
46,42,44,63,38,30,47,41,
650.000000,90.000000,0.020335,112988872704.000000,1.403363,0,1
53,42,38,43,34,30,40,35,
651.000000,90.000000,0.020321,26116296704.000000,1.406717,0,1
46,44,32,38,30,36,34,31,
656.000000,90.000000,0.021058,599073226752.000000,1.516338,0,1
39,42,37,50,36,60,45,37,
657.000000,90.000000,0.021008,446405541888.000000,1.445459,0,1
38,36,55,43,39,85,37,50,
647.000000,91.000000,0.020386,654479196160.000000,1.333732,0,1
60,80,43,94,70,40,93,82,
649.000000,91.000000,0.020373,396585336832.000000,1.401407,0,1
42,43,34,70,40,30,50,42,
650.000000,91.000000,0.020330,187947827200.000000,1.401583,0,1
44,38,30,47,34,31,41,36,
651.000000,91.000000,0.020357,66467516416.000000,1.409445,0,1
38,34,30,40,30,43,35,31,
652.000000,91.000000,0.020301,194177794048.000000,1.408082,0,1
32,30,36,34,31,60,31,35,
657.000000,91.000000,0.021006,640639303680.000000,1.444365,0,1
37,36,60,45,44,94,37,57,
648.000000,92.000000,0.020355,719925936128.000000,1.393148,0,1
43,70,40,93,50,35,82,54,
649.000000,92.000000,0.020341,376863916032.000000,1.396699,0,1
38,47,34,75,41,31,54,41,
651.000000,92.000000,0.020324,114238791680.000000,1.404735,0,1
30,34,31,41,31,46,36,32,
652.000000,92.000000,0.020229,208486957056.000000,1.399175,0,1
30,30,43,35,34,58,31,39,
650.000000,93.000000,0.020293,266879565824.000000,1.395054,0,1
34,41,31,54,36,35,41,34,
651.000000,93.000000,0.020237,106222419968.000000,1.393902,0,1
30,35,34,42,31,46,35,32,
652.000000,93.000000,0.020109,137875750912.000000,1.384663,0,1
31,31,46,36,35,50,32,39,
648.000000,94.000000,0.020336,850202394624.000000,1.388716,0,1
50,82,42,102,54,35,84,50,
649.000000,94.000000,0.020305,561096228864.000000,1.390362,0,1
41,54,36,87,41,32,54,37,
650.000000,94.000000,0.020293,312234737664.000000,1.394064,0,1
35,42,31,54,35,39,39,34,
651.000000,94.000000,0.020198,193411268608.000000,1.388375,0,1
31,36,35,41,32,45,34,33,
656.000000,94.000000,0.020957,468806631424.000000,1.432104,0,1
37,40,57,43,35,89,34,39,
647.000000,95.000000,0.020333,590882799616.000000,1.323941,0,1
82,102,54,97,84,39,91,68,
649.000000,95.000000,0.020305,523736449024.000000,1.389291,0,1
42,54,35,84,39,32,50,36,
650.000000,95.000000,0.020284,311176462336.000000,1.392051,0,1
36,41,32,54,34,39,37,33,
651.000000,95.000000,0.020183,208494772224.000000,1.385964,0,1
31,35,39,39,32,44,34,36,
656.000000,95.000000,0.020930,501059715072.000000,1.428244,0,1
36,36,65,40,37,93,33,45,
648.000000,96.000000,0.020310,608829702144.000000,1.383728,0,1
54,84,39,91,50,34,68,39,
649.000000,96.000000,0.020302,402786516992.000000,1.387996,0,1
41,54,34,79,37,33,44,34,
650.000000,96.000000,0.020280,269077577728.000000,1.390515,0,1
35,39,32,50,34,43,36,33,
656.000000,96.000000,0.020898,653537181696.000000,1.491195,0,1
35,34,72,37,39,92,33,54,
648.000000,97.000000,0.020297,492264357888.000000,1.381360,0,1
54,79,37,85,44,33,55,35,
649.000000,97.000000,0.020293,312375869440.000000,1.386037,0,1
39,50,34,68,36,36,39,32,
650.000000,97.000000,0.020250,205741916160.000000,1.386299,0,1
34,37,33,44,33,48,34,33,
656.000000,97.000000,0.020881,686747418624.000000,1.488369,0,1
37,33,74,35,45,97,37,62,
647.000000,98.000000,0.020336,564516225024.000000,1.379550,0,1
79,85,44,88,55,34,72,42,
648.000000,98.000000,0.020298,503113875456.000000,1.380566,0,1
50,68,36,76,39,33,48,33,
649.000000,98.000000,0.020263,272269606912.000000,1.381870,0,1
37,44,33,55,34,41,35,32,
650.000000,98.000000,0.020169,195707715584.000000,1.376395,0,1
34,36,36,39,33,47,32,33,
656.000000,98.000000,0.020852,615308001280.000000,1.484071,0,1
39,33,80,34,54,101,40,70,
647.000000,99.000000,0.020311,530458836992.000000,1.375826,0,1
68,76,39,91,48,32,63,37,
649.000000,99.000000,0.020254,242269323264.000000,1.379953,0,1
36,39,33,48,32,40,33,32,
650.000000,99.000000,0.020137,180178993152.000000,1.372101,0,1
33,34,41,35,33,44,32,34,
647.000000,100.000000,0.020318,566468542464.000000,1.375730,0,1
55,72,35,86,42,32,54,35,
648.000000,100.000000,0.020281,347494514688.000000,1.376915,0,1
39,48,32,63,33,33,37,31,
649.000000,100.000000,0.020212,200076066816.000000,1.374564,0,1
34,35,33,42,32,40,31,32,
646.000000,101.000000,0.020327,409555763200.000000,1.313662,0,1
72,86,42,84,54,31,71,44,
647.000000,101.000000,0.020308,453632425984.000000,1.373870,0,1
48,63,33,78,37,32,49,34,
649.000000,101.000000,0.020201,232295120896.000000,1.372507,0,1
32,33,33,37,32,38,31,33,
646.000000,102.000000,0.020327,510030938112.000000,1.369619,0,1
63,78,37,85,49,31,63,40,
647.000000,102.000000,0.020325,353583595520.000000,1.374958,0,1
42,54,31,71,35,32,44,33,
648.000000,102.000000,0.020297,230217695232.000000,1.377241,0,1
33,37,32,49,31,36,34,31,
647.000000,103.000000,0.020320,308494303232.000000,1.373606,0,1
37,49,31,63,34,33,40,33,
648.000000,103.000000,0.020248,176451731456.000000,1.371046,0,1
31,35,32,44,31,37,33,31,
647.000000,104.000000,0.020302,295034650624.000000,1.370950,0,1
35,44,31,57,33,33,39,32,
646.000000,108.000000,0.020287,342717693952.000000,1.361667,0,1
39,52,31,66,34,29,43,30,
653.000000,108.000000,0.020655,349717987328.000000,1.376969,0,1
36,25,56,26,46,77,28,54,
646.000000,109.000000,0.020285,344282333184.000000,1.361195,0,1
37,47,30,71,32,27,42,27,
647.000000,109.000000,0.020247,181112471552.000000,1.362630,0,1
31,34,29,43,28,27,30,25,
653.000000,109.000000,0.020604,376581881856.000000,1.434928,0,1
38,26,65,26,53,74,31,46,
646.000000,110.000000,0.020291,292137697280.000000,1.361711,0,1
34,43,28,71,30,26,34,25,
647.000000,110.000000,0.020249,177044815872.000000,1.362622,0,1
30,32,27,42,27,26,27,25,
654.000000,116.000000,0.020415,67322445824.000000,1.417924,0,1
33,29,30,28,24,46,24,33,
